URL,Page Type,Status,Indexable,Canonical,Sitemap Eligible,Source,Approval Basis
/,STATIC_OR_HUB,PUBLISHED,YES,/,YES,existing-route,Existing public route; retained without creating a new programmatic page.
/about,STATIC_OR_HUB,PUBLISHED,YES,/about,YES,existing-route,Existing public route; retained without creating a new programmatic page.
/contact,STATIC_OR_HUB,PUBLISHED,YES,/contact,YES,existing-route,Existing public route; retained without creating a new programmatic page.
/privacy-policy,STATIC_OR_HUB,PUBLISHED,YES,/privacy-policy,YES,existing-route,Existing public route; retained without creating a new programmatic page.
/brands,STATIC_OR_HUB,PUBLISHED,YES,/brands,YES,existing-route,Existing public route; retained without creating a new programmatic page.
/blogs,STATIC_OR_HUB,PUBLISHED,YES,/blogs,YES,existing-route,Existing public route; retained without creating a new programmatic page.
/locations,STATIC_OR_HUB,PUBLISHED,YES,/locations,YES,existing-route,Existing public route; retained without creating a new programmatic page.
/corporate-gifting,STATIC_OR_HUB,PUBLISHED,YES,/corporate-gifting,YES,existing-route,Existing public route; retained without creating a new programmatic page.
/industries,STATIC_OR_HUB,PUBLISHED,YES,/industries,YES,existing-route,Existing public route; retained without creating a new programmatic page.
/use-cases,STATIC_OR_HUB,PUBLISHED,YES,/use-cases,YES,existing-route,Existing public route; retained without creating a new programmatic page.
/sitemap,STATIC_OR_HUB,PUBLISHED,YES,/sitemap,YES,existing-route,Existing public route; retained without creating a new programmatic page.
/diwali-special,STATIC_OR_HUB,PUBLISHED,YES,/diwali-special,YES,existing-route,Existing public route; retained without creating a new programmatic page.
/delhi/corporate-gifts,LOCATION,PUBLISHED,YES,/delhi/corporate-gifts,YES,existing-location-route,Existing public route; retained without creating a new programmatic page.
/noida/corporate-gifts,LOCATION,PUBLISHED,YES,/noida/corporate-gifts,YES,existing-location-route,Existing public route; retained without creating a new programmatic page.
/greater-noida/corporate-gifts,LOCATION,PUBLISHED,YES,/greater-noida/corporate-gifts,YES,existing-location-route,Existing public route; retained without creating a new programmatic page.
/gurgaon/corporate-gifts,LOCATION,PUBLISHED,YES,/gurgaon/corporate-gifts,YES,existing-location-route,Existing public route; retained without creating a new programmatic page.
/faridabad/corporate-gifts,LOCATION,PUBLISHED,YES,/faridabad/corporate-gifts,YES,existing-location-route,Existing public route; retained without creating a new programmatic page.
/ghaziabad/corporate-gifts,LOCATION,PUBLISHED,YES,/ghaziabad/corporate-gifts,YES,existing-location-route,Existing public route; retained without creating a new programmatic page.
/apparel-and-accessories,CATEGORY,PUBLISHED,YES,/apparel-and-accessories,YES,catalog,Existing public route; retained without creating a new programmatic page.
/apparel-and-accessories/polo-t-shirts,SUBCATEGORY,PUBLISHED,YES,/apparel-and-accessories/polo-t-shirts,YES,catalog,Existing public route; retained without creating a new programmatic page.
/apparel-and-accessories/polo-t-shirts/classic-white-polo-t-shirt,PRODUCT,PUBLISHED,YES,/apparel-and-accessories/polo-t-shirts/classic-white-polo-t-shirt,YES,catalog,Existing public route; retained without creating a new programmatic page.
/apparel-and-accessories/polo-t-shirts/navy-blue-polo-t-shirt,PRODUCT,PUBLISHED,YES,/apparel-and-accessories/polo-t-shirts/navy-blue-polo-t-shirt,YES,catalog,Existing public route; retained without creating a new programmatic page.
/apparel-and-accessories/polo-t-shirts/black-polo-t-shirt,PRODUCT,PUBLISHED,YES,/apparel-and-accessories/polo-t-shirts/black-polo-t-shirt,YES,catalog,Existing public route; retained without creating a new programmatic page.
/apparel-and-accessories/polo-t-shirts/grey-polo-t-shirt,PRODUCT,PUBLISHED,YES,/apparel-and-accessories/polo-t-shirts/grey-polo-t-shirt,YES,catalog,Existing public route; retained without creating a new programmatic page.
/apparel-and-accessories/polo-t-shirts/red-polo-t-shirt,PRODUCT,PUBLISHED,YES,/apparel-and-accessories/polo-t-shirts/red-polo-t-shirt,YES,catalog,Existing public route; retained without creating a new programmatic page.
/apparel-and-accessories/polo-t-shirts/royal-blue-polo-t-shirt,PRODUCT,PUBLISHED,YES,/apparel-and-accessories/polo-t-shirts/royal-blue-polo-t-shirt,YES,catalog,Existing public route; retained without creating a new programmatic page.
/apparel-and-accessories/polo-t-shirts/green-polo-t-shirt,PRODUCT,PUBLISHED,YES,/apparel-and-accessories/polo-t-shirts/green-polo-t-shirt,YES,catalog,Existing public route; retained without creating a new programmatic page.
/apparel-and-accessories/polo-t-shirts/yellow-polo-t-shirt,PRODUCT,PUBLISHED,YES,/apparel-and-accessories/polo-t-shirts/yellow-polo-t-shirt,YES,catalog,Existing public route; retained without creating a new programmatic page.
/apparel-and-accessories/polo-t-shirts/maroon-polo-t-shirt,PRODUCT,PUBLISHED,YES,/apparel-and-accessories/polo-t-shirts/maroon-polo-t-shirt,YES,catalog,Existing public route; retained without creating a new programmatic page.
/apparel-and-accessories/polo-t-shirts/sky-blue-polo-t-shirt,PRODUCT,PUBLISHED,YES,/apparel-and-accessories/polo-t-shirts/sky-blue-polo-t-shirt,YES,catalog,Existing public route; retained without creating a new programmatic page.
/apparel-and-accessories/polo-t-shirts/orange-polo-t-shirt,PRODUCT,PUBLISHED,YES,/apparel-and-accessories/polo-t-shirts/orange-polo-t-shirt,YES,catalog,Existing public route; retained without creating a new programmatic page.
/apparel-and-accessories/polo-t-shirts/purple-polo-t-shirt,PRODUCT,PUBLISHED,YES,/apparel-and-accessories/polo-t-shirts/purple-polo-t-shirt,YES,catalog,Existing public route; retained without creating a new programmatic page.
/apparel-and-accessories/polo-t-shirts/pink-polo-t-shirt,PRODUCT,PUBLISHED,YES,/apparel-and-accessories/polo-t-shirts/pink-polo-t-shirt,YES,catalog,Existing public route; retained without creating a new programmatic page.
/apparel-and-accessories/polo-t-shirts/olive-polo-t-shirt,PRODUCT,PUBLISHED,YES,/apparel-and-accessories/polo-t-shirts/olive-polo-t-shirt,YES,catalog,Existing public route; retained without creating a new programmatic page.
/apparel-and-accessories/round-neck-t-shirts,SUBCATEGORY,PUBLISHED,YES,/apparel-and-accessories/round-neck-t-shirts,YES,catalog,Existing public route; retained without creating a new programmatic page.
/apparel-and-accessories/round-neck-t-shirts/classic-white-round-neck-t-shirt,PRODUCT,PUBLISHED,YES,/apparel-and-accessories/round-neck-t-shirts/classic-white-round-neck-t-shirt,YES,catalog,Existing public route; retained without creating a new programmatic page.
/apparel-and-accessories/round-neck-t-shirts/classic-black-round-neck-t-shirt,PRODUCT,PUBLISHED,YES,/apparel-and-accessories/round-neck-t-shirts/classic-black-round-neck-t-shirt,YES,catalog,Existing public route; retained without creating a new programmatic page.
/apparel-and-accessories/round-neck-t-shirts/navy-blue-round-neck-t-shirt,PRODUCT,PUBLISHED,YES,/apparel-and-accessories/round-neck-t-shirts/navy-blue-round-neck-t-shirt,YES,catalog,Existing public route; retained without creating a new programmatic page.
/apparel-and-accessories/round-neck-t-shirts/light-grey-round-neck-t-shirt,PRODUCT,PUBLISHED,YES,/apparel-and-accessories/round-neck-t-shirts/light-grey-round-neck-t-shirt,YES,catalog,Existing public route; retained without creating a new programmatic page.
/apparel-and-accessories/round-neck-t-shirts/classic-red-round-neck-t-shirt,PRODUCT,PUBLISHED,YES,/apparel-and-accessories/round-neck-t-shirts/classic-red-round-neck-t-shirt,YES,catalog,Existing public route; retained without creating a new programmatic page.
/apparel-and-accessories/round-neck-t-shirts/forest-green-round-neck-t-shirt,PRODUCT,PUBLISHED,YES,/apparel-and-accessories/round-neck-t-shirts/forest-green-round-neck-t-shirt,YES,catalog,Existing public route; retained without creating a new programmatic page.
/apparel-and-accessories/round-neck-t-shirts/bright-biege-round-neck-t-shirt,PRODUCT,PUBLISHED,YES,/apparel-and-accessories/round-neck-t-shirts/bright-biege-round-neck-t-shirt,YES,catalog,Existing public route; retained without creating a new programmatic page.
/apparel-and-accessories/round-neck-t-shirts/maroon-round-neck-t-shirt,PRODUCT,PUBLISHED,YES,/apparel-and-accessories/round-neck-t-shirts/maroon-round-neck-t-shirt,YES,catalog,Existing public route; retained without creating a new programmatic page.
/apparel-and-accessories/round-neck-t-shirts/olive-round-neck-t-shirt,PRODUCT,PUBLISHED,YES,/apparel-and-accessories/round-neck-t-shirts/olive-round-neck-t-shirt,YES,catalog,Existing public route; retained without creating a new programmatic page.
/apparel-and-accessories/round-neck-t-shirts/dark-blue-round-neck-t-shirt,PRODUCT,PUBLISHED,YES,/apparel-and-accessories/round-neck-t-shirts/dark-blue-round-neck-t-shirt,YES,catalog,Existing public route; retained without creating a new programmatic page.
/apparel-and-accessories/caps,SUBCATEGORY,PUBLISHED,YES,/apparel-and-accessories/caps,YES,catalog,Existing public route; retained without creating a new programmatic page.
/apparel-and-accessories/caps/classic-black-baseball-cap,PRODUCT,PUBLISHED,YES,/apparel-and-accessories/caps/classic-black-baseball-cap,YES,catalog,Existing public route; retained without creating a new programmatic page.
/apparel-and-accessories/caps/classic-light-grey-baseball-cap,PRODUCT,PUBLISHED,YES,/apparel-and-accessories/caps/classic-light-grey-baseball-cap,YES,catalog,Existing public route; retained without creating a new programmatic page.
/apparel-and-accessories/caps/classic-navy-baseball-cap,PRODUCT,PUBLISHED,YES,/apparel-and-accessories/caps/classic-navy-baseball-cap,YES,catalog,Existing public route; retained without creating a new programmatic page.
/apparel-and-accessories/caps/classic-white-baseball-cap,PRODUCT,PUBLISHED,YES,/apparel-and-accessories/caps/classic-white-baseball-cap,YES,catalog,Existing public route; retained without creating a new programmatic page.
/apparel-and-accessories/caps/classic-grey-baseball-cap,PRODUCT,PUBLISHED,YES,/apparel-and-accessories/caps/classic-grey-baseball-cap,YES,catalog,Existing public route; retained without creating a new programmatic page.
/apparel-and-accessories/caps/classic-green-baseball-cap,PRODUCT,PUBLISHED,YES,/apparel-and-accessories/caps/classic-green-baseball-cap,YES,catalog,Existing public route; retained without creating a new programmatic page.
/apparel-and-accessories/caps/classic-yellow-baseball-cap,PRODUCT,PUBLISHED,YES,/apparel-and-accessories/caps/classic-yellow-baseball-cap,YES,catalog,Existing public route; retained without creating a new programmatic page.
/apparel-and-accessories/caps/classic-maroon-baseball-cap,PRODUCT,PUBLISHED,YES,/apparel-and-accessories/caps/classic-maroon-baseball-cap,YES,catalog,Existing public route; retained without creating a new programmatic page.
/apparel-and-accessories/caps/classic-orange-baseball-cap,PRODUCT,PUBLISHED,YES,/apparel-and-accessories/caps/classic-orange-baseball-cap,YES,catalog,Existing public route; retained without creating a new programmatic page.
/apparel-and-accessories/caps/classic-pink-baseball-cap,PRODUCT,PUBLISHED,YES,/apparel-and-accessories/caps/classic-pink-baseball-cap,YES,catalog,Existing public route; retained without creating a new programmatic page.
/apparel-and-accessories/caps/classic-cream-baseball-cap,PRODUCT,PUBLISHED,YES,/apparel-and-accessories/caps/classic-cream-baseball-cap,YES,catalog,Existing public route; retained without creating a new programmatic page.
/apparel-and-accessories/hats,SUBCATEGORY,PUBLISHED,YES,/apparel-and-accessories/hats,YES,catalog,Existing public route; retained without creating a new programmatic page.
/apparel-and-accessories/hats/reversible-bucket-hat,PRODUCT,PUBLISHED,YES,/apparel-and-accessories/hats/reversible-bucket-hat,YES,catalog,Existing public route; retained without creating a new programmatic page.
/apparel-and-accessories/hats/classic-baseball-cap,PRODUCT,PUBLISHED,YES,/apparel-and-accessories/hats/classic-baseball-cap,YES,catalog,Existing public route; retained without creating a new programmatic page.
/apparel-and-accessories/hats/mesh-back-trucker-hat,PRODUCT,PUBLISHED,YES,/apparel-and-accessories/hats/mesh-back-trucker-hat,YES,catalog,Existing public route; retained without creating a new programmatic page.
/apparel-and-accessories/hats/knit-beanie-winter-hat,PRODUCT,PUBLISHED,YES,/apparel-and-accessories/hats/knit-beanie-winter-hat,YES,catalog,Existing public route; retained without creating a new programmatic page.
/apparel-and-accessories/hats/sports-visor-cap,PRODUCT,PUBLISHED,YES,/apparel-and-accessories/hats/sports-visor-cap,YES,catalog,Existing public route; retained without creating a new programmatic page.
/apparel-and-accessories/hats/classic-fedora-hat,PRODUCT,PUBLISHED,YES,/apparel-and-accessories/hats/classic-fedora-hat,YES,catalog,Existing public route; retained without creating a new programmatic page.
/apparel-and-accessories/hats/military-boonie-hat,PRODUCT,PUBLISHED,YES,/apparel-and-accessories/hats/military-boonie-hat,YES,catalog,Existing public route; retained without creating a new programmatic page.
/apparel-and-accessories/hats/panama-straw-hat,PRODUCT,PUBLISHED,YES,/apparel-and-accessories/hats/panama-straw-hat,YES,catalog,Existing public route; retained without creating a new programmatic page.
/apparel-and-accessories/hats/premium-fitted-cap,PRODUCT,PUBLISHED,YES,/apparel-and-accessories/hats/premium-fitted-cap,YES,catalog,Existing public route; retained without creating a new programmatic page.
/apparel-and-accessories/hats/classic-wool-beret,PRODUCT,PUBLISHED,YES,/apparel-and-accessories/hats/classic-wool-beret,YES,catalog,Existing public route; retained without creating a new programmatic page.
/apparel-and-accessories/hats/casual-cotton-bucket-hat,PRODUCT,PUBLISHED,YES,/apparel-and-accessories/hats/casual-cotton-bucket-hat,YES,catalog,Existing public route; retained without creating a new programmatic page.
/apparel-and-accessories/corporate-shirts,SUBCATEGORY,PUBLISHED,YES,/apparel-and-accessories/corporate-shirts,YES,catalog,Existing public route; retained without creating a new programmatic page.
/apparel-and-accessories/corporate-shirts/black-corporate-shirt,PRODUCT,PUBLISHED,YES,/apparel-and-accessories/corporate-shirts/black-corporate-shirt,YES,catalog,Existing public route; retained without creating a new programmatic page.
/apparel-and-accessories/corporate-shirts/white-corporate-shirt,PRODUCT,PUBLISHED,YES,/apparel-and-accessories/corporate-shirts/white-corporate-shirt,YES,catalog,Existing public route; retained without creating a new programmatic page.
/apparel-and-accessories/corporate-shirts/purple-corporate-shirt,PRODUCT,PUBLISHED,YES,/apparel-and-accessories/corporate-shirts/purple-corporate-shirt,YES,catalog,Existing public route; retained without creating a new programmatic page.
/apparel-and-accessories/corporate-shirts/navy-corporate-shirt,PRODUCT,PUBLISHED,YES,/apparel-and-accessories/corporate-shirts/navy-corporate-shirt,YES,catalog,Existing public route; retained without creating a new programmatic page.
/apparel-and-accessories/ties,SUBCATEGORY,PUBLISHED,YES,/apparel-and-accessories/ties,YES,catalog,Existing public route; retained without creating a new programmatic page.
/apparel-and-accessories/ties/classic-silk-tie,PRODUCT,PUBLISHED,YES,/apparel-and-accessories/ties/classic-silk-tie,YES,catalog,Existing public route; retained without creating a new programmatic page.
/apparel-and-accessories/ties/formal-cotton-tie,PRODUCT,PUBLISHED,YES,/apparel-and-accessories/ties/formal-cotton-tie,YES,catalog,Existing public route; retained without creating a new programmatic page.
/apparel-and-accessories/ties/polyester-corporate-tie,PRODUCT,PUBLISHED,YES,/apparel-and-accessories/ties/polyester-corporate-tie,YES,catalog,Existing public route; retained without creating a new programmatic page.
/apparel-and-accessories/ties/striped-office-tie,PRODUCT,PUBLISHED,YES,/apparel-and-accessories/ties/striped-office-tie,YES,catalog,Existing public route; retained without creating a new programmatic page.
/apparel-and-accessories/ties/red-power-tie,PRODUCT,PUBLISHED,YES,/apparel-and-accessories/ties/red-power-tie,YES,catalog,Existing public route; retained without creating a new programmatic page.
/apparel-and-accessories/ties/royal-blue-tie,PRODUCT,PUBLISHED,YES,/apparel-and-accessories/ties/royal-blue-tie,YES,catalog,Existing public route; retained without creating a new programmatic page.
/apparel-and-accessories/ties/corporate-tie-gift-set,PRODUCT,PUBLISHED,YES,/apparel-and-accessories/ties/corporate-tie-gift-set,YES,catalog,Existing public route; retained without creating a new programmatic page.
/apparel-and-accessories/aprons,SUBCATEGORY,PUBLISHED,YES,/apparel-and-accessories/aprons,YES,catalog,Existing public route; retained without creating a new programmatic page.
/apparel-and-accessories/aprons/kitchen-apron,PRODUCT,PUBLISHED,YES,/apparel-and-accessories/aprons/kitchen-apron,YES,catalog,Existing public route; retained without creating a new programmatic page.
/apparel-and-accessories/aprons/canvas-apron,PRODUCT,PUBLISHED,YES,/apparel-and-accessories/aprons/canvas-apron,YES,catalog,Existing public route; retained without creating a new programmatic page.
/apparel-and-accessories/aprons/bib-apron,PRODUCT,PUBLISHED,YES,/apparel-and-accessories/aprons/bib-apron,YES,catalog,Existing public route; retained without creating a new programmatic page.
/apparel-and-accessories/aprons/waist-apron,PRODUCT,PUBLISHED,YES,/apparel-and-accessories/aprons/waist-apron,YES,catalog,Existing public route; retained without creating a new programmatic page.
/apparel-and-accessories/aprons/custom-printed-apron,PRODUCT,PUBLISHED,YES,/apparel-and-accessories/aprons/custom-printed-apron,YES,catalog,Existing public route; retained without creating a new programmatic page.
/apparel-and-accessories/aprons/disposable-apron,PRODUCT,PUBLISHED,YES,/apparel-and-accessories/aprons/disposable-apron,YES,catalog,Existing public route; retained without creating a new programmatic page.
/apparel-and-accessories/winter-wear,SUBCATEGORY,PUBLISHED,YES,/apparel-and-accessories/winter-wear,YES,catalog,Existing public route; retained without creating a new programmatic page.
/apparel-and-accessories/winter-wear/corporate-bomber-jacket,PRODUCT,PUBLISHED,YES,/apparel-and-accessories/winter-wear/corporate-bomber-jacket,YES,catalog,Existing public route; retained without creating a new programmatic page.
/apparel-and-accessories/winter-wear/premium-zipper-jacket,PRODUCT,PUBLISHED,YES,/apparel-and-accessories/winter-wear/premium-zipper-jacket,YES,catalog,Existing public route; retained without creating a new programmatic page.
/apparel-and-accessories/winter-wear/professional-puffer-jacket,PRODUCT,PUBLISHED,YES,/apparel-and-accessories/winter-wear/professional-puffer-jacket,YES,catalog,Existing public route; retained without creating a new programmatic page.
/apparel-and-accessories/winter-wear/executive-softshell-jacket,PRODUCT,PUBLISHED,YES,/apparel-and-accessories/winter-wear/executive-softshell-jacket,YES,catalog,Existing public route; retained without creating a new programmatic page.
/apparel-and-accessories/winter-wear/classic-corporate-jacket,PRODUCT,PUBLISHED,YES,/apparel-and-accessories/winter-wear/classic-corporate-jacket,YES,catalog,Existing public route; retained without creating a new programmatic page.
/apparel-and-accessories/winter-wear/waterproof-corporate-jacket,PRODUCT,PUBLISHED,YES,/apparel-and-accessories/winter-wear/waterproof-corporate-jacket,YES,catalog,Existing public route; retained without creating a new programmatic page.
/apparel-and-accessories/winter-wear/3-in-1-system-jacket,PRODUCT,PUBLISHED,YES,/apparel-and-accessories/winter-wear/3-in-1-system-jacket,YES,catalog,Existing public route; retained without creating a new programmatic page.
/apparel-and-accessories/winter-wear/professional-parka-jacket,PRODUCT,PUBLISHED,YES,/apparel-and-accessories/winter-wear/professional-parka-jacket,YES,catalog,Existing public route; retained without creating a new programmatic page.
/apparel-and-accessories/winter-wear/corporate-fleece-hoodie,PRODUCT,PUBLISHED,YES,/apparel-and-accessories/winter-wear/corporate-fleece-hoodie,YES,catalog,Existing public route; retained without creating a new programmatic page.
/apparel-and-accessories/winter-wear/executive-pullover-hoodie,PRODUCT,PUBLISHED,YES,/apparel-and-accessories/winter-wear/executive-pullover-hoodie,YES,catalog,Existing public route; retained without creating a new programmatic page.
/apparel-and-accessories/winter-wear/full-zip-corporate-hoodie,PRODUCT,PUBLISHED,YES,/apparel-and-accessories/winter-wear/full-zip-corporate-hoodie,YES,catalog,Existing public route; retained without creating a new programmatic page.
/apparel-and-accessories/winter-wear/performance-tech-hoodie,PRODUCT,PUBLISHED,YES,/apparel-and-accessories/winter-wear/performance-tech-hoodie,YES,catalog,Existing public route; retained without creating a new programmatic page.
/apparel-and-accessories/winter-wear/premium-logo-hoodie,PRODUCT,PUBLISHED,YES,/apparel-and-accessories/winter-wear/premium-logo-hoodie,YES,catalog,Existing public route; retained without creating a new programmatic page.
/apparel-and-accessories/winter-wear/thermal-lined-hoodie,PRODUCT,PUBLISHED,YES,/apparel-and-accessories/winter-wear/thermal-lined-hoodie,YES,catalog,Existing public route; retained without creating a new programmatic page.
/apparel-and-accessories/winter-wear/lightweight-travel-hoodie,PRODUCT,PUBLISHED,YES,/apparel-and-accessories/winter-wear/lightweight-travel-hoodie,YES,catalog,Existing public route; retained without creating a new programmatic page.
/apparel-and-accessories/winter-wear/corporate-zip-up-hoodie,PRODUCT,PUBLISHED,YES,/apparel-and-accessories/winter-wear/corporate-zip-up-hoodie,YES,catalog,Existing public route; retained without creating a new programmatic page.
/office-and-writing,CATEGORY,PUBLISHED,YES,/office-and-writing,YES,catalog,Existing public route; retained without creating a new programmatic page.
/office-and-writing/file-and-folder,SUBCATEGORY,PUBLISHED,YES,/office-and-writing/file-and-folder,YES,catalog,Existing public route; retained without creating a new programmatic page.
/office-and-writing/file-and-folder/a4-professional-document-file,PRODUCT,PUBLISHED,YES,/office-and-writing/file-and-folder/a4-professional-document-file,YES,catalog,Existing public route; retained without creating a new programmatic page.
/office-and-writing/file-and-folder/expandable-accordion-file-folder,PRODUCT,PUBLISHED,YES,/office-and-writing/file-and-folder/expandable-accordion-file-folder,YES,catalog,Existing public route; retained without creating a new programmatic page.
/office-and-writing/file-and-folder/leather-executive-file-folder,PRODUCT,PUBLISHED,YES,/office-and-writing/file-and-folder/leather-executive-file-folder,YES,catalog,Existing public route; retained without creating a new programmatic page.
/office-and-writing/file-and-folder/plastic-a4-clip-file,PRODUCT,PUBLISHED,YES,/office-and-writing/file-and-folder/plastic-a4-clip-file,YES,catalog,Existing public route; retained without creating a new programmatic page.
/office-and-writing/file-and-folder/mesh-zipper-document-bag,PRODUCT,PUBLISHED,YES,/office-and-writing/file-and-folder/mesh-zipper-document-bag,YES,catalog,Existing public route; retained without creating a new programmatic page.
/office-and-writing/file-and-folder/a4-file-storage-box,PRODUCT,PUBLISHED,YES,/office-and-writing/file-and-folder/a4-file-storage-box,YES,catalog,Existing public route; retained without creating a new programmatic page.
/office-and-writing/pen-and-writing-set,SUBCATEGORY,PUBLISHED,YES,/office-and-writing/pen-and-writing-set,YES,catalog,Existing public route; retained without creating a new programmatic page.
/office-and-writing/pen-and-writing-set/premium-metal-ball-pen,PRODUCT,PUBLISHED,YES,/office-and-writing/pen-and-writing-set/premium-metal-ball-pen,YES,catalog,Existing public route; retained without creating a new programmatic page.
/office-and-writing/pen-and-writing-set/smooth-writing-gel-pen,PRODUCT,PUBLISHED,YES,/office-and-writing/pen-and-writing-set/smooth-writing-gel-pen,YES,catalog,Existing public route; retained without creating a new programmatic page.
/office-and-writing/pen-and-writing-set/deluxe-pen-writing-set,PRODUCT,PUBLISHED,YES,/office-and-writing/pen-and-writing-set/deluxe-pen-writing-set,YES,catalog,Existing public route; retained without creating a new programmatic page.
/office-and-writing/pen-and-writing-set/economy-ball-pen,PRODUCT,PUBLISHED,YES,/office-and-writing/pen-and-writing-set/economy-ball-pen,YES,catalog,Existing public route; retained without creating a new programmatic page.
/office-and-writing/pen-and-writing-set/executive-pen-gift-set,PRODUCT,PUBLISHED,YES,/office-and-writing/pen-and-writing-set/executive-pen-gift-set,YES,catalog,Existing public route; retained without creating a new programmatic page.
/office-and-writing/pen-and-writing-set/dual-stylus-ball-pen,PRODUCT,PUBLISHED,YES,/office-and-writing/pen-and-writing-set/dual-stylus-ball-pen,YES,catalog,Existing public route; retained without creating a new programmatic page.
/office-and-writing/lanyard-and-id-card,SUBCATEGORY,PUBLISHED,YES,/office-and-writing/lanyard-and-id-card,YES,catalog,Existing public route; retained without creating a new programmatic page.
/office-and-writing/lanyard-and-id-card/premium-polyester-lanyard-id-card,PRODUCT,PUBLISHED,YES,/office-and-writing/lanyard-and-id-card/premium-polyester-lanyard-id-card,YES,catalog,Existing public route; retained without creating a new programmatic page.
/office-and-writing/lanyard-and-id-card/satin-lanyard-transparent-id-card,PRODUCT,PUBLISHED,YES,/office-and-writing/lanyard-and-id-card/satin-lanyard-transparent-id-card,YES,catalog,Existing public route; retained without creating a new programmatic page.
/office-and-writing/lanyard-and-id-card/tubular-lanyard-printed-id-card,PRODUCT,PUBLISHED,YES,/office-and-writing/lanyard-and-id-card/tubular-lanyard-printed-id-card,YES,catalog,Existing public route; retained without creating a new programmatic page.
/office-and-writing/lanyard-and-id-card/woven-branded-lanyard-pvc-id-card,PRODUCT,PUBLISHED,YES,/office-and-writing/lanyard-and-id-card/woven-branded-lanyard-pvc-id-card,YES,catalog,Existing public route; retained without creating a new programmatic page.
/office-and-writing/lanyard-and-id-card/eco-friendly-lanyard-id-card,PRODUCT,PUBLISHED,YES,/office-and-writing/lanyard-and-id-card/eco-friendly-lanyard-id-card,YES,catalog,Existing public route; retained without creating a new programmatic page.
/office-and-writing/lanyard-and-id-card/double-layer-printed-lanyard-id-card,PRODUCT,PUBLISHED,YES,/office-and-writing/lanyard-and-id-card/double-layer-printed-lanyard-id-card,YES,catalog,Existing public route; retained without creating a new programmatic page.
/office-and-writing/notebooks-and-diary-sets,SUBCATEGORY,PUBLISHED,YES,/office-and-writing/notebooks-and-diary-sets,YES,catalog,Existing public route; retained without creating a new programmatic page.
/office-and-writing/notebooks-and-diary-sets/a5-premium-hardcover-notebook,PRODUCT,PUBLISHED,YES,/office-and-writing/notebooks-and-diary-sets/a5-premium-hardcover-notebook,YES,catalog,Existing public route; retained without creating a new programmatic page.
/office-and-writing/notebooks-and-diary-sets/a5-spiral-bound-notebook,PRODUCT,PUBLISHED,YES,/office-and-writing/notebooks-and-diary-sets/a5-spiral-bound-notebook,YES,catalog,Existing public route; retained without creating a new programmatic page.
/office-and-writing/notebooks-and-diary-sets/executive-a5-pu-leather-diary,PRODUCT,PUBLISHED,YES,/office-and-writing/notebooks-and-diary-sets/executive-a5-pu-leather-diary,YES,catalog,Existing public route; retained without creating a new programmatic page.
/office-and-writing/notebooks-and-diary-sets/a5-hardbound-ruled-notebook,PRODUCT,PUBLISHED,YES,/office-and-writing/notebooks-and-diary-sets/a5-hardbound-ruled-notebook,YES,catalog,Existing public route; retained without creating a new programmatic page.
/office-and-writing/notebooks-and-diary-sets/eco-friendly-cork-notebook,PRODUCT,PUBLISHED,YES,/office-and-writing/notebooks-and-diary-sets/eco-friendly-cork-notebook,YES,catalog,Existing public route; retained without creating a new programmatic page.
/office-and-writing/notebooks-and-diary-sets/premium-notebook-diary-gift-set,PRODUCT,PUBLISHED,YES,/office-and-writing/notebooks-and-diary-sets/premium-notebook-diary-gift-set,YES,catalog,Existing public route; retained without creating a new programmatic page.
/collection,CATEGORY,PUBLISHED,YES,/collection,YES,catalog,Existing public route; retained without creating a new programmatic page.
/collection/welcome-kits,SUBCATEGORY,PUBLISHED,YES,/collection/welcome-kits,YES,catalog,Existing public route; retained without creating a new programmatic page.
/collection/welcome-kits/premium-corporate-welcome-kit,PRODUCT,PUBLISHED,YES,/collection/welcome-kits/premium-corporate-welcome-kit,YES,catalog,Existing public route; retained without creating a new programmatic page.
/collection/welcome-kits/essential-employee-welcome-kit,PRODUCT,PUBLISHED,YES,/collection/welcome-kits/essential-employee-welcome-kit,YES,catalog,Existing public route; retained without creating a new programmatic page.
/collection/welcome-kits/basic-corporate-welcome-kit,PRODUCT,PUBLISHED,YES,/collection/welcome-kits/basic-corporate-welcome-kit,YES,catalog,Existing public route; retained without creating a new programmatic page.
/collection/welcome-kits/executive-employee-welcome-kit,PRODUCT,PUBLISHED,YES,/collection/welcome-kits/executive-employee-welcome-kit,YES,catalog,Existing public route; retained without creating a new programmatic page.
/collection/welcome-kits/eco-friendly-welcome-kit,PRODUCT,PUBLISHED,YES,/collection/welcome-kits/eco-friendly-welcome-kit,YES,catalog,Existing public route; retained without creating a new programmatic page.
/collection/promotional-clocks,SUBCATEGORY,PUBLISHED,YES,/collection/promotional-clocks,YES,catalog,Existing public route; retained without creating a new programmatic page.
/collection/promotional-clocks/classic-round-promotional-wall-clock,PRODUCT,PUBLISHED,YES,/collection/promotional-clocks/classic-round-promotional-wall-clock,YES,catalog,Existing public route; retained without creating a new programmatic page.
/collection/promotional-clocks/square-promotional-wall-clock,PRODUCT,PUBLISHED,YES,/collection/promotional-clocks/square-promotional-wall-clock,YES,catalog,Existing public route; retained without creating a new programmatic page.
/collection/promotional-clocks/modern-promotional-desk-clock,PRODUCT,PUBLISHED,YES,/collection/promotional-clocks/modern-promotional-desk-clock,YES,catalog,Existing public route; retained without creating a new programmatic page.
/collection/promotional-clocks/premium-metal-wall-clock,PRODUCT,PUBLISHED,YES,/collection/promotional-clocks/premium-metal-wall-clock,YES,catalog,Existing public route; retained without creating a new programmatic page.
/collection/promotional-clocks/digital-led-desk-clock,PRODUCT,PUBLISHED,YES,/collection/promotional-clocks/digital-led-desk-clock,YES,catalog,Existing public route; retained without creating a new programmatic page.
/collection/promotional-clocks/wooden-finish-promotional-clock,PRODUCT,PUBLISHED,YES,/collection/promotional-clocks/wooden-finish-promotional-clock,YES,catalog,Existing public route; retained without creating a new programmatic page.
/collection/keychains,SUBCATEGORY,PUBLISHED,YES,/collection/keychains,YES,catalog,Existing public route; retained without creating a new programmatic page.
/collection/keychains/classic-metal-corporate-keychain,PRODUCT,PUBLISHED,YES,/collection/keychains/classic-metal-corporate-keychain,YES,catalog,Existing public route; retained without creating a new programmatic page.
/collection/keychains/premium-leather-keychain,PRODUCT,PUBLISHED,YES,/collection/keychains/premium-leather-keychain,YES,catalog,Existing public route; retained without creating a new programmatic page.
/collection/keychains/metal-ring-keychain,PRODUCT,PUBLISHED,YES,/collection/keychains/metal-ring-keychain,YES,catalog,Existing public route; retained without creating a new programmatic page.
/collection/keychains/acrylic-printed-keychain,PRODUCT,PUBLISHED,YES,/collection/keychains/acrylic-printed-keychain,YES,catalog,Existing public route; retained without creating a new programmatic page.
/collection/keychains/rectangle-metal-keychain,PRODUCT,PUBLISHED,YES,/collection/keychains/rectangle-metal-keychain,YES,catalog,Existing public route; retained without creating a new programmatic page.
/collection/keychains/round-printed-keychain,PRODUCT,PUBLISHED,YES,/collection/keychains/round-printed-keychain,YES,catalog,Existing public route; retained without creating a new programmatic page.
/collection/keychains/eco-friendly-bamboo-keychain,PRODUCT,PUBLISHED,YES,/collection/keychains/eco-friendly-bamboo-keychain,YES,catalog,Existing public route; retained without creating a new programmatic page.
/collection/keychains/led-light-keychain,PRODUCT,PUBLISHED,YES,/collection/keychains/led-light-keychain,YES,catalog,Existing public route; retained without creating a new programmatic page.
/collection/keychains/carabiner-metal-keychain,PRODUCT,PUBLISHED,YES,/collection/keychains/carabiner-metal-keychain,YES,catalog,Existing public route; retained without creating a new programmatic page.
/collection/keychains/custom-name-keychain,PRODUCT,PUBLISHED,YES,/collection/keychains/custom-name-keychain,YES,catalog,Existing public route; retained without creating a new programmatic page.
/bags-and-travel,CATEGORY,PUBLISHED,YES,/bags-and-travel,YES,catalog,Existing public route; retained without creating a new programmatic page.
/bags-and-travel/backpacks,SUBCATEGORY,PUBLISHED,YES,/bags-and-travel/backpacks,YES,catalog,Existing public route; retained without creating a new programmatic page.
/bags-and-travel/backpacks/classic-corporate-office-backpack,PRODUCT,PUBLISHED,YES,/bags-and-travel/backpacks/classic-corporate-office-backpack,YES,catalog,Existing public route; retained without creating a new programmatic page.
/bags-and-travel/backpacks/professional-laptop-backpack,PRODUCT,PUBLISHED,YES,/bags-and-travel/backpacks/professional-laptop-backpack,YES,catalog,Existing public route; retained without creating a new programmatic page.
/bags-and-travel/backpacks/economy-corporate-backpack,PRODUCT,PUBLISHED,YES,/bags-and-travel/backpacks/economy-corporate-backpack,YES,catalog,Existing public route; retained without creating a new programmatic page.
/bags-and-travel/backpacks/travel-outdoor-promotional-backpack,PRODUCT,PUBLISHED,YES,/bags-and-travel/backpacks/travel-outdoor-promotional-backpack,YES,catalog,Existing public route; retained without creating a new programmatic page.
/bags-and-travel/backpacks/anti-theft-laptop-backpack,PRODUCT,PUBLISHED,YES,/bags-and-travel/backpacks/anti-theft-laptop-backpack,YES,catalog,Existing public route; retained without creating a new programmatic page.
/bags-and-travel/backpacks/premium-executive-backpack,PRODUCT,PUBLISHED,YES,/bags-and-travel/backpacks/premium-executive-backpack,YES,catalog,Existing public route; retained without creating a new programmatic page.
/bags-and-travel/foldable-bags,SUBCATEGORY,PUBLISHED,YES,/bags-and-travel/foldable-bags,YES,catalog,Existing public route; retained without creating a new programmatic page.
/bags-and-travel/foldable-bags/compact-foldable-shopping-bag,PRODUCT,PUBLISHED,YES,/bags-and-travel/foldable-bags/compact-foldable-shopping-bag,YES,catalog,Existing public route; retained without creating a new programmatic page.
/bags-and-travel/foldable-bags/zipper-foldable-tote-bag,PRODUCT,PUBLISHED,YES,/bags-and-travel/foldable-bags/zipper-foldable-tote-bag,YES,catalog,Existing public route; retained without creating a new programmatic page.
/bags-and-travel/foldable-bags/premium-foldable-travel-bag,PRODUCT,PUBLISHED,YES,/bags-and-travel/foldable-bags/premium-foldable-travel-bag,YES,catalog,Existing public route; retained without creating a new programmatic page.
/bags-and-travel/duffle-bags,SUBCATEGORY,PUBLISHED,YES,/bags-and-travel/duffle-bags,YES,catalog,Existing public route; retained without creating a new programmatic page.
/bags-and-travel/duffle-bags/classic-sports-duffle-bag,PRODUCT,PUBLISHED,YES,/bags-and-travel/duffle-bags/classic-sports-duffle-bag,YES,catalog,Existing public route; retained without creating a new programmatic page.
/bags-and-travel/duffle-bags/travel-and-gym-duffle-bag,PRODUCT,PUBLISHED,YES,/bags-and-travel/duffle-bags/travel-and-gym-duffle-bag,YES,catalog,Existing public route; retained without creating a new programmatic page.
/bags-and-travel/duffle-bags/premium-leatherette-duffle-bag,PRODUCT,PUBLISHED,YES,/bags-and-travel/duffle-bags/premium-leatherette-duffle-bag,YES,catalog,Existing public route; retained without creating a new programmatic page.
/bags-and-travel/duffle-bags/weekender-travel-duffle-bag,PRODUCT,PUBLISHED,YES,/bags-and-travel/duffle-bags/weekender-travel-duffle-bag,YES,catalog,Existing public route; retained without creating a new programmatic page.
/bags-and-travel/tote-bags,SUBCATEGORY,PUBLISHED,YES,/bags-and-travel/tote-bags,YES,catalog,Existing public route; retained without creating a new programmatic page.
/bags-and-travel/tote-bags/premium-cotton-tote-bag,PRODUCT,PUBLISHED,YES,/bags-and-travel/tote-bags/premium-cotton-tote-bag,YES,catalog,Existing public route; retained without creating a new programmatic page.
/bags-and-travel/tote-bags/natural-jute-tote-bag,PRODUCT,PUBLISHED,YES,/bags-and-travel/tote-bags/natural-jute-tote-bag,YES,catalog,Existing public route; retained without creating a new programmatic page.
/bags-and-travel/tote-bags/premium-canvas-tote-bag,PRODUCT,PUBLISHED,YES,/bags-and-travel/tote-bags/premium-canvas-tote-bag,YES,catalog,Existing public route; retained without creating a new programmatic page.
/bags-and-travel/tote-bags/foldable-tote-bag,PRODUCT,PUBLISHED,YES,/bags-and-travel/tote-bags/foldable-tote-bag,YES,catalog,Existing public route; retained without creating a new programmatic page.
/bags-and-travel/tote-bags/printed-jute-tote-bag,PRODUCT,PUBLISHED,YES,/bags-and-travel/tote-bags/printed-jute-tote-bag,YES,catalog,Existing public route; retained without creating a new programmatic page.
/bags-and-travel/tote-bags/executive-canvas-tote-bag,PRODUCT,PUBLISHED,YES,/bags-and-travel/tote-bags/executive-canvas-tote-bag,YES,catalog,Existing public route; retained without creating a new programmatic page.
/technology-accessories,CATEGORY,PUBLISHED,YES,/technology-accessories,YES,catalog,Existing public route; retained without creating a new programmatic page.
/technology-accessories/wireless-charging,SUBCATEGORY,PUBLISHED,YES,/technology-accessories/wireless-charging,YES,catalog,Existing public route; retained without creating a new programmatic page.
/technology-accessories/wireless-charging/fast-charging-wireless-pad,PRODUCT,PUBLISHED,YES,/technology-accessories/wireless-charging/fast-charging-wireless-pad,YES,catalog,Existing public route; retained without creating a new programmatic page.
/technology-accessories/wireless-charging/wireless-charger-stand,PRODUCT,PUBLISHED,YES,/technology-accessories/wireless-charging/wireless-charger-stand,YES,catalog,Existing public route; retained without creating a new programmatic page.
/technology-accessories/wireless-charging/3-in-1-wireless-charging-dock,PRODUCT,PUBLISHED,YES,/technology-accessories/wireless-charging/3-in-1-wireless-charging-dock,YES,catalog,Existing public route; retained without creating a new programmatic page.
/technology-accessories/wireless-charging/magsafe-compatible-wireless-charger,PRODUCT,PUBLISHED,YES,/technology-accessories/wireless-charging/magsafe-compatible-wireless-charger,YES,catalog,Existing public route; retained without creating a new programmatic page.
/technology-accessories/wireless-charging/wooden-finish-wireless-charger,PRODUCT,PUBLISHED,YES,/technology-accessories/wireless-charging/wooden-finish-wireless-charger,YES,catalog,Existing public route; retained without creating a new programmatic page.
/technology-accessories/computer-accessories,SUBCATEGORY,PUBLISHED,YES,/technology-accessories/computer-accessories,YES,catalog,Existing public route; retained without creating a new programmatic page.
/technology-accessories/computer-accessories/classic-optical-usb-mouse,PRODUCT,PUBLISHED,YES,/technology-accessories/computer-accessories/classic-optical-usb-mouse,YES,catalog,Existing public route; retained without creating a new programmatic page.
/technology-accessories/computer-accessories/wireless-silent-mouse,PRODUCT,PUBLISHED,YES,/technology-accessories/computer-accessories/wireless-silent-mouse,YES,catalog,Existing public route; retained without creating a new programmatic page.
/technology-accessories/computer-accessories/ergonomic-professional-mouse,PRODUCT,PUBLISHED,YES,/technology-accessories/computer-accessories/ergonomic-professional-mouse,YES,catalog,Existing public route; retained without creating a new programmatic page.
/technology-accessories/computer-accessories/bluetooth-ultra-slim-mouse,PRODUCT,PUBLISHED,YES,/technology-accessories/computer-accessories/bluetooth-ultra-slim-mouse,YES,catalog,Existing public route; retained without creating a new programmatic page.
/technology-accessories/computer-accessories/standard-wired-office-keyboard,PRODUCT,PUBLISHED,YES,/technology-accessories/computer-accessories/standard-wired-office-keyboard,YES,catalog,Existing public route; retained without creating a new programmatic page.
/technology-accessories/computer-accessories/compact-wireless-keyboard,PRODUCT,PUBLISHED,YES,/technology-accessories/computer-accessories/compact-wireless-keyboard,YES,catalog,Existing public route; retained without creating a new programmatic page.
/technology-accessories/computer-accessories/multi-device-bluetooth-keyboard,PRODUCT,PUBLISHED,YES,/technology-accessories/computer-accessories/multi-device-bluetooth-keyboard,YES,catalog,Existing public route; retained without creating a new programmatic page.
/technology-accessories/computer-accessories/professional-mechanical-keyboard,PRODUCT,PUBLISHED,YES,/technology-accessories/computer-accessories/professional-mechanical-keyboard,YES,catalog,Existing public route; retained without creating a new programmatic page.
/technology-accessories/power-banks,SUBCATEGORY,PUBLISHED,YES,/technology-accessories/power-banks,YES,catalog,Existing public route; retained without creating a new programmatic page.
/technology-accessories/power-banks/10000mah-slim-power-bank,PRODUCT,PUBLISHED,YES,/technology-accessories/power-banks/10000mah-slim-power-bank,YES,catalog,Existing public route; retained without creating a new programmatic page.
/technology-accessories/power-banks/20000mah-fast-charging-power-bank,PRODUCT,PUBLISHED,YES,/technology-accessories/power-banks/20000mah-fast-charging-power-bank,YES,catalog,Existing public route; retained without creating a new programmatic page.
/technology-accessories/power-banks/mini-pocket-power-bank-5000mah,PRODUCT,PUBLISHED,YES,/technology-accessories/power-banks/mini-pocket-power-bank-5000mah,YES,catalog,Existing public route; retained without creating a new programmatic page.
/technology-accessories/power-banks/wireless-charging-power-bank-10000mah,PRODUCT,PUBLISHED,YES,/technology-accessories/power-banks/wireless-charging-power-bank-10000mah,YES,catalog,Existing public route; retained without creating a new programmatic page.
/technology-accessories/power-banks/solar-portable-power-bank-10000mah,PRODUCT,PUBLISHED,YES,/technology-accessories/power-banks/solar-portable-power-bank-10000mah,YES,catalog,Existing public route; retained without creating a new programmatic page.
/technology-accessories/desktop-and-mousepad,SUBCATEGORY,PUBLISHED,YES,/technology-accessories/desktop-and-mousepad,YES,catalog,Existing public route; retained without creating a new programmatic page.
/technology-accessories/desktop-and-mousepad/xl-desktop-mouse-pad,PRODUCT,PUBLISHED,YES,/technology-accessories/desktop-and-mousepad/xl-desktop-mouse-pad,YES,catalog,Existing public route; retained without creating a new programmatic page.
/technology-accessories/desktop-and-mousepad/extended-gaming-mouse-pad,PRODUCT,PUBLISHED,YES,/technology-accessories/desktop-and-mousepad/extended-gaming-mouse-pad,YES,catalog,Existing public route; retained without creating a new programmatic page.
/technology-accessories/desktop-and-mousepad/round-pu-leather-mouse-pad,PRODUCT,PUBLISHED,YES,/technology-accessories/desktop-and-mousepad/round-pu-leather-mouse-pad,YES,catalog,Existing public route; retained without creating a new programmatic page.
/technology-accessories/desktop-and-mousepad/anti-slip-rubber-mouse-pad,PRODUCT,PUBLISHED,YES,/technology-accessories/desktop-and-mousepad/anti-slip-rubber-mouse-pad,YES,catalog,Existing public route; retained without creating a new programmatic page.
/eco-products,CATEGORY,PUBLISHED,YES,/eco-products,YES,catalog,Existing public route; retained without creating a new programmatic page.
/eco-products/cork-sheet,SUBCATEGORY,PUBLISHED,YES,/eco-products/cork-sheet,YES,catalog,Existing public route; retained without creating a new programmatic page.
/eco-products/cork-sheet/1mm-medium-grain-cork-sheet,PRODUCT,PUBLISHED,YES,/eco-products/cork-sheet/1mm-medium-grain-cork-sheet,YES,catalog,Existing public route; retained without creating a new programmatic page.
/eco-products/cork-sheet/2mm-medium-grain-cork-sheet,PRODUCT,PUBLISHED,YES,/eco-products/cork-sheet/2mm-medium-grain-cork-sheet,YES,catalog,Existing public route; retained without creating a new programmatic page.
/eco-products/cork-sheet/3mm-medium-grain-cork-sheet,PRODUCT,PUBLISHED,YES,/eco-products/cork-sheet/3mm-medium-grain-cork-sheet,YES,catalog,Existing public route; retained without creating a new programmatic page.
/eco-products/cork-sheet/4mm-medium-grain-cork-sheet,PRODUCT,PUBLISHED,YES,/eco-products/cork-sheet/4mm-medium-grain-cork-sheet,YES,catalog,Existing public route; retained without creating a new programmatic page.
/eco-products/cork-corporate-gifting-combo,SUBCATEGORY,PUBLISHED,YES,/eco-products/cork-corporate-gifting-combo,YES,catalog,Existing public route; retained without creating a new programmatic page.
/eco-products/cork-corporate-gifting-combo/corporate-cork-gift-combo-a,PRODUCT,PUBLISHED,YES,/eco-products/cork-corporate-gifting-combo/corporate-cork-gift-combo-a,YES,catalog,Existing public route; retained without creating a new programmatic page.
/eco-products/cork-corporate-gifting-combo/corporate-cork-gift-combo-b,PRODUCT,PUBLISHED,YES,/eco-products/cork-corporate-gifting-combo/corporate-cork-gift-combo-b,YES,catalog,Existing public route; retained without creating a new programmatic page.
/eco-products/cork-corporate-gifting-combo/corporate-cork-gift-combo-c,PRODUCT,PUBLISHED,YES,/eco-products/cork-corporate-gifting-combo/corporate-cork-gift-combo-c,YES,catalog,Existing public route; retained without creating a new programmatic page.
/eco-products/cork-corporate-gifting-combo/corporate-cork-gift-combo-d,PRODUCT,PUBLISHED,YES,/eco-products/cork-corporate-gifting-combo/corporate-cork-gift-combo-d,YES,catalog,Existing public route; retained without creating a new programmatic page.
/eco-products/cork-coaster,SUBCATEGORY,PUBLISHED,YES,/eco-products/cork-coaster,YES,catalog,Existing public route; retained without creating a new programmatic page.
/eco-products/cork-coaster/4-piece-cork-coasters,PRODUCT,PUBLISHED,YES,/eco-products/cork-coaster/4-piece-cork-coasters,YES,catalog,Existing public route; retained without creating a new programmatic page.
/eco-products/cork-coaster/large-grain-cork-coasters,PRODUCT,PUBLISHED,YES,/eco-products/cork-coaster/large-grain-cork-coasters,YES,catalog,Existing public route; retained without creating a new programmatic page.
/eco-products/cork-coaster/natural-cork-coasters,PRODUCT,PUBLISHED,YES,/eco-products/cork-coaster/natural-cork-coasters,YES,catalog,Existing public route; retained without creating a new programmatic page.
/eco-products/cork-coaster/square-brige-cork-coasters,PRODUCT,PUBLISHED,YES,/eco-products/cork-coaster/square-brige-cork-coasters,YES,catalog,Existing public route; retained without creating a new programmatic page.
/eco-products/cork-plant-decorate,SUBCATEGORY,PUBLISHED,YES,/eco-products/cork-plant-decorate,YES,catalog,Existing public route; retained without creating a new programmatic page.
/eco-products/cork-plant-decorate/cork-multicolored-planter,PRODUCT,PUBLISHED,YES,/eco-products/cork-plant-decorate/cork-multicolored-planter,YES,catalog,Existing public route; retained without creating a new programmatic page.
/eco-products/cork-plant-decorate/cork-round-planter,PRODUCT,PUBLISHED,YES,/eco-products/cork-plant-decorate/cork-round-planter,YES,catalog,Existing public route; retained without creating a new programmatic page.
/eco-products/cork-plant-decorate/choco-chip-cork-planter,PRODUCT,PUBLISHED,YES,/eco-products/cork-plant-decorate/choco-chip-cork-planter,YES,catalog,Existing public route; retained without creating a new programmatic page.
/eco-products/cork-plant-decorate/aqua-cork-planter,PRODUCT,PUBLISHED,YES,/eco-products/cork-plant-decorate/aqua-cork-planter,YES,catalog,Existing public route; retained without creating a new programmatic page.
/eco-products/cork-serving-decorate,SUBCATEGORY,PUBLISHED,YES,/eco-products/cork-serving-decorate,YES,catalog,Existing public route; retained without creating a new programmatic page.
/eco-products/cork-serving-decorate/cork-dining-table-mat,PRODUCT,PUBLISHED,YES,/eco-products/cork-serving-decorate/cork-dining-table-mat,YES,catalog,Existing public route; retained without creating a new programmatic page.
/eco-products/cork-serving-decorate/cork-serving-tray,PRODUCT,PUBLISHED,YES,/eco-products/cork-serving-decorate/cork-serving-tray,YES,catalog,Existing public route; retained without creating a new programmatic page.
/eco-products/cork-serving-decorate/olive-cork-table-mat,PRODUCT,PUBLISHED,YES,/eco-products/cork-serving-decorate/olive-cork-table-mat,YES,catalog,Existing public route; retained without creating a new programmatic page.
/eco-products/cork-serving-decorate/natural-cork-table-mat,PRODUCT,PUBLISHED,YES,/eco-products/cork-serving-decorate/natural-cork-table-mat,YES,catalog,Existing public route; retained without creating a new programmatic page.
/eco-products/cork-horeca-range,SUBCATEGORY,PUBLISHED,YES,/eco-products/cork-horeca-range,YES,catalog,Existing public route; retained without creating a new programmatic page.
/eco-products/cork-horeca-range/round-shape-cork-ice-storage-box,PRODUCT,PUBLISHED,YES,/eco-products/cork-horeca-range/round-shape-cork-ice-storage-box,YES,catalog,Existing public route; retained without creating a new programmatic page.
/eco-products/cork-horeca-range/cork-juice-dispenser,PRODUCT,PUBLISHED,YES,/eco-products/cork-horeca-range/cork-juice-dispenser,YES,catalog,Existing public route; retained without creating a new programmatic page.
/eco-products/cork-horeca-range/cork-credit-card-holder,PRODUCT,PUBLISHED,YES,/eco-products/cork-horeca-range/cork-credit-card-holder,YES,catalog,Existing public route; retained without creating a new programmatic page.
/eco-products/cork-horeca-range/cork-dessert-display-tray-with-glass,PRODUCT,PUBLISHED,YES,/eco-products/cork-horeca-range/cork-dessert-display-tray-with-glass,YES,catalog,Existing public route; retained without creating a new programmatic page.
/eco-products/cork-premium-lighting,SUBCATEGORY,PUBLISHED,YES,/eco-products/cork-premium-lighting,YES,catalog,Existing public route; retained without creating a new programmatic page.
/eco-products/cork-premium-lighting/cork-decorative-table-lamp,PRODUCT,PUBLISHED,YES,/eco-products/cork-premium-lighting/cork-decorative-table-lamp,YES,catalog,Existing public route; retained without creating a new programmatic page.
/eco-products/cork-premium-lighting/square-shaped-cork-table-lamp,PRODUCT,PUBLISHED,YES,/eco-products/cork-premium-lighting/square-shaped-cork-table-lamp,YES,catalog,Existing public route; retained without creating a new programmatic page.
/eco-products/cork-premium-lighting/tall-cork-table-lamp,PRODUCT,PUBLISHED,YES,/eco-products/cork-premium-lighting/tall-cork-table-lamp,YES,catalog,Existing public route; retained without creating a new programmatic page.
/eco-products/cork-premium-lighting/cork-hanging-lamp,PRODUCT,PUBLISHED,YES,/eco-products/cork-premium-lighting/cork-hanging-lamp,YES,catalog,Existing public route; retained without creating a new programmatic page.
/eco-products/cork-premium-gift-boxes,SUBCATEGORY,PUBLISHED,YES,/eco-products/cork-premium-gift-boxes,YES,catalog,Existing public route; retained without creating a new programmatic page.
/eco-products/cork-premium-gift-boxes/cork-gift-boxes,PRODUCT,PUBLISHED,YES,/eco-products/cork-premium-gift-boxes/cork-gift-boxes,YES,catalog,Existing public route; retained without creating a new programmatic page.
/eco-products/cork-premium-gift-boxes/cork-gift-box,PRODUCT,PUBLISHED,YES,/eco-products/cork-premium-gift-boxes/cork-gift-box,YES,catalog,Existing public route; retained without creating a new programmatic page.
/eco-products/cork-premium-gift-boxes/cork-wine-boxes,PRODUCT,PUBLISHED,YES,/eco-products/cork-premium-gift-boxes/cork-wine-boxes,YES,catalog,Existing public route; retained without creating a new programmatic page.
/eco-products/cork-premium-gift-boxes/cork-wine-gift-box,PRODUCT,PUBLISHED,YES,/eco-products/cork-premium-gift-boxes/cork-wine-gift-box,YES,catalog,Existing public route; retained without creating a new programmatic page.
/eco-products/cork-desk-top-accessories,SUBCATEGORY,PUBLISHED,YES,/eco-products/cork-desk-top-accessories,YES,catalog,Existing public route; retained without creating a new programmatic page.
/eco-products/cork-desk-top-accessories/cork-fabric-diary,PRODUCT,PUBLISHED,YES,/eco-products/cork-desk-top-accessories/cork-fabric-diary,YES,catalog,Existing public route; retained without creating a new programmatic page.
/eco-products/cork-desk-top-accessories/cork-desktop-calendar,PRODUCT,PUBLISHED,YES,/eco-products/cork-desk-top-accessories/cork-desktop-calendar,YES,catalog,Existing public route; retained without creating a new programmatic page.
/eco-products/cork-desk-top-accessories/cork-pen-pencil-holder,PRODUCT,PUBLISHED,YES,/eco-products/cork-desk-top-accessories/cork-pen-pencil-holder,YES,catalog,Existing public route; retained without creating a new programmatic page.
/eco-products/cork-desk-top-accessories/cork-round-style-pen-holder,PRODUCT,PUBLISHED,YES,/eco-products/cork-desk-top-accessories/cork-round-style-pen-holder,YES,catalog,Existing public route; retained without creating a new programmatic page.
/eco-products/cork-laptop-bag-and-wallet,SUBCATEGORY,PUBLISHED,YES,/eco-products/cork-laptop-bag-and-wallet,YES,catalog,Existing public route; retained without creating a new programmatic page.
/eco-products/cork-laptop-bag-and-wallet/cork-clip-card-holder,PRODUCT,PUBLISHED,YES,/eco-products/cork-laptop-bag-and-wallet/cork-clip-card-holder,YES,catalog,Existing public route; retained without creating a new programmatic page.
/eco-products/cork-laptop-bag-and-wallet/cork-wallet-for-men,PRODUCT,PUBLISHED,YES,/eco-products/cork-laptop-bag-and-wallet/cork-wallet-for-men,YES,catalog,Existing public route; retained without creating a new programmatic page.
/eco-products/cork-laptop-bag-and-wallet/cork-passport-holder,PRODUCT,PUBLISHED,YES,/eco-products/cork-laptop-bag-and-wallet/cork-passport-holder,YES,catalog,Existing public route; retained without creating a new programmatic page.
/eco-products/cork-laptop-bag-and-wallet/cork-laptop-bag,PRODUCT,PUBLISHED,YES,/eco-products/cork-laptop-bag-and-wallet/cork-laptop-bag,YES,catalog,Existing public route; retained without creating a new programmatic page.
/eco-products/cork-yoga-accessories,SUBCATEGORY,PUBLISHED,YES,/eco-products/cork-yoga-accessories,YES,catalog,Existing public route; retained without creating a new programmatic page.
/eco-products/cork-yoga-accessories/yoga-mat-cork-fabric-eva,PRODUCT,PUBLISHED,YES,/eco-products/cork-yoga-accessories/yoga-mat-cork-fabric-eva,YES,catalog,Existing public route; retained without creating a new programmatic page.
/eco-products/cork-yoga-accessories/cork-fabric-yoga-mat-latex,PRODUCT,PUBLISHED,YES,/eco-products/cork-yoga-accessories/cork-fabric-yoga-mat-latex,YES,catalog,Existing public route; retained without creating a new programmatic page.
/eco-products/cork-yoga-accessories/fully-rubberized-3mm-yoga-mat,PRODUCT,PUBLISHED,YES,/eco-products/cork-yoga-accessories/fully-rubberized-3mm-yoga-mat,YES,catalog,Existing public route; retained without creating a new programmatic page.
/eco-products/cork-yoga-accessories/cork-rubberized-yoga-mat-latex,PRODUCT,PUBLISHED,YES,/eco-products/cork-yoga-accessories/cork-rubberized-yoga-mat-latex,YES,catalog,Existing public route; retained without creating a new programmatic page.
/drink-ware,CATEGORY,PUBLISHED,YES,/drink-ware,YES,catalog,Existing public route; retained without creating a new programmatic page.
/drink-ware/sipper,SUBCATEGORY,PUBLISHED,YES,/drink-ware/sipper,YES,catalog,Existing public route; retained without creating a new programmatic page.
/drink-ware/sipper/premium-stainless-steel-sipper-bottle,PRODUCT,PUBLISHED,YES,/drink-ware/sipper/premium-stainless-steel-sipper-bottle,YES,catalog,Existing public route; retained without creating a new programmatic page.
/drink-ware/sipper/double-wall-insulated-sipper-bottle,PRODUCT,PUBLISHED,YES,/drink-ware/sipper/double-wall-insulated-sipper-bottle,YES,catalog,Existing public route; retained without creating a new programmatic page.
/drink-ware/sipper/sporty-plastic-sipper-bottle,PRODUCT,PUBLISHED,YES,/drink-ware/sipper/sporty-plastic-sipper-bottle,YES,catalog,Existing public route; retained without creating a new programmatic page.
/drink-ware/sipper/fruit-infuser-sipper-bottle,PRODUCT,PUBLISHED,YES,/drink-ware/sipper/fruit-infuser-sipper-bottle,YES,catalog,Existing public route; retained without creating a new programmatic page.
/drink-ware/sipper/classic-metal-sipper-bottle,PRODUCT,PUBLISHED,YES,/drink-ware/sipper/classic-metal-sipper-bottle,YES,catalog,Existing public route; retained without creating a new programmatic page.
/drink-ware/sipper/thermos-style-vacuum-sipper-bottle,PRODUCT,PUBLISHED,YES,/drink-ware/sipper/thermos-style-vacuum-sipper-bottle,YES,catalog,Existing public route; retained without creating a new programmatic page.
/drink-ware/bamboo-bottle,SUBCATEGORY,PUBLISHED,YES,/drink-ware/bamboo-bottle,YES,catalog,Existing public route; retained without creating a new programmatic page.
/drink-ware/bamboo-bottle/premium-bamboo-sipper-bottle,PRODUCT,PUBLISHED,YES,/drink-ware/bamboo-bottle/premium-bamboo-sipper-bottle,YES,catalog,Existing public route; retained without creating a new programmatic page.
/drink-ware/bamboo-bottle/bamboo-thermo-sipper-bottle,PRODUCT,PUBLISHED,YES,/drink-ware/bamboo-bottle/bamboo-thermo-sipper-bottle,YES,catalog,Existing public route; retained without creating a new programmatic page.
/drink-ware/bamboo-bottle/bamboo-sports-sipper-bottle,PRODUCT,PUBLISHED,YES,/drink-ware/bamboo-bottle/bamboo-sports-sipper-bottle,YES,catalog,Existing public route; retained without creating a new programmatic page.
/drink-ware/bamboo-bottle/bamboo-tea-infuser-bottle,PRODUCT,PUBLISHED,YES,/drink-ware/bamboo-bottle/bamboo-tea-infuser-bottle,YES,catalog,Existing public route; retained without creating a new programmatic page.
/drink-ware/bamboo-bottle/classic-eco-friendly-bamboo-bottle,PRODUCT,PUBLISHED,YES,/drink-ware/bamboo-bottle/classic-eco-friendly-bamboo-bottle,YES,catalog,Existing public route; retained without creating a new programmatic page.
/drink-ware/coffee-mug,SUBCATEGORY,PUBLISHED,YES,/drink-ware/coffee-mug,YES,catalog,Existing public route; retained without creating a new programmatic page.
/drink-ware/coffee-mug/classic-ceramic-coffee-mug,PRODUCT,PUBLISHED,YES,/drink-ware/coffee-mug/classic-ceramic-coffee-mug,YES,catalog,Existing public route; retained without creating a new programmatic page.
/drink-ware/coffee-mug/matte-black-corporate-mug,PRODUCT,PUBLISHED,YES,/drink-ware/coffee-mug/matte-black-corporate-mug,YES,catalog,Existing public route; retained without creating a new programmatic page.
/drink-ware/coffee-mug/insulated-travel-coffee-mug,PRODUCT,PUBLISHED,YES,/drink-ware/coffee-mug/insulated-travel-coffee-mug,YES,catalog,Existing public route; retained without creating a new programmatic page.
/drink-ware/coffee-mug/dual-tone-color-inside-mug,PRODUCT,PUBLISHED,YES,/drink-ware/coffee-mug/dual-tone-color-inside-mug,YES,catalog,Existing public route; retained without creating a new programmatic page.
/drink-ware/coffee-mug/premium-corporate-gift-mug,PRODUCT,PUBLISHED,YES,/drink-ware/coffee-mug/premium-corporate-gift-mug,YES,catalog,Existing public route; retained without creating a new programmatic page.
/drink-ware/ceramic-mug,SUBCATEGORY,PUBLISHED,YES,/drink-ware/ceramic-mug,YES,catalog,Existing public route; retained without creating a new programmatic page.
/drink-ware/ceramic-mug/classic-ceramic-coffee-mug-2,PRODUCT,PUBLISHED,YES,/drink-ware/ceramic-mug/classic-ceramic-coffee-mug-2,YES,catalog,Existing public route; retained without creating a new programmatic page.
/drink-ware/ceramic-mug/matte-finish-ceramic-mug,PRODUCT,PUBLISHED,YES,/drink-ware/ceramic-mug/matte-finish-ceramic-mug,YES,catalog,Existing public route; retained without creating a new programmatic page.
/drink-ware/ceramic-mug/color-inside-ceramic-mug,PRODUCT,PUBLISHED,YES,/drink-ware/ceramic-mug/color-inside-ceramic-mug,YES,catalog,Existing public route; retained without creating a new programmatic page.
/drink-ware/ceramic-mug/magic-color-changing-ceramic-mug,PRODUCT,PUBLISHED,YES,/drink-ware/ceramic-mug/magic-color-changing-ceramic-mug,YES,catalog,Existing public route; retained without creating a new programmatic page.
/trophy-and-momento,CATEGORY,PUBLISHED,YES,/trophy-and-momento,YES,catalog,Existing public route; retained without creating a new programmatic page.
/trophy-and-momento/trophy-and-momento,SUBCATEGORY,PUBLISHED,YES,/trophy-and-momento/trophy-and-momento,YES,catalog,Existing public route; retained without creating a new programmatic page.
/trophy-and-momento/trophy-and-momento/golden-excellence-award-trophy,PRODUCT,PUBLISHED,YES,/trophy-and-momento/trophy-and-momento/golden-excellence-award-trophy,YES,catalog,Existing public route; retained without creating a new programmatic page.
/trophy-and-momento/trophy-and-momento/silver-star-achievement-trophy,PRODUCT,PUBLISHED,YES,/trophy-and-momento/trophy-and-momento/silver-star-achievement-trophy,YES,catalog,Existing public route; retained without creating a new programmatic page.
/trophy-and-momento/trophy-and-momento/elegant-crystal-award-trophy,PRODUCT,PUBLISHED,YES,/trophy-and-momento/trophy-and-momento/elegant-crystal-award-trophy,YES,catalog,Existing public route; retained without creating a new programmatic page.
/trophy-and-momento/trophy-and-momento/wooden-plaque-award-trophy,PRODUCT,PUBLISHED,YES,/trophy-and-momento/trophy-and-momento/wooden-plaque-award-trophy,YES,catalog,Existing public route; retained without creating a new programmatic page.
/trophy-and-momento/trophy-and-momento/shield-style-award-trophy,PRODUCT,PUBLISHED,YES,/trophy-and-momento/trophy-and-momento/shield-style-award-trophy,YES,catalog,Existing public route; retained without creating a new programmatic page.
/trophy-and-momento/trophy-and-momento/premium-acrylic-award-trophy,PRODUCT,PUBLISHED,YES,/trophy-and-momento/trophy-and-momento/premium-acrylic-award-trophy,YES,catalog,Existing public route; retained without creating a new programmatic page.
