URL,Page Type,Title / Entity,Source,Indexability,Canonical,Sitemap Eligibility,Product Availability,Content Readiness,Notes
/,HOME,/,Code-backed,INDEXABLE,https://printkee.com,YES,N/A,VERIFIED IN SEO CRAWL,Existing crawled URL; preserve search equity
/about,UTILITY,/about,Code-backed,INDEXABLE,https://printkee.com/about,YES,N/A,VERIFIED IN SEO CRAWL,Existing crawled URL; preserve search equity
/contact,LEAD,/contact,Code-backed,INDEXABLE,https://printkee.com/contact,YES,N/A,VERIFIED IN SEO CRAWL,Existing crawled URL; preserve search equity
/privacy-policy,POLICY,/privacy-policy,Code-backed,INDEXABLE,https://printkee.com/privacy-policy,YES,N/A,VERIFIED IN SEO CRAWL,Existing crawled URL; preserve search equity
/brands,BRAND_HUB,/brands,Code-backed,INDEXABLE,https://printkee.com/brands,YES,N/A,VERIFIED IN SEO CRAWL,Existing crawled URL; preserve search equity
/blogs,BLOG_HUB,/blogs,Code-backed,INDEXABLE,https://printkee.com/blogs,YES,N/A,VERIFIED IN SEO CRAWL,Existing crawled URL; preserve search equity
/locations,LOCATION_HUB,/locations,Code-backed,INDEXABLE,https://printkee.com/locations,YES,N/A,VERIFIED IN SEO CRAWL,Existing crawled URL; preserve search equity
/corporate-gifting,SEO_HUB,/corporate-gifting,Code-backed,INDEXABLE,https://printkee.com/corporate-gifting,YES,N/A,VERIFIED IN SEO CRAWL,Existing crawled URL; preserve search equity
/industries,SEO_HUB,/industries,Code-backed,INDEXABLE,https://printkee.com/industries,YES,N/A,VERIFIED IN SEO CRAWL,Existing crawled URL; preserve search equity
/use-cases,SEO_HUB,/use-cases,Code-backed,INDEXABLE,https://printkee.com/use-cases,YES,N/A,VERIFIED IN SEO CRAWL,Existing crawled URL; preserve search equity
/sitemap,HTML_SITEMAP,/sitemap,Code-backed,INDEXABLE,https://printkee.com/sitemap,YES,N/A,VERIFIED IN SEO CRAWL,Existing crawled URL; preserve search equity
/diwali-special,SEASONAL,/diwali-special,Code-backed,INDEXABLE,https://printkee.com/diwali-special,YES,N/A,VERIFIED IN SEO CRAWL,Existing crawled URL; preserve search equity
/delhi/corporate-gifts,LOCATION,/delhi/corporate-gifts,Code-backed,INDEXABLE,https://printkee.com/delhi/corporate-gifts,YES,N/A,VERIFIED IN SEO CRAWL,Existing crawled URL; preserve search equity
/noida/corporate-gifts,LOCATION,/noida/corporate-gifts,Code-backed,INDEXABLE,https://printkee.com/noida/corporate-gifts,YES,N/A,VERIFIED IN SEO CRAWL,Existing crawled URL; preserve search equity
/greater-noida/corporate-gifts,LOCATION,/greater-noida/corporate-gifts,Code-backed,INDEXABLE,https://printkee.com/greater-noida/corporate-gifts,YES,N/A,VERIFIED IN SEO CRAWL,Existing crawled URL; preserve search equity
/gurgaon/corporate-gifts,LOCATION,/gurgaon/corporate-gifts,Code-backed,INDEXABLE,https://printkee.com/gurgaon/corporate-gifts,YES,N/A,VERIFIED IN SEO CRAWL,Existing crawled URL; preserve search equity
/faridabad/corporate-gifts,LOCATION,/faridabad/corporate-gifts,Code-backed,INDEXABLE,https://printkee.com/faridabad/corporate-gifts,YES,N/A,VERIFIED IN SEO CRAWL,Existing crawled URL; preserve search equity
/ghaziabad/corporate-gifts,LOCATION,/ghaziabad/corporate-gifts,Code-backed,INDEXABLE,https://printkee.com/ghaziabad/corporate-gifts,YES,N/A,VERIFIED IN SEO CRAWL,Existing crawled URL; preserve search equity
/apparel-and-accessories,CATEGORY,Apparel and Accessories,MongoDB seed/catalog,INDEXABLE,https://printkee.com/apparel-and-accessories,YES,AVAILABLE,VERIFIED IN SEO CRAWL,Existing crawled URL; preserve search equity
/apparel-and-accessories/polo-t-shirts,SUBCATEGORY,Promotional T-Shirt Manufacturers in Delhi,MongoDB seed/catalog,INDEXABLE,https://printkee.com/apparel-and-accessories/polo-t-shirts,YES,AVAILABLE,VERIFIED IN SEO CRAWL,Existing crawled URL; preserve search equity
/apparel-and-accessories/polo-t-shirts/classic-white-polo-t-shirt,PRODUCT,Classic White Polo T-Shirt,MongoDB seed/catalog,NOT VERIFIED,https://printkee.com/apparel-and-accessories/polo-t-shirts/classic-white-polo-t-shirt,REVIEW AGAINST ACTIVE DATABASE,AVAILABLE,SOURCE RECORD - PUBLICATION NOT VERIFIED,Present in code/seed inventory but absent from the latest sitemap crawl
/apparel-and-accessories/polo-t-shirts/navy-blue-polo-t-shirt,PRODUCT,Navy Blue Polo T-Shirt,MongoDB seed/catalog,NOT VERIFIED,https://printkee.com/apparel-and-accessories/polo-t-shirts/navy-blue-polo-t-shirt,REVIEW AGAINST ACTIVE DATABASE,AVAILABLE,SOURCE RECORD - PUBLICATION NOT VERIFIED,Present in code/seed inventory but absent from the latest sitemap crawl
/apparel-and-accessories/polo-t-shirts/black-polo-t-shirt,PRODUCT,Black Polo T-Shirt,MongoDB seed/catalog,NOT VERIFIED,https://printkee.com/apparel-and-accessories/polo-t-shirts/black-polo-t-shirt,REVIEW AGAINST ACTIVE DATABASE,AVAILABLE,SOURCE RECORD - PUBLICATION NOT VERIFIED,Present in code/seed inventory but absent from the latest sitemap crawl
/apparel-and-accessories/polo-t-shirts/grey-polo-t-shirt,PRODUCT,Grey Polo T-Shirt,MongoDB seed/catalog,NOT VERIFIED,https://printkee.com/apparel-and-accessories/polo-t-shirts/grey-polo-t-shirt,REVIEW AGAINST ACTIVE DATABASE,AVAILABLE,SOURCE RECORD - PUBLICATION NOT VERIFIED,Present in code/seed inventory but absent from the latest sitemap crawl
/apparel-and-accessories/polo-t-shirts/red-polo-t-shirt,PRODUCT,Red Polo T-Shirt,MongoDB seed/catalog,NOT VERIFIED,https://printkee.com/apparel-and-accessories/polo-t-shirts/red-polo-t-shirt,REVIEW AGAINST ACTIVE DATABASE,AVAILABLE,SOURCE RECORD - PUBLICATION NOT VERIFIED,Present in code/seed inventory but absent from the latest sitemap crawl
/apparel-and-accessories/polo-t-shirts/royal-blue-polo-t-shirt,PRODUCT,Royal Blue Polo T-Shirt,MongoDB seed/catalog,NOT VERIFIED,https://printkee.com/apparel-and-accessories/polo-t-shirts/royal-blue-polo-t-shirt,REVIEW AGAINST ACTIVE DATABASE,AVAILABLE,SOURCE RECORD - PUBLICATION NOT VERIFIED,Present in code/seed inventory but absent from the latest sitemap crawl
/apparel-and-accessories/polo-t-shirts/green-polo-t-shirt,PRODUCT,Green Polo T-Shirt,MongoDB seed/catalog,NOT VERIFIED,https://printkee.com/apparel-and-accessories/polo-t-shirts/green-polo-t-shirt,REVIEW AGAINST ACTIVE DATABASE,AVAILABLE,SOURCE RECORD - PUBLICATION NOT VERIFIED,Present in code/seed inventory but absent from the latest sitemap crawl
/apparel-and-accessories/polo-t-shirts/yellow-polo-t-shirt,PRODUCT,Yellow Polo T-Shirt,MongoDB seed/catalog,NOT VERIFIED,https://printkee.com/apparel-and-accessories/polo-t-shirts/yellow-polo-t-shirt,REVIEW AGAINST ACTIVE DATABASE,AVAILABLE,SOURCE RECORD - PUBLICATION NOT VERIFIED,Present in code/seed inventory but absent from the latest sitemap crawl
/apparel-and-accessories/polo-t-shirts/maroon-polo-t-shirt,PRODUCT,Maroon Polo T-Shirt,MongoDB seed/catalog,NOT VERIFIED,https://printkee.com/apparel-and-accessories/polo-t-shirts/maroon-polo-t-shirt,REVIEW AGAINST ACTIVE DATABASE,AVAILABLE,SOURCE RECORD - PUBLICATION NOT VERIFIED,Present in code/seed inventory but absent from the latest sitemap crawl
/apparel-and-accessories/polo-t-shirts/sky-blue-polo-t-shirt,PRODUCT,Sky Blue Polo T-Shirt,MongoDB seed/catalog,NOT VERIFIED,https://printkee.com/apparel-and-accessories/polo-t-shirts/sky-blue-polo-t-shirt,REVIEW AGAINST ACTIVE DATABASE,AVAILABLE,SOURCE RECORD - PUBLICATION NOT VERIFIED,Present in code/seed inventory but absent from the latest sitemap crawl
/apparel-and-accessories/polo-t-shirts/orange-polo-t-shirt,PRODUCT,Orange Polo T-Shirt,MongoDB seed/catalog,NOT VERIFIED,https://printkee.com/apparel-and-accessories/polo-t-shirts/orange-polo-t-shirt,REVIEW AGAINST ACTIVE DATABASE,AVAILABLE,SOURCE RECORD - PUBLICATION NOT VERIFIED,Present in code/seed inventory but absent from the latest sitemap crawl
/apparel-and-accessories/polo-t-shirts/purple-polo-t-shirt,PRODUCT,Purple Polo T-Shirt,MongoDB seed/catalog,NOT VERIFIED,https://printkee.com/apparel-and-accessories/polo-t-shirts/purple-polo-t-shirt,REVIEW AGAINST ACTIVE DATABASE,AVAILABLE,SOURCE RECORD - PUBLICATION NOT VERIFIED,Present in code/seed inventory but absent from the latest sitemap crawl
/apparel-and-accessories/polo-t-shirts/pink-polo-t-shirt,PRODUCT,Pink Polo T-Shirt,MongoDB seed/catalog,NOT VERIFIED,https://printkee.com/apparel-and-accessories/polo-t-shirts/pink-polo-t-shirt,REVIEW AGAINST ACTIVE DATABASE,AVAILABLE,SOURCE RECORD - PUBLICATION NOT VERIFIED,Present in code/seed inventory but absent from the latest sitemap crawl
/apparel-and-accessories/polo-t-shirts/olive-polo-t-shirt,PRODUCT,Olive Polo T-Shirt,MongoDB seed/catalog,NOT VERIFIED,https://printkee.com/apparel-and-accessories/polo-t-shirts/olive-polo-t-shirt,REVIEW AGAINST ACTIVE DATABASE,AVAILABLE,SOURCE RECORD - PUBLICATION NOT VERIFIED,Present in code/seed inventory but absent from the latest sitemap crawl
/apparel-and-accessories/round-neck-t-shirts,SUBCATEGORY,Promotional Round Neck T-Shirts ,MongoDB seed/catalog,INDEXABLE,https://printkee.com/apparel-and-accessories/round-neck-t-shirts,YES,AVAILABLE,VERIFIED IN SEO CRAWL,Existing crawled URL; preserve search equity
/apparel-and-accessories/round-neck-t-shirts/classic-white-round-neck-t-shirt,PRODUCT,Classic White Round Neck T-Shirt,MongoDB seed/catalog,INDEXABLE,https://printkee.com/apparel-and-accessories/round-neck-t-shirts/classic-white-round-neck-t-shirt,YES,AVAILABLE,VERIFIED IN SEO CRAWL,Existing crawled URL; preserve search equity
/apparel-and-accessories/round-neck-t-shirts/classic-black-round-neck-t-shirt,PRODUCT,Classic Black Round Neck T-Shirt,MongoDB seed/catalog,INDEXABLE,https://printkee.com/apparel-and-accessories/round-neck-t-shirts/classic-black-round-neck-t-shirt,YES,AVAILABLE,VERIFIED IN SEO CRAWL,Existing crawled URL; preserve search equity
/apparel-and-accessories/round-neck-t-shirts/navy-blue-round-neck-t-shirt,PRODUCT,Navy Blue Round Neck T-Shirt,MongoDB seed/catalog,INDEXABLE,https://printkee.com/apparel-and-accessories/round-neck-t-shirts/navy-blue-round-neck-t-shirt,YES,AVAILABLE,VERIFIED IN SEO CRAWL,Existing crawled URL; preserve search equity
/apparel-and-accessories/round-neck-t-shirts/light-grey-round-neck-t-shirt,PRODUCT,Light Grey Round Neck T-Shirt,MongoDB seed/catalog,INDEXABLE,https://printkee.com/apparel-and-accessories/round-neck-t-shirts/light-grey-round-neck-t-shirt,YES,AVAILABLE,VERIFIED IN SEO CRAWL,Existing crawled URL; preserve search equity
/apparel-and-accessories/round-neck-t-shirts/classic-red-round-neck-t-shirt,PRODUCT,Classic Red Round Neck T-Shirt,MongoDB seed/catalog,INDEXABLE,https://printkee.com/apparel-and-accessories/round-neck-t-shirts/classic-red-round-neck-t-shirt,YES,AVAILABLE,VERIFIED IN SEO CRAWL,Existing crawled URL; preserve search equity
/apparel-and-accessories/round-neck-t-shirts/forest-green-round-neck-t-shirt,PRODUCT,Forest Green Round Neck T-Shirt,MongoDB seed/catalog,INDEXABLE,https://printkee.com/apparel-and-accessories/round-neck-t-shirts/forest-green-round-neck-t-shirt,YES,AVAILABLE,VERIFIED IN SEO CRAWL,Existing crawled URL; preserve search equity
/apparel-and-accessories/round-neck-t-shirts/bright-biege-round-neck-t-shirt,PRODUCT,Bright Biege Round Neck T-Shirt,MongoDB seed/catalog,INDEXABLE,https://printkee.com/apparel-and-accessories/round-neck-t-shirts/bright-biege-round-neck-t-shirt,YES,AVAILABLE,VERIFIED IN SEO CRAWL,Existing crawled URL; preserve search equity
/apparel-and-accessories/round-neck-t-shirts/maroon-round-neck-t-shirt,PRODUCT,Maroon Round Neck T-Shirt,MongoDB seed/catalog,INDEXABLE,https://printkee.com/apparel-and-accessories/round-neck-t-shirts/maroon-round-neck-t-shirt,YES,AVAILABLE,VERIFIED IN SEO CRAWL,Existing crawled URL; preserve search equity
/apparel-and-accessories/round-neck-t-shirts/olive-round-neck-t-shirt,PRODUCT,Olive Round Neck T-Shirt,MongoDB seed/catalog,INDEXABLE,https://printkee.com/apparel-and-accessories/round-neck-t-shirts/olive-round-neck-t-shirt,YES,AVAILABLE,VERIFIED IN SEO CRAWL,Existing crawled URL; preserve search equity
/apparel-and-accessories/round-neck-t-shirts/dark-blue-round-neck-t-shirt,PRODUCT,Dark Blue Round Neck T-Shirt,MongoDB seed/catalog,INDEXABLE,https://printkee.com/apparel-and-accessories/round-neck-t-shirts/dark-blue-round-neck-t-shirt,YES,AVAILABLE,VERIFIED IN SEO CRAWL,Existing crawled URL; preserve search equity
/apparel-and-accessories/caps,SUBCATEGORY,Custom Cap Manufacturer in Delhi NCR,MongoDB seed/catalog,INDEXABLE,https://printkee.com/apparel-and-accessories/caps,YES,AVAILABLE,VERIFIED IN SEO CRAWL,Existing crawled URL; preserve search equity
/apparel-and-accessories/caps/classic-black-baseball-cap,PRODUCT,Classic Black Baseball Cap,MongoDB seed/catalog,INDEXABLE,https://printkee.com/apparel-and-accessories/caps/classic-black-baseball-cap,YES,AVAILABLE,VERIFIED IN SEO CRAWL,Existing crawled URL; preserve search equity
/apparel-and-accessories/caps/classic-light-grey-baseball-cap,PRODUCT,Classic Light Grey Baseball Cap,MongoDB seed/catalog,INDEXABLE,https://printkee.com/apparel-and-accessories/caps/classic-light-grey-baseball-cap,YES,AVAILABLE,VERIFIED IN SEO CRAWL,Existing crawled URL; preserve search equity
/apparel-and-accessories/caps/classic-navy-baseball-cap,PRODUCT,Classic Navy Baseball Cap,MongoDB seed/catalog,INDEXABLE,https://printkee.com/apparel-and-accessories/caps/classic-navy-baseball-cap,YES,AVAILABLE,VERIFIED IN SEO CRAWL,Existing crawled URL; preserve search equity
/apparel-and-accessories/caps/classic-white-baseball-cap,PRODUCT,Classic White Baseball Cap,MongoDB seed/catalog,INDEXABLE,https://printkee.com/apparel-and-accessories/caps/classic-white-baseball-cap,YES,AVAILABLE,VERIFIED IN SEO CRAWL,Existing crawled URL; preserve search equity
/apparel-and-accessories/caps/classic-grey-baseball-cap,PRODUCT,Classic Grey Baseball Cap,MongoDB seed/catalog,INDEXABLE,https://printkee.com/apparel-and-accessories/caps/classic-grey-baseball-cap,YES,AVAILABLE,VERIFIED IN SEO CRAWL,Existing crawled URL; preserve search equity
/apparel-and-accessories/caps/classic-green-baseball-cap,PRODUCT,Classic Green Baseball Cap,MongoDB seed/catalog,INDEXABLE,https://printkee.com/apparel-and-accessories/caps/classic-green-baseball-cap,YES,AVAILABLE,VERIFIED IN SEO CRAWL,Existing crawled URL; preserve search equity
/apparel-and-accessories/caps/classic-yellow-baseball-cap,PRODUCT,Classic Yellow Baseball Cap,MongoDB seed/catalog,INDEXABLE,https://printkee.com/apparel-and-accessories/caps/classic-yellow-baseball-cap,YES,AVAILABLE,VERIFIED IN SEO CRAWL,Existing crawled URL; preserve search equity
/apparel-and-accessories/caps/classic-maroon-baseball-cap,PRODUCT,Classic Maroon Baseball Cap,MongoDB seed/catalog,INDEXABLE,https://printkee.com/apparel-and-accessories/caps/classic-maroon-baseball-cap,YES,AVAILABLE,VERIFIED IN SEO CRAWL,Existing crawled URL; preserve search equity
/apparel-and-accessories/caps/classic-orange-baseball-cap,PRODUCT,Classic Orange Baseball Cap,MongoDB seed/catalog,INDEXABLE,https://printkee.com/apparel-and-accessories/caps/classic-orange-baseball-cap,YES,AVAILABLE,VERIFIED IN SEO CRAWL,Existing crawled URL; preserve search equity
/apparel-and-accessories/caps/classic-pink-baseball-cap,PRODUCT,Classic Pink Baseball Cap,MongoDB seed/catalog,INDEXABLE,https://printkee.com/apparel-and-accessories/caps/classic-pink-baseball-cap,YES,AVAILABLE,VERIFIED IN SEO CRAWL,Existing crawled URL; preserve search equity
/apparel-and-accessories/caps/classic-cream-baseball-cap,PRODUCT,Classic Cream Baseball Cap,MongoDB seed/catalog,INDEXABLE,https://printkee.com/apparel-and-accessories/caps/classic-cream-baseball-cap,YES,AVAILABLE,VERIFIED IN SEO CRAWL,Existing crawled URL; preserve search equity
/apparel-and-accessories/hats,SUBCATEGORY,Promotional Hat in Delhi,MongoDB seed/catalog,INDEXABLE,https://printkee.com/apparel-and-accessories/hats,YES,AVAILABLE,VERIFIED IN SEO CRAWL,Existing crawled URL; preserve search equity
/apparel-and-accessories/hats/reversible-bucket-hat,PRODUCT,Reversible Bucket Hat,MongoDB seed/catalog,INDEXABLE,https://printkee.com/apparel-and-accessories/hats/reversible-bucket-hat,YES,AVAILABLE,VERIFIED IN SEO CRAWL,Existing crawled URL; preserve search equity
/apparel-and-accessories/hats/classic-baseball-cap,PRODUCT,Classic Baseball Cap,MongoDB seed/catalog,INDEXABLE,https://printkee.com/apparel-and-accessories/hats/classic-baseball-cap,YES,AVAILABLE,VERIFIED IN SEO CRAWL,Existing crawled URL; preserve search equity
/apparel-and-accessories/hats/mesh-back-trucker-hat,PRODUCT,Mesh Back Trucker Hat,MongoDB seed/catalog,INDEXABLE,https://printkee.com/apparel-and-accessories/hats/mesh-back-trucker-hat,YES,AVAILABLE,VERIFIED IN SEO CRAWL,Existing crawled URL; preserve search equity
/apparel-and-accessories/hats/knit-beanie-winter-hat,PRODUCT,Knit Beanie Winter Hat,MongoDB seed/catalog,INDEXABLE,https://printkee.com/apparel-and-accessories/hats/knit-beanie-winter-hat,YES,AVAILABLE,VERIFIED IN SEO CRAWL,Existing crawled URL; preserve search equity
/apparel-and-accessories/hats/sports-visor-cap,PRODUCT,Sports Visor Cap,MongoDB seed/catalog,INDEXABLE,https://printkee.com/apparel-and-accessories/hats/sports-visor-cap,YES,AVAILABLE,VERIFIED IN SEO CRAWL,Existing crawled URL; preserve search equity
/apparel-and-accessories/hats/classic-fedora-hat,PRODUCT,Classic Fedora Hat,MongoDB seed/catalog,INDEXABLE,https://printkee.com/apparel-and-accessories/hats/classic-fedora-hat,YES,AVAILABLE,VERIFIED IN SEO CRAWL,Existing crawled URL; preserve search equity
/apparel-and-accessories/hats/military-boonie-hat,PRODUCT,Military Boonie Hat,MongoDB seed/catalog,INDEXABLE,https://printkee.com/apparel-and-accessories/hats/military-boonie-hat,YES,AVAILABLE,VERIFIED IN SEO CRAWL,Existing crawled URL; preserve search equity
/apparel-and-accessories/hats/panama-straw-hat,PRODUCT,Panama Straw Hat,MongoDB seed/catalog,INDEXABLE,https://printkee.com/apparel-and-accessories/hats/panama-straw-hat,YES,AVAILABLE,VERIFIED IN SEO CRAWL,Existing crawled URL; preserve search equity
/apparel-and-accessories/hats/premium-fitted-cap,PRODUCT,Premium Fitted Cap,MongoDB seed/catalog,INDEXABLE,https://printkee.com/apparel-and-accessories/hats/premium-fitted-cap,YES,AVAILABLE,VERIFIED IN SEO CRAWL,Existing crawled URL; preserve search equity
/apparel-and-accessories/hats/classic-wool-beret,PRODUCT,Classic Wool Beret,MongoDB seed/catalog,INDEXABLE,https://printkee.com/apparel-and-accessories/hats/classic-wool-beret,YES,AVAILABLE,VERIFIED IN SEO CRAWL,Existing crawled URL; preserve search equity
/apparel-and-accessories/hats/casual-cotton-bucket-hat,PRODUCT,Casual Cotton Bucket Hat,MongoDB seed/catalog,INDEXABLE,https://printkee.com/apparel-and-accessories/hats/casual-cotton-bucket-hat,YES,AVAILABLE,VERIFIED IN SEO CRAWL,Existing crawled URL; preserve search equity
/apparel-and-accessories/corporate-shirts,SUBCATEGORY,Customized Formal Shirt in Delhi,MongoDB seed/catalog,INDEXABLE,https://printkee.com/apparel-and-accessories/corporate-shirts,YES,AVAILABLE,VERIFIED IN SEO CRAWL,Existing crawled URL; preserve search equity
/apparel-and-accessories/corporate-shirts/black-corporate-shirt,PRODUCT,Black Corporate Shirt,MongoDB seed/catalog,INDEXABLE,https://printkee.com/apparel-and-accessories/corporate-shirts/black-corporate-shirt,YES,AVAILABLE,VERIFIED IN SEO CRAWL,Existing crawled URL; preserve search equity
/apparel-and-accessories/corporate-shirts/white-corporate-shirt,PRODUCT,White Corporate Shirt,MongoDB seed/catalog,INDEXABLE,https://printkee.com/apparel-and-accessories/corporate-shirts/white-corporate-shirt,YES,AVAILABLE,VERIFIED IN SEO CRAWL,Existing crawled URL; preserve search equity
/apparel-and-accessories/corporate-shirts/purple-corporate-shirt,PRODUCT,Purple Corporate Shirt,MongoDB seed/catalog,INDEXABLE,https://printkee.com/apparel-and-accessories/corporate-shirts/purple-corporate-shirt,YES,AVAILABLE,VERIFIED IN SEO CRAWL,Existing crawled URL; preserve search equity
/apparel-and-accessories/corporate-shirts/navy-corporate-shirt,PRODUCT,Navy Corporate Shirt,MongoDB seed/catalog,INDEXABLE,https://printkee.com/apparel-and-accessories/corporate-shirts/navy-corporate-shirt,YES,AVAILABLE,VERIFIED IN SEO CRAWL,Existing crawled URL; preserve search equity
/apparel-and-accessories/ties,SUBCATEGORY,Promotional Tie in Delhi,MongoDB seed/catalog,INDEXABLE,https://printkee.com/apparel-and-accessories/ties,YES,AVAILABLE,VERIFIED IN SEO CRAWL,Existing crawled URL; preserve search equity
/apparel-and-accessories/ties/classic-silk-tie,PRODUCT,Classic Silk Tie,MongoDB seed/catalog,INDEXABLE,https://printkee.com/apparel-and-accessories/ties/classic-silk-tie,YES,AVAILABLE,VERIFIED IN SEO CRAWL,Existing crawled URL; preserve search equity
/apparel-and-accessories/ties/formal-cotton-tie,PRODUCT,Formal Cotton Tie,MongoDB seed/catalog,INDEXABLE,https://printkee.com/apparel-and-accessories/ties/formal-cotton-tie,YES,AVAILABLE,VERIFIED IN SEO CRAWL,Existing crawled URL; preserve search equity
/apparel-and-accessories/ties/polyester-corporate-tie,PRODUCT,Polyester Corporate Tie,MongoDB seed/catalog,INDEXABLE,https://printkee.com/apparel-and-accessories/ties/polyester-corporate-tie,YES,AVAILABLE,VERIFIED IN SEO CRAWL,Existing crawled URL; preserve search equity
/apparel-and-accessories/ties/striped-office-tie,PRODUCT,Striped Office Tie,MongoDB seed/catalog,INDEXABLE,https://printkee.com/apparel-and-accessories/ties/striped-office-tie,YES,AVAILABLE,VERIFIED IN SEO CRAWL,Existing crawled URL; preserve search equity
/apparel-and-accessories/ties/red-power-tie,PRODUCT,Red Power Tie,MongoDB seed/catalog,INDEXABLE,https://printkee.com/apparel-and-accessories/ties/red-power-tie,YES,AVAILABLE,VERIFIED IN SEO CRAWL,Existing crawled URL; preserve search equity
/apparel-and-accessories/ties/royal-blue-tie,PRODUCT,Royal Blue Tie,MongoDB seed/catalog,INDEXABLE,https://printkee.com/apparel-and-accessories/ties/royal-blue-tie,YES,AVAILABLE,VERIFIED IN SEO CRAWL,Existing crawled URL; preserve search equity
/apparel-and-accessories/ties/corporate-tie-gift-set,PRODUCT,Corporate Tie Gift Set,MongoDB seed/catalog,INDEXABLE,https://printkee.com/apparel-and-accessories/ties/corporate-tie-gift-set,YES,AVAILABLE,VERIFIED IN SEO CRAWL,Existing crawled URL; preserve search equity
/apparel-and-accessories/aprons,SUBCATEGORY,Promotional Apron in Delhi,MongoDB seed/catalog,INDEXABLE,https://printkee.com/apparel-and-accessories/aprons,YES,AVAILABLE,VERIFIED IN SEO CRAWL,Existing crawled URL; preserve search equity
/apparel-and-accessories/aprons/kitchen-apron,PRODUCT,Kitchen Apron,MongoDB seed/catalog,INDEXABLE,https://printkee.com/apparel-and-accessories/aprons/kitchen-apron,YES,AVAILABLE,VERIFIED IN SEO CRAWL,Existing crawled URL; preserve search equity
/apparel-and-accessories/aprons/canvas-apron,PRODUCT,Canvas Apron,MongoDB seed/catalog,INDEXABLE,https://printkee.com/apparel-and-accessories/aprons/canvas-apron,YES,AVAILABLE,VERIFIED IN SEO CRAWL,Existing crawled URL; preserve search equity
/apparel-and-accessories/aprons/bib-apron,PRODUCT,Bib Apron,MongoDB seed/catalog,INDEXABLE,https://printkee.com/apparel-and-accessories/aprons/bib-apron,YES,AVAILABLE,VERIFIED IN SEO CRAWL,Existing crawled URL; preserve search equity
/apparel-and-accessories/aprons/waist-apron,PRODUCT,Waist Apron,MongoDB seed/catalog,INDEXABLE,https://printkee.com/apparel-and-accessories/aprons/waist-apron,YES,AVAILABLE,VERIFIED IN SEO CRAWL,Existing crawled URL; preserve search equity
/apparel-and-accessories/aprons/custom-printed-apron,PRODUCT,Custom Printed Apron,MongoDB seed/catalog,INDEXABLE,https://printkee.com/apparel-and-accessories/aprons/custom-printed-apron,YES,AVAILABLE,VERIFIED IN SEO CRAWL,Existing crawled URL; preserve search equity
/apparel-and-accessories/aprons/disposable-apron,PRODUCT,Disposable Apron,MongoDB seed/catalog,INDEXABLE,https://printkee.com/apparel-and-accessories/aprons/disposable-apron,YES,AVAILABLE,VERIFIED IN SEO CRAWL,Existing crawled URL; preserve search equity
/apparel-and-accessories/winter-wear,SUBCATEGORY,Promotional Winter Wear in Delhi,MongoDB seed/catalog,INDEXABLE,https://printkee.com/apparel-and-accessories/winter-wear,YES,AVAILABLE,VERIFIED IN SEO CRAWL,Existing crawled URL; preserve search equity
/apparel-and-accessories/winter-wear/corporate-bomber-jacket,PRODUCT,Corporate Bomber Jacket,MongoDB seed/catalog,INDEXABLE,https://printkee.com/apparel-and-accessories/winter-wear/corporate-bomber-jacket,YES,AVAILABLE,VERIFIED IN SEO CRAWL,Existing crawled URL; preserve search equity
/apparel-and-accessories/winter-wear/premium-zipper-jacket,PRODUCT,Premium Zipper Jacket,MongoDB seed/catalog,INDEXABLE,https://printkee.com/apparel-and-accessories/winter-wear/premium-zipper-jacket,YES,AVAILABLE,VERIFIED IN SEO CRAWL,Existing crawled URL; preserve search equity
/apparel-and-accessories/winter-wear/professional-puffer-jacket,PRODUCT,Professional Puffer Jacket,MongoDB seed/catalog,INDEXABLE,https://printkee.com/apparel-and-accessories/winter-wear/professional-puffer-jacket,YES,AVAILABLE,VERIFIED IN SEO CRAWL,Existing crawled URL; preserve search equity
/apparel-and-accessories/winter-wear/executive-softshell-jacket,PRODUCT,Executive Softshell Jacket,MongoDB seed/catalog,INDEXABLE,https://printkee.com/apparel-and-accessories/winter-wear/executive-softshell-jacket,YES,AVAILABLE,VERIFIED IN SEO CRAWL,Existing crawled URL; preserve search equity
/apparel-and-accessories/winter-wear/classic-corporate-jacket,PRODUCT,Classic Corporate Jacket,MongoDB seed/catalog,INDEXABLE,https://printkee.com/apparel-and-accessories/winter-wear/classic-corporate-jacket,YES,AVAILABLE,VERIFIED IN SEO CRAWL,Existing crawled URL; preserve search equity
/apparel-and-accessories/winter-wear/waterproof-corporate-jacket,PRODUCT,Waterproof Corporate Jacket,MongoDB seed/catalog,INDEXABLE,https://printkee.com/apparel-and-accessories/winter-wear/waterproof-corporate-jacket,YES,AVAILABLE,VERIFIED IN SEO CRAWL,Existing crawled URL; preserve search equity
/apparel-and-accessories/winter-wear/3-in-1-system-jacket,PRODUCT,3-in-1 System Jacket,MongoDB seed/catalog,INDEXABLE,https://printkee.com/apparel-and-accessories/winter-wear/3-in-1-system-jacket,YES,AVAILABLE,VERIFIED IN SEO CRAWL,Existing crawled URL; preserve search equity
/apparel-and-accessories/winter-wear/professional-parka-jacket,PRODUCT,Professional Parka Jacket,MongoDB seed/catalog,INDEXABLE,https://printkee.com/apparel-and-accessories/winter-wear/professional-parka-jacket,YES,AVAILABLE,VERIFIED IN SEO CRAWL,Existing crawled URL; preserve search equity
/apparel-and-accessories/winter-wear/corporate-fleece-hoodie,PRODUCT,Corporate Fleece Hoodie,MongoDB seed/catalog,INDEXABLE,https://printkee.com/apparel-and-accessories/winter-wear/corporate-fleece-hoodie,YES,AVAILABLE,VERIFIED IN SEO CRAWL,Existing crawled URL; preserve search equity
/apparel-and-accessories/winter-wear/executive-pullover-hoodie,PRODUCT,Executive Pullover Hoodie,MongoDB seed/catalog,INDEXABLE,https://printkee.com/apparel-and-accessories/winter-wear/executive-pullover-hoodie,YES,AVAILABLE,VERIFIED IN SEO CRAWL,Existing crawled URL; preserve search equity
/apparel-and-accessories/winter-wear/full-zip-corporate-hoodie,PRODUCT,Full-Zip Corporate Hoodie,MongoDB seed/catalog,INDEXABLE,https://printkee.com/apparel-and-accessories/winter-wear/full-zip-corporate-hoodie,YES,AVAILABLE,VERIFIED IN SEO CRAWL,Existing crawled URL; preserve search equity
/apparel-and-accessories/winter-wear/performance-tech-hoodie,PRODUCT,Performance Tech Hoodie,MongoDB seed/catalog,INDEXABLE,https://printkee.com/apparel-and-accessories/winter-wear/performance-tech-hoodie,YES,AVAILABLE,VERIFIED IN SEO CRAWL,Existing crawled URL; preserve search equity
/apparel-and-accessories/winter-wear/premium-logo-hoodie,PRODUCT,Premium Logo Hoodie,MongoDB seed/catalog,INDEXABLE,https://printkee.com/apparel-and-accessories/winter-wear/premium-logo-hoodie,YES,AVAILABLE,VERIFIED IN SEO CRAWL,Existing crawled URL; preserve search equity
/apparel-and-accessories/winter-wear/thermal-lined-hoodie,PRODUCT,Thermal Lined Hoodie,MongoDB seed/catalog,INDEXABLE,https://printkee.com/apparel-and-accessories/winter-wear/thermal-lined-hoodie,YES,AVAILABLE,VERIFIED IN SEO CRAWL,Existing crawled URL; preserve search equity
/apparel-and-accessories/winter-wear/lightweight-travel-hoodie,PRODUCT,Lightweight Travel Hoodie,MongoDB seed/catalog,INDEXABLE,https://printkee.com/apparel-and-accessories/winter-wear/lightweight-travel-hoodie,YES,AVAILABLE,VERIFIED IN SEO CRAWL,Existing crawled URL; preserve search equity
/apparel-and-accessories/winter-wear/corporate-zip-up-hoodie,PRODUCT,Corporate Zip-Up Hoodie,MongoDB seed/catalog,INDEXABLE,https://printkee.com/apparel-and-accessories/winter-wear/corporate-zip-up-hoodie,YES,AVAILABLE,VERIFIED IN SEO CRAWL,Existing crawled URL; preserve search equity
/office-and-writing,CATEGORY,Office and Writing,MongoDB seed/catalog,INDEXABLE,https://printkee.com/office-and-writing,YES,AVAILABLE,VERIFIED IN SEO CRAWL,Existing crawled URL; preserve search equity
/office-and-writing/file-and-folder,SUBCATEGORY,Custom Files & Folder for Office,MongoDB seed/catalog,INDEXABLE,https://printkee.com/office-and-writing/file-and-folder,YES,AVAILABLE,VERIFIED IN SEO CRAWL,Existing crawled URL; preserve search equity
/office-and-writing/file-and-folder/a4-professional-document-file,PRODUCT,A4 Professional Document File,MongoDB seed/catalog,INDEXABLE,https://printkee.com/office-and-writing/file-and-folder/a4-professional-document-file,YES,AVAILABLE,VERIFIED IN SEO CRAWL,Existing crawled URL; preserve search equity
/office-and-writing/file-and-folder/expandable-accordion-file-folder,PRODUCT,Expandable Accordion File Folder,MongoDB seed/catalog,INDEXABLE,https://printkee.com/office-and-writing/file-and-folder/expandable-accordion-file-folder,YES,AVAILABLE,VERIFIED IN SEO CRAWL,Existing crawled URL; preserve search equity
/office-and-writing/file-and-folder/leather-executive-file-folder,PRODUCT,Leather Executive File Folder,MongoDB seed/catalog,INDEXABLE,https://printkee.com/office-and-writing/file-and-folder/leather-executive-file-folder,YES,AVAILABLE,VERIFIED IN SEO CRAWL,Existing crawled URL; preserve search equity
/office-and-writing/file-and-folder/plastic-a4-clip-file,PRODUCT,Plastic A4 Clip File,MongoDB seed/catalog,INDEXABLE,https://printkee.com/office-and-writing/file-and-folder/plastic-a4-clip-file,YES,AVAILABLE,VERIFIED IN SEO CRAWL,Existing crawled URL; preserve search equity
/office-and-writing/file-and-folder/mesh-zipper-document-bag,PRODUCT,Mesh Zipper Document Bag,MongoDB seed/catalog,INDEXABLE,https://printkee.com/office-and-writing/file-and-folder/mesh-zipper-document-bag,YES,AVAILABLE,VERIFIED IN SEO CRAWL,Existing crawled URL; preserve search equity
/office-and-writing/file-and-folder/a4-file-storage-box,PRODUCT,A4 File Storage Box,MongoDB seed/catalog,INDEXABLE,https://printkee.com/office-and-writing/file-and-folder/a4-file-storage-box,YES,AVAILABLE,VERIFIED IN SEO CRAWL,Existing crawled URL; preserve search equity
/office-and-writing/pen-and-writing-set,SUBCATEGORY,Custom Pen & Writing Set in Delhi NCR,MongoDB seed/catalog,INDEXABLE,https://printkee.com/office-and-writing/pen-and-writing-set,YES,AVAILABLE,VERIFIED IN SEO CRAWL,Existing crawled URL; preserve search equity
/office-and-writing/pen-and-writing-set/premium-metal-ball-pen,PRODUCT,Premium Metal Ball Pen,MongoDB seed/catalog,INDEXABLE,https://printkee.com/office-and-writing/pen-and-writing-set/premium-metal-ball-pen,YES,AVAILABLE,VERIFIED IN SEO CRAWL,Existing crawled URL; preserve search equity
/office-and-writing/pen-and-writing-set/smooth-writing-gel-pen,PRODUCT,Smooth Writing Gel Pen,MongoDB seed/catalog,INDEXABLE,https://printkee.com/office-and-writing/pen-and-writing-set/smooth-writing-gel-pen,YES,AVAILABLE,VERIFIED IN SEO CRAWL,Existing crawled URL; preserve search equity
/office-and-writing/pen-and-writing-set/deluxe-pen-writing-set,PRODUCT,Deluxe Pen & Writing Set,MongoDB seed/catalog,INDEXABLE,https://printkee.com/office-and-writing/pen-and-writing-set/deluxe-pen-writing-set,YES,AVAILABLE,VERIFIED IN SEO CRAWL,Existing crawled URL; preserve search equity
/office-and-writing/pen-and-writing-set/economy-ball-pen,PRODUCT,Economy Ball Pen,MongoDB seed/catalog,INDEXABLE,https://printkee.com/office-and-writing/pen-and-writing-set/economy-ball-pen,YES,AVAILABLE,VERIFIED IN SEO CRAWL,Existing crawled URL; preserve search equity
/office-and-writing/pen-and-writing-set/executive-pen-gift-set,PRODUCT,Executive Pen Gift Set,MongoDB seed/catalog,INDEXABLE,https://printkee.com/office-and-writing/pen-and-writing-set/executive-pen-gift-set,YES,AVAILABLE,VERIFIED IN SEO CRAWL,Existing crawled URL; preserve search equity
/office-and-writing/pen-and-writing-set/dual-stylus-ball-pen,PRODUCT,Dual Stylus & Ball Pen,MongoDB seed/catalog,INDEXABLE,https://printkee.com/office-and-writing/pen-and-writing-set/dual-stylus-ball-pen,YES,AVAILABLE,VERIFIED IN SEO CRAWL,Existing crawled URL; preserve search equity
/office-and-writing/lanyard-and-id-card,SUBCATEGORY,Custom Lanyard & ID Card in Delhi NCR,MongoDB seed/catalog,INDEXABLE,https://printkee.com/office-and-writing/lanyard-and-id-card,YES,AVAILABLE,VERIFIED IN SEO CRAWL,Existing crawled URL; preserve search equity
/office-and-writing/lanyard-and-id-card/premium-polyester-lanyard-id-card,PRODUCT,Premium Polyester Lanyard with ID Card Holder,MongoDB seed/catalog,INDEXABLE,https://printkee.com/office-and-writing/lanyard-and-id-card/premium-polyester-lanyard-id-card,YES,AVAILABLE,VERIFIED IN SEO CRAWL,Existing crawled URL; preserve search equity
/office-and-writing/lanyard-and-id-card/satin-lanyard-transparent-id-card,PRODUCT,Satin Lanyard with Transparent ID Card Holder,MongoDB seed/catalog,INDEXABLE,https://printkee.com/office-and-writing/lanyard-and-id-card/satin-lanyard-transparent-id-card,YES,AVAILABLE,VERIFIED IN SEO CRAWL,Existing crawled URL; preserve search equity
/office-and-writing/lanyard-and-id-card/tubular-lanyard-printed-id-card,PRODUCT,Tubular Lanyard with Printed ID Card,MongoDB seed/catalog,INDEXABLE,https://printkee.com/office-and-writing/lanyard-and-id-card/tubular-lanyard-printed-id-card,YES,AVAILABLE,VERIFIED IN SEO CRAWL,Existing crawled URL; preserve search equity
/office-and-writing/lanyard-and-id-card/woven-branded-lanyard-pvc-id-card,PRODUCT,Woven Branded Lanyard with PVC ID Card,MongoDB seed/catalog,INDEXABLE,https://printkee.com/office-and-writing/lanyard-and-id-card/woven-branded-lanyard-pvc-id-card,YES,AVAILABLE,VERIFIED IN SEO CRAWL,Existing crawled URL; preserve search equity
/office-and-writing/lanyard-and-id-card/eco-friendly-lanyard-id-card,PRODUCT,Eco-Friendly Lanyard with Biodegradable ID Card,MongoDB seed/catalog,INDEXABLE,https://printkee.com/office-and-writing/lanyard-and-id-card/eco-friendly-lanyard-id-card,YES,AVAILABLE,VERIFIED IN SEO CRAWL,Existing crawled URL; preserve search equity
/office-and-writing/lanyard-and-id-card/double-layer-printed-lanyard-id-card,PRODUCT,Double Layer Printed Lanyard with ID Card,MongoDB seed/catalog,INDEXABLE,https://printkee.com/office-and-writing/lanyard-and-id-card/double-layer-printed-lanyard-id-card,YES,AVAILABLE,VERIFIED IN SEO CRAWL,Existing crawled URL; preserve search equity
/office-and-writing/notebooks-and-diary-sets,SUBCATEGORY,Customized Notebooks & Diaries in Delhi ,MongoDB seed/catalog,INDEXABLE,https://printkee.com/office-and-writing/notebooks-and-diary-sets,YES,AVAILABLE,VERIFIED IN SEO CRAWL,Existing crawled URL; preserve search equity
/office-and-writing/notebooks-and-diary-sets/a5-premium-hardcover-notebook,PRODUCT,A5 Premium Hardcover Notebook,MongoDB seed/catalog,INDEXABLE,https://printkee.com/office-and-writing/notebooks-and-diary-sets/a5-premium-hardcover-notebook,YES,AVAILABLE,VERIFIED IN SEO CRAWL,Existing crawled URL; preserve search equity
/office-and-writing/notebooks-and-diary-sets/a5-spiral-bound-notebook,PRODUCT,A5 Spiral Bound Notebook,MongoDB seed/catalog,INDEXABLE,https://printkee.com/office-and-writing/notebooks-and-diary-sets/a5-spiral-bound-notebook,YES,AVAILABLE,VERIFIED IN SEO CRAWL,Existing crawled URL; preserve search equity
/office-and-writing/notebooks-and-diary-sets/executive-a5-pu-leather-diary,PRODUCT,Executive A5 PU Leather Diary,MongoDB seed/catalog,INDEXABLE,https://printkee.com/office-and-writing/notebooks-and-diary-sets/executive-a5-pu-leather-diary,YES,AVAILABLE,VERIFIED IN SEO CRAWL,Existing crawled URL; preserve search equity
/office-and-writing/notebooks-and-diary-sets/a5-hardbound-ruled-notebook,PRODUCT,A5 Hardbound Ruled Notebook,MongoDB seed/catalog,INDEXABLE,https://printkee.com/office-and-writing/notebooks-and-diary-sets/a5-hardbound-ruled-notebook,YES,AVAILABLE,VERIFIED IN SEO CRAWL,Existing crawled URL; preserve search equity
/office-and-writing/notebooks-and-diary-sets/eco-friendly-cork-notebook,PRODUCT,Eco-Friendly Cork Cover Notebook,MongoDB seed/catalog,INDEXABLE,https://printkee.com/office-and-writing/notebooks-and-diary-sets/eco-friendly-cork-notebook,YES,AVAILABLE,VERIFIED IN SEO CRAWL,Existing crawled URL; preserve search equity
/office-and-writing/notebooks-and-diary-sets/premium-notebook-diary-gift-set,PRODUCT,Premium Notebook & Diary Gift Set,MongoDB seed/catalog,INDEXABLE,https://printkee.com/office-and-writing/notebooks-and-diary-sets/premium-notebook-diary-gift-set,YES,AVAILABLE,VERIFIED IN SEO CRAWL,Existing crawled URL; preserve search equity
/collection,CATEGORY,Collection,MongoDB seed/catalog,INDEXABLE,https://printkee.com/collection,YES,AVAILABLE,VERIFIED IN SEO CRAWL,Existing crawled URL; preserve search equity
/collection/welcome-kits,SUBCATEGORY,Customized Welcome Kit in Delhi,MongoDB seed/catalog,INDEXABLE,https://printkee.com/collection/welcome-kits,YES,AVAILABLE,VERIFIED IN SEO CRAWL,Existing crawled URL; preserve search equity
/collection/welcome-kits/premium-corporate-welcome-kit,PRODUCT,Premium Corporate Welcome Kit,MongoDB seed/catalog,INDEXABLE,https://printkee.com/collection/welcome-kits/premium-corporate-welcome-kit,YES,AVAILABLE,VERIFIED IN SEO CRAWL,Existing crawled URL; preserve search equity
/collection/welcome-kits/essential-employee-welcome-kit,PRODUCT,Essential Employee Welcome Kit,MongoDB seed/catalog,INDEXABLE,https://printkee.com/collection/welcome-kits/essential-employee-welcome-kit,YES,AVAILABLE,VERIFIED IN SEO CRAWL,Existing crawled URL; preserve search equity
/collection/welcome-kits/basic-corporate-welcome-kit,PRODUCT,Basic Corporate Welcome Kit,MongoDB seed/catalog,INDEXABLE,https://printkee.com/collection/welcome-kits/basic-corporate-welcome-kit,YES,AVAILABLE,VERIFIED IN SEO CRAWL,Existing crawled URL; preserve search equity
/collection/welcome-kits/executive-employee-welcome-kit,PRODUCT,Executive Employee Welcome Kit,MongoDB seed/catalog,INDEXABLE,https://printkee.com/collection/welcome-kits/executive-employee-welcome-kit,YES,AVAILABLE,VERIFIED IN SEO CRAWL,Existing crawled URL; preserve search equity
/collection/welcome-kits/eco-friendly-welcome-kit,PRODUCT,Eco-Friendly Welcome Kit,MongoDB seed/catalog,INDEXABLE,https://printkee.com/collection/welcome-kits/eco-friendly-welcome-kit,YES,AVAILABLE,VERIFIED IN SEO CRAWL,Existing crawled URL; preserve search equity
/collection/promotional-clocks,SUBCATEGORY,Promotional Clock in Delhi,MongoDB seed/catalog,INDEXABLE,https://printkee.com/collection/promotional-clocks,YES,AVAILABLE,VERIFIED IN SEO CRAWL,Existing crawled URL; preserve search equity
/collection/promotional-clocks/classic-round-promotional-wall-clock,PRODUCT,Classic Round Wall Clock,MongoDB seed/catalog,INDEXABLE,https://printkee.com/collection/promotional-clocks/classic-round-promotional-wall-clock,YES,AVAILABLE,VERIFIED IN SEO CRAWL,Existing crawled URL; preserve search equity
/collection/promotional-clocks/square-promotional-wall-clock,PRODUCT,Square Promotional Wall Clock,MongoDB seed/catalog,INDEXABLE,https://printkee.com/collection/promotional-clocks/square-promotional-wall-clock,YES,AVAILABLE,VERIFIED IN SEO CRAWL,Existing crawled URL; preserve search equity
/collection/promotional-clocks/modern-promotional-desk-clock,PRODUCT,Modern Desk Clock,MongoDB seed/catalog,INDEXABLE,https://printkee.com/collection/promotional-clocks/modern-promotional-desk-clock,YES,AVAILABLE,VERIFIED IN SEO CRAWL,Existing crawled URL; preserve search equity
/collection/promotional-clocks/premium-metal-wall-clock,PRODUCT,Premium Metal Wall Clock,MongoDB seed/catalog,INDEXABLE,https://printkee.com/collection/promotional-clocks/premium-metal-wall-clock,YES,AVAILABLE,VERIFIED IN SEO CRAWL,Existing crawled URL; preserve search equity
/collection/promotional-clocks/digital-led-desk-clock,PRODUCT,Digital LED Desk Clock,MongoDB seed/catalog,INDEXABLE,https://printkee.com/collection/promotional-clocks/digital-led-desk-clock,YES,AVAILABLE,VERIFIED IN SEO CRAWL,Existing crawled URL; preserve search equity
/collection/promotional-clocks/wooden-finish-promotional-clock,PRODUCT,Wooden Finish Promotional Clock,MongoDB seed/catalog,INDEXABLE,https://printkee.com/collection/promotional-clocks/wooden-finish-promotional-clock,YES,AVAILABLE,VERIFIED IN SEO CRAWL,Existing crawled URL; preserve search equity
/collection/keychains,SUBCATEGORY,Custom Keychain in Delhi,MongoDB seed/catalog,INDEXABLE,https://printkee.com/collection/keychains,YES,AVAILABLE,VERIFIED IN SEO CRAWL,Existing crawled URL; preserve search equity
/collection/keychains/classic-metal-corporate-keychain,PRODUCT,Classic Metal Corporate Keychain,MongoDB seed/catalog,INDEXABLE,https://printkee.com/collection/keychains/classic-metal-corporate-keychain,YES,AVAILABLE,VERIFIED IN SEO CRAWL,Existing crawled URL; preserve search equity
/collection/keychains/premium-leather-keychain,PRODUCT,Premium Leather Keychain,MongoDB seed/catalog,INDEXABLE,https://printkee.com/collection/keychains/premium-leather-keychain,YES,AVAILABLE,VERIFIED IN SEO CRAWL,Existing crawled URL; preserve search equity
/collection/keychains/metal-ring-keychain,PRODUCT,Metal Ring Keychain,MongoDB seed/catalog,INDEXABLE,https://printkee.com/collection/keychains/metal-ring-keychain,YES,AVAILABLE,VERIFIED IN SEO CRAWL,Existing crawled URL; preserve search equity
/collection/keychains/acrylic-printed-keychain,PRODUCT,Acrylic Printed Keychain,MongoDB seed/catalog,INDEXABLE,https://printkee.com/collection/keychains/acrylic-printed-keychain,YES,AVAILABLE,VERIFIED IN SEO CRAWL,Existing crawled URL; preserve search equity
/collection/keychains/rectangle-metal-keychain,PRODUCT,Rectangle Metal Keychain,MongoDB seed/catalog,INDEXABLE,https://printkee.com/collection/keychains/rectangle-metal-keychain,YES,AVAILABLE,VERIFIED IN SEO CRAWL,Existing crawled URL; preserve search equity
/collection/keychains/round-printed-keychain,PRODUCT,Round Printed Keychain,MongoDB seed/catalog,INDEXABLE,https://printkee.com/collection/keychains/round-printed-keychain,YES,AVAILABLE,VERIFIED IN SEO CRAWL,Existing crawled URL; preserve search equity
/collection/keychains/eco-friendly-bamboo-keychain,PRODUCT,Eco-Friendly Bamboo Keychain,MongoDB seed/catalog,INDEXABLE,https://printkee.com/collection/keychains/eco-friendly-bamboo-keychain,YES,AVAILABLE,VERIFIED IN SEO CRAWL,Existing crawled URL; preserve search equity
/collection/keychains/led-light-keychain,PRODUCT,LED Light Keychain,MongoDB seed/catalog,INDEXABLE,https://printkee.com/collection/keychains/led-light-keychain,YES,AVAILABLE,VERIFIED IN SEO CRAWL,Existing crawled URL; preserve search equity
/collection/keychains/carabiner-metal-keychain,PRODUCT,Carabiner Metal Keychain,MongoDB seed/catalog,INDEXABLE,https://printkee.com/collection/keychains/carabiner-metal-keychain,YES,AVAILABLE,VERIFIED IN SEO CRAWL,Existing crawled URL; preserve search equity
/collection/keychains/custom-name-keychain,PRODUCT,Custom Name Keychain,MongoDB seed/catalog,INDEXABLE,https://printkee.com/collection/keychains/custom-name-keychain,YES,AVAILABLE,VERIFIED IN SEO CRAWL,Existing crawled URL; preserve search equity
/bags-and-travel,CATEGORY,Bags and Travel,MongoDB seed/catalog,INDEXABLE,https://printkee.com/bags-and-travel,YES,AVAILABLE,VERIFIED IN SEO CRAWL,Existing crawled URL; preserve search equity
/bags-and-travel/backpacks,SUBCATEGORY,Backpacks Manufacturers in Delhi NCR,MongoDB seed/catalog,INDEXABLE,https://printkee.com/bags-and-travel/backpacks,YES,AVAILABLE,VERIFIED IN SEO CRAWL,Existing crawled URL; preserve search equity
/bags-and-travel/backpacks/classic-corporate-office-backpack,PRODUCT,Classic Corporate Office Backpack,MongoDB seed/catalog,INDEXABLE,https://printkee.com/bags-and-travel/backpacks/classic-corporate-office-backpack,YES,AVAILABLE,VERIFIED IN SEO CRAWL,Existing crawled URL; preserve search equity
/bags-and-travel/backpacks/professional-laptop-backpack,PRODUCT,Professional Laptop Backpack,MongoDB seed/catalog,INDEXABLE,https://printkee.com/bags-and-travel/backpacks/professional-laptop-backpack,YES,AVAILABLE,VERIFIED IN SEO CRAWL,Existing crawled URL; preserve search equity
/bags-and-travel/backpacks/economy-corporate-backpack,PRODUCT,Economy Corporate Backpack,MongoDB seed/catalog,INDEXABLE,https://printkee.com/bags-and-travel/backpacks/economy-corporate-backpack,YES,AVAILABLE,VERIFIED IN SEO CRAWL,Existing crawled URL; preserve search equity
/bags-and-travel/backpacks/travel-outdoor-promotional-backpack,PRODUCT,Travel & Outdoor Backpack,MongoDB seed/catalog,INDEXABLE,https://printkee.com/bags-and-travel/backpacks/travel-outdoor-promotional-backpack,YES,AVAILABLE,VERIFIED IN SEO CRAWL,Existing crawled URL; preserve search equity
/bags-and-travel/backpacks/anti-theft-laptop-backpack,PRODUCT,Anti-Theft Laptop Backpack,MongoDB seed/catalog,INDEXABLE,https://printkee.com/bags-and-travel/backpacks/anti-theft-laptop-backpack,YES,AVAILABLE,VERIFIED IN SEO CRAWL,Existing crawled URL; preserve search equity
/bags-and-travel/backpacks/premium-executive-backpack,PRODUCT,Premium Executive Backpack,MongoDB seed/catalog,INDEXABLE,https://printkee.com/bags-and-travel/backpacks/premium-executive-backpack,YES,AVAILABLE,VERIFIED IN SEO CRAWL,Existing crawled URL; preserve search equity
/bags-and-travel/foldable-bags,SUBCATEGORY,Foldable Bag Manufacturers in Delhi,MongoDB seed/catalog,INDEXABLE,https://printkee.com/bags-and-travel/foldable-bags,YES,AVAILABLE,VERIFIED IN SEO CRAWL,Existing crawled URL; preserve search equity
/bags-and-travel/foldable-bags/compact-foldable-shopping-bag,PRODUCT,Compact Foldable Shopping Bag,MongoDB seed/catalog,INDEXABLE,https://printkee.com/bags-and-travel/foldable-bags/compact-foldable-shopping-bag,YES,AVAILABLE,VERIFIED IN SEO CRAWL,Existing crawled URL; preserve search equity
/bags-and-travel/foldable-bags/zipper-foldable-tote-bag,PRODUCT,Zipper Foldable Tote Bag,MongoDB seed/catalog,INDEXABLE,https://printkee.com/bags-and-travel/foldable-bags/zipper-foldable-tote-bag,YES,AVAILABLE,VERIFIED IN SEO CRAWL,Existing crawled URL; preserve search equity
/bags-and-travel/foldable-bags/premium-foldable-travel-bag,PRODUCT,Premium Foldable Travel Bag,MongoDB seed/catalog,INDEXABLE,https://printkee.com/bags-and-travel/foldable-bags/premium-foldable-travel-bag,YES,AVAILABLE,VERIFIED IN SEO CRAWL,Existing crawled URL; preserve search equity
/bags-and-travel/duffle-bags,SUBCATEGORY, Custom Duffle Bag Manufacturers in Delhi ,MongoDB seed/catalog,INDEXABLE,https://printkee.com/bags-and-travel/duffle-bags,YES,AVAILABLE,VERIFIED IN SEO CRAWL,Existing crawled URL; preserve search equity
/bags-and-travel/duffle-bags/classic-sports-duffle-bag,PRODUCT,Classic Sports Duffle Bag,MongoDB seed/catalog,INDEXABLE,https://printkee.com/bags-and-travel/duffle-bags/classic-sports-duffle-bag,YES,AVAILABLE,VERIFIED IN SEO CRAWL,Existing crawled URL; preserve search equity
/bags-and-travel/duffle-bags/travel-and-gym-duffle-bag,PRODUCT,Travel & Gym Duffle Bag,MongoDB seed/catalog,INDEXABLE,https://printkee.com/bags-and-travel/duffle-bags/travel-and-gym-duffle-bag,YES,AVAILABLE,VERIFIED IN SEO CRAWL,Existing crawled URL; preserve search equity
/bags-and-travel/duffle-bags/premium-leatherette-duffle-bag,PRODUCT,Premium Leatherette Duffle Bag,MongoDB seed/catalog,INDEXABLE,https://printkee.com/bags-and-travel/duffle-bags/premium-leatherette-duffle-bag,YES,AVAILABLE,VERIFIED IN SEO CRAWL,Existing crawled URL; preserve search equity
/bags-and-travel/duffle-bags/weekender-travel-duffle-bag,PRODUCT,Weekender Travel Duffle Bag,MongoDB seed/catalog,INDEXABLE,https://printkee.com/bags-and-travel/duffle-bags/weekender-travel-duffle-bag,YES,AVAILABLE,VERIFIED IN SEO CRAWL,Existing crawled URL; preserve search equity
/bags-and-travel/tote-bags,SUBCATEGORY,Tote Bags Manufacturers in Delhi,MongoDB seed/catalog,INDEXABLE,https://printkee.com/bags-and-travel/tote-bags,YES,AVAILABLE,VERIFIED IN SEO CRAWL,Existing crawled URL; preserve search equity
/bags-and-travel/tote-bags/premium-cotton-tote-bag,PRODUCT,Premium Cotton Tote Bag,MongoDB seed/catalog,INDEXABLE,https://printkee.com/bags-and-travel/tote-bags/premium-cotton-tote-bag,YES,AVAILABLE,VERIFIED IN SEO CRAWL,Existing crawled URL; preserve search equity
/bags-and-travel/tote-bags/natural-jute-tote-bag,PRODUCT,Natural Jute Tote Bag,MongoDB seed/catalog,INDEXABLE,https://printkee.com/bags-and-travel/tote-bags/natural-jute-tote-bag,YES,AVAILABLE,VERIFIED IN SEO CRAWL,Existing crawled URL; preserve search equity
/bags-and-travel/tote-bags/premium-canvas-tote-bag,PRODUCT,Premium Canvas Tote Bag,MongoDB seed/catalog,INDEXABLE,https://printkee.com/bags-and-travel/tote-bags/premium-canvas-tote-bag,YES,AVAILABLE,VERIFIED IN SEO CRAWL,Existing crawled URL; preserve search equity
/bags-and-travel/tote-bags/foldable-tote-bag,PRODUCT,Foldable Tote Bag,MongoDB seed/catalog,INDEXABLE,https://printkee.com/bags-and-travel/tote-bags/foldable-tote-bag,YES,AVAILABLE,VERIFIED IN SEO CRAWL,Existing crawled URL; preserve search equity
/bags-and-travel/tote-bags/printed-jute-tote-bag,PRODUCT,Printed Jute Tote Bag,MongoDB seed/catalog,INDEXABLE,https://printkee.com/bags-and-travel/tote-bags/printed-jute-tote-bag,YES,AVAILABLE,VERIFIED IN SEO CRAWL,Existing crawled URL; preserve search equity
/bags-and-travel/tote-bags/executive-canvas-tote-bag,PRODUCT,Executive Canvas Tote Bag,MongoDB seed/catalog,INDEXABLE,https://printkee.com/bags-and-travel/tote-bags/executive-canvas-tote-bag,YES,AVAILABLE,VERIFIED IN SEO CRAWL,Existing crawled URL; preserve search equity
/technology-accessories,CATEGORY,Technology Accessories,MongoDB seed/catalog,INDEXABLE,https://printkee.com/technology-accessories,YES,AVAILABLE,VERIFIED IN SEO CRAWL,Existing crawled URL; preserve search equity
/technology-accessories/wireless-charging,SUBCATEGORY,Custom Wireless Charger ,MongoDB seed/catalog,INDEXABLE,https://printkee.com/technology-accessories/wireless-charging,YES,AVAILABLE,VERIFIED IN SEO CRAWL,Existing crawled URL; preserve search equity
/technology-accessories/wireless-charging/fast-charging-wireless-pad,PRODUCT,Fast Charging Wireless Pad,MongoDB seed/catalog,INDEXABLE,https://printkee.com/technology-accessories/wireless-charging/fast-charging-wireless-pad,YES,AVAILABLE,VERIFIED IN SEO CRAWL,Existing crawled URL; preserve search equity
/technology-accessories/wireless-charging/wireless-charger-stand,PRODUCT,Wireless Charger Stand,MongoDB seed/catalog,INDEXABLE,https://printkee.com/technology-accessories/wireless-charging/wireless-charger-stand,YES,AVAILABLE,VERIFIED IN SEO CRAWL,Existing crawled URL; preserve search equity
/technology-accessories/wireless-charging/3-in-1-wireless-charging-dock,PRODUCT,3-in-1 Wireless Charging Dock,MongoDB seed/catalog,INDEXABLE,https://printkee.com/technology-accessories/wireless-charging/3-in-1-wireless-charging-dock,YES,AVAILABLE,VERIFIED IN SEO CRAWL,Existing crawled URL; preserve search equity
/technology-accessories/wireless-charging/magsafe-compatible-wireless-charger,PRODUCT,MagSafe Compatible Wireless Charger,MongoDB seed/catalog,INDEXABLE,https://printkee.com/technology-accessories/wireless-charging/magsafe-compatible-wireless-charger,YES,AVAILABLE,VERIFIED IN SEO CRAWL,Existing crawled URL; preserve search equity
/technology-accessories/wireless-charging/wooden-finish-wireless-charger,PRODUCT,Wooden Finish Wireless Charger,MongoDB seed/catalog,INDEXABLE,https://printkee.com/technology-accessories/wireless-charging/wooden-finish-wireless-charger,YES,AVAILABLE,VERIFIED IN SEO CRAWL,Existing crawled URL; preserve search equity
/technology-accessories/computer-accessories,SUBCATEGORY,Custom Computer Accessories in Delhi NCR,MongoDB seed/catalog,INDEXABLE,https://printkee.com/technology-accessories/computer-accessories,YES,AVAILABLE,VERIFIED IN SEO CRAWL,Existing crawled URL; preserve search equity
/technology-accessories/computer-accessories/classic-optical-usb-mouse,PRODUCT,Classic Optical USB Mouse,MongoDB seed/catalog,INDEXABLE,https://printkee.com/technology-accessories/computer-accessories/classic-optical-usb-mouse,YES,AVAILABLE,VERIFIED IN SEO CRAWL,Existing crawled URL; preserve search equity
/technology-accessories/computer-accessories/wireless-silent-mouse,PRODUCT,Wireless Silent Mouse,MongoDB seed/catalog,INDEXABLE,https://printkee.com/technology-accessories/computer-accessories/wireless-silent-mouse,YES,AVAILABLE,VERIFIED IN SEO CRAWL,Existing crawled URL; preserve search equity
/technology-accessories/computer-accessories/ergonomic-professional-mouse,PRODUCT,Ergonomic Professional Mouse,MongoDB seed/catalog,INDEXABLE,https://printkee.com/technology-accessories/computer-accessories/ergonomic-professional-mouse,YES,AVAILABLE,VERIFIED IN SEO CRAWL,Existing crawled URL; preserve search equity
/technology-accessories/computer-accessories/bluetooth-ultra-slim-mouse,PRODUCT,Bluetooth Ultra-Slim Mouse,MongoDB seed/catalog,INDEXABLE,https://printkee.com/technology-accessories/computer-accessories/bluetooth-ultra-slim-mouse,YES,AVAILABLE,VERIFIED IN SEO CRAWL,Existing crawled URL; preserve search equity
/technology-accessories/computer-accessories/standard-wired-office-keyboard,PRODUCT,Standard Wired Office Keyboard,MongoDB seed/catalog,INDEXABLE,https://printkee.com/technology-accessories/computer-accessories/standard-wired-office-keyboard,YES,AVAILABLE,VERIFIED IN SEO CRAWL,Existing crawled URL; preserve search equity
/technology-accessories/computer-accessories/compact-wireless-keyboard,PRODUCT,Compact Wireless Keyboard,MongoDB seed/catalog,INDEXABLE,https://printkee.com/technology-accessories/computer-accessories/compact-wireless-keyboard,YES,AVAILABLE,VERIFIED IN SEO CRAWL,Existing crawled URL; preserve search equity
/technology-accessories/computer-accessories/multi-device-bluetooth-keyboard,PRODUCT,Multi-Device Bluetooth Keyboard,MongoDB seed/catalog,INDEXABLE,https://printkee.com/technology-accessories/computer-accessories/multi-device-bluetooth-keyboard,YES,AVAILABLE,VERIFIED IN SEO CRAWL,Existing crawled URL; preserve search equity
/technology-accessories/computer-accessories/professional-mechanical-keyboard,PRODUCT,Professional Mechanical Keyboard,MongoDB seed/catalog,INDEXABLE,https://printkee.com/technology-accessories/computer-accessories/professional-mechanical-keyboard,YES,AVAILABLE,VERIFIED IN SEO CRAWL,Existing crawled URL; preserve search equity
/technology-accessories/power-banks,SUBCATEGORY,Custom Power Bank in Delhi NCR,MongoDB seed/catalog,INDEXABLE,https://printkee.com/technology-accessories/power-banks,YES,AVAILABLE,VERIFIED IN SEO CRAWL,Existing crawled URL; preserve search equity
/technology-accessories/power-banks/10000mah-slim-power-bank,PRODUCT,"10,000mAh Slim Power Bank",MongoDB seed/catalog,INDEXABLE,https://printkee.com/technology-accessories/power-banks/10000mah-slim-power-bank,YES,AVAILABLE,VERIFIED IN SEO CRAWL,Existing crawled URL; preserve search equity
/technology-accessories/power-banks/20000mah-fast-charging-power-bank,PRODUCT,"20,000mAh Fast Charging Power Bank",MongoDB seed/catalog,INDEXABLE,https://printkee.com/technology-accessories/power-banks/20000mah-fast-charging-power-bank,YES,AVAILABLE,VERIFIED IN SEO CRAWL,Existing crawled URL; preserve search equity
/technology-accessories/power-banks/mini-pocket-power-bank-5000mah,PRODUCT,Mini Pocket Power Bank 5000mAh,MongoDB seed/catalog,INDEXABLE,https://printkee.com/technology-accessories/power-banks/mini-pocket-power-bank-5000mah,YES,AVAILABLE,VERIFIED IN SEO CRAWL,Existing crawled URL; preserve search equity
/technology-accessories/power-banks/wireless-charging-power-bank-10000mah,PRODUCT,"Wireless Charging Power Bank 10,000mAh",MongoDB seed/catalog,INDEXABLE,https://printkee.com/technology-accessories/power-banks/wireless-charging-power-bank-10000mah,YES,AVAILABLE,VERIFIED IN SEO CRAWL,Existing crawled URL; preserve search equity
/technology-accessories/power-banks/solar-portable-power-bank-10000mah,PRODUCT,"Solar Portable Power Bank 10,000mAh",MongoDB seed/catalog,INDEXABLE,https://printkee.com/technology-accessories/power-banks/solar-portable-power-bank-10000mah,YES,AVAILABLE,VERIFIED IN SEO CRAWL,Existing crawled URL; preserve search equity
/technology-accessories/desktop-and-mousepad,SUBCATEGORY,Custom Desktop & Mousepad ,MongoDB seed/catalog,INDEXABLE,https://printkee.com/technology-accessories/desktop-and-mousepad,YES,AVAILABLE,VERIFIED IN SEO CRAWL,Existing crawled URL; preserve search equity
/technology-accessories/desktop-and-mousepad/xl-desktop-mouse-pad,PRODUCT,XL Desktop Mouse Pad,MongoDB seed/catalog,INDEXABLE,https://printkee.com/technology-accessories/desktop-and-mousepad/xl-desktop-mouse-pad,YES,AVAILABLE,VERIFIED IN SEO CRAWL,Existing crawled URL; preserve search equity
/technology-accessories/desktop-and-mousepad/extended-gaming-mouse-pad,PRODUCT,Extended Gaming Mouse Pad,MongoDB seed/catalog,INDEXABLE,https://printkee.com/technology-accessories/desktop-and-mousepad/extended-gaming-mouse-pad,YES,AVAILABLE,VERIFIED IN SEO CRAWL,Existing crawled URL; preserve search equity
/technology-accessories/desktop-and-mousepad/round-pu-leather-mouse-pad,PRODUCT,Round PU Leather Mouse Pad,MongoDB seed/catalog,INDEXABLE,https://printkee.com/technology-accessories/desktop-and-mousepad/round-pu-leather-mouse-pad,YES,AVAILABLE,VERIFIED IN SEO CRAWL,Existing crawled URL; preserve search equity
/technology-accessories/desktop-and-mousepad/anti-slip-rubber-mouse-pad,PRODUCT,Anti-Slip Rubber Mouse Pad,MongoDB seed/catalog,INDEXABLE,https://printkee.com/technology-accessories/desktop-and-mousepad/anti-slip-rubber-mouse-pad,YES,AVAILABLE,VERIFIED IN SEO CRAWL,Existing crawled URL; preserve search equity
/eco-products,CATEGORY,Eco Products,MongoDB seed/catalog,INDEXABLE,https://printkee.com/eco-products,YES,AVAILABLE,VERIFIED IN SEO CRAWL,Existing crawled URL; preserve search equity
/eco-products/cork-sheet,SUBCATEGORY,Custom Cork Sheet ,MongoDB seed/catalog,INDEXABLE,https://printkee.com/eco-products/cork-sheet,YES,AVAILABLE,VERIFIED IN SEO CRAWL,Existing crawled URL; preserve search equity
/eco-products/cork-sheet/1mm-medium-grain-cork-sheet,PRODUCT,1 mm Medium Grain Cork Sheet,MongoDB seed/catalog,INDEXABLE,https://printkee.com/eco-products/cork-sheet/1mm-medium-grain-cork-sheet,YES,AVAILABLE,VERIFIED IN SEO CRAWL,Existing crawled URL; preserve search equity
/eco-products/cork-sheet/2mm-medium-grain-cork-sheet,PRODUCT,2 mm Medium Grain Cork Sheet,MongoDB seed/catalog,INDEXABLE,https://printkee.com/eco-products/cork-sheet/2mm-medium-grain-cork-sheet,YES,AVAILABLE,VERIFIED IN SEO CRAWL,Existing crawled URL; preserve search equity
/eco-products/cork-sheet/3mm-medium-grain-cork-sheet,PRODUCT,3 mm Medium Grain Cork Sheet,MongoDB seed/catalog,INDEXABLE,https://printkee.com/eco-products/cork-sheet/3mm-medium-grain-cork-sheet,YES,AVAILABLE,VERIFIED IN SEO CRAWL,Existing crawled URL; preserve search equity
/eco-products/cork-sheet/4mm-medium-grain-cork-sheet,PRODUCT,4 mm Medium Grain Cork Sheet,MongoDB seed/catalog,INDEXABLE,https://printkee.com/eco-products/cork-sheet/4mm-medium-grain-cork-sheet,YES,AVAILABLE,VERIFIED IN SEO CRAWL,Existing crawled URL; preserve search equity
/eco-products/cork-corporate-gifting-combo,SUBCATEGORY,Custom Cork Corporate Gifting Combos ,MongoDB seed/catalog,INDEXABLE,https://printkee.com/eco-products/cork-corporate-gifting-combo,YES,AVAILABLE,VERIFIED IN SEO CRAWL,Existing crawled URL; preserve search equity
/eco-products/cork-corporate-gifting-combo/corporate-cork-gift-combo-a,PRODUCT,Corporate Cork Gift Combo A,MongoDB seed/catalog,INDEXABLE,https://printkee.com/eco-products/cork-corporate-gifting-combo/corporate-cork-gift-combo-a,YES,AVAILABLE,VERIFIED IN SEO CRAWL,Existing crawled URL; preserve search equity
/eco-products/cork-corporate-gifting-combo/corporate-cork-gift-combo-b,PRODUCT,Corporate Cork Gift Combo B,MongoDB seed/catalog,INDEXABLE,https://printkee.com/eco-products/cork-corporate-gifting-combo/corporate-cork-gift-combo-b,YES,AVAILABLE,VERIFIED IN SEO CRAWL,Existing crawled URL; preserve search equity
/eco-products/cork-corporate-gifting-combo/corporate-cork-gift-combo-c,PRODUCT,Corporate Cork Gift Combo C,MongoDB seed/catalog,INDEXABLE,https://printkee.com/eco-products/cork-corporate-gifting-combo/corporate-cork-gift-combo-c,YES,AVAILABLE,VERIFIED IN SEO CRAWL,Existing crawled URL; preserve search equity
/eco-products/cork-corporate-gifting-combo/corporate-cork-gift-combo-d,PRODUCT,Corporate Cork Gift Combo D,MongoDB seed/catalog,INDEXABLE,https://printkee.com/eco-products/cork-corporate-gifting-combo/corporate-cork-gift-combo-d,YES,AVAILABLE,VERIFIED IN SEO CRAWL,Existing crawled URL; preserve search equity
/eco-products/cork-coaster,SUBCATEGORY,Promotional Cork Coaster in Delhi NCR,MongoDB seed/catalog,INDEXABLE,https://printkee.com/eco-products/cork-coaster,YES,AVAILABLE,VERIFIED IN SEO CRAWL,Existing crawled URL; preserve search equity
/eco-products/cork-coaster/4-piece-cork-coasters,PRODUCT,4 Piece Cork Coasters,MongoDB seed/catalog,INDEXABLE,https://printkee.com/eco-products/cork-coaster/4-piece-cork-coasters,YES,AVAILABLE,VERIFIED IN SEO CRAWL,Existing crawled URL; preserve search equity
/eco-products/cork-coaster/large-grain-cork-coasters,PRODUCT,Large Grain Cork Coasters,MongoDB seed/catalog,INDEXABLE,https://printkee.com/eco-products/cork-coaster/large-grain-cork-coasters,YES,AVAILABLE,VERIFIED IN SEO CRAWL,Existing crawled URL; preserve search equity
/eco-products/cork-coaster/natural-cork-coasters,PRODUCT,Natural Cork Coasters,MongoDB seed/catalog,INDEXABLE,https://printkee.com/eco-products/cork-coaster/natural-cork-coasters,YES,AVAILABLE,VERIFIED IN SEO CRAWL,Existing crawled URL; preserve search equity
/eco-products/cork-coaster/square-brige-cork-coasters,PRODUCT,Square Brige Cork Coasters,MongoDB seed/catalog,INDEXABLE,https://printkee.com/eco-products/cork-coaster/square-brige-cork-coasters,YES,AVAILABLE,VERIFIED IN SEO CRAWL,Existing crawled URL; preserve search equity
/eco-products/cork-plant-decorate,SUBCATEGORY,Custom Cork Plant Decorate in Delhi NCR,MongoDB seed/catalog,INDEXABLE,https://printkee.com/eco-products/cork-plant-decorate,YES,AVAILABLE,VERIFIED IN SEO CRAWL,Existing crawled URL; preserve search equity
/eco-products/cork-plant-decorate/cork-multicolored-planter,PRODUCT,Cork Multicolored Planter,MongoDB seed/catalog,INDEXABLE,https://printkee.com/eco-products/cork-plant-decorate/cork-multicolored-planter,YES,AVAILABLE,VERIFIED IN SEO CRAWL,Existing crawled URL; preserve search equity
/eco-products/cork-plant-decorate/cork-round-planter,PRODUCT,Cork Round Planter,MongoDB seed/catalog,INDEXABLE,https://printkee.com/eco-products/cork-plant-decorate/cork-round-planter,YES,AVAILABLE,VERIFIED IN SEO CRAWL,Existing crawled URL; preserve search equity
/eco-products/cork-plant-decorate/choco-chip-cork-planter,PRODUCT,Choco Chip Cork Planter,MongoDB seed/catalog,INDEXABLE,https://printkee.com/eco-products/cork-plant-decorate/choco-chip-cork-planter,YES,AVAILABLE,VERIFIED IN SEO CRAWL,Existing crawled URL; preserve search equity
/eco-products/cork-plant-decorate/aqua-cork-planter,PRODUCT,Aqua Cork Planter,MongoDB seed/catalog,INDEXABLE,https://printkee.com/eco-products/cork-plant-decorate/aqua-cork-planter,YES,AVAILABLE,VERIFIED IN SEO CRAWL,Existing crawled URL; preserve search equity
/eco-products/cork-serving-decorate,SUBCATEGORY,Custom Cork Serving Decoratives ,MongoDB seed/catalog,INDEXABLE,https://printkee.com/eco-products/cork-serving-decorate,YES,AVAILABLE,VERIFIED IN SEO CRAWL,Existing crawled URL; preserve search equity
/eco-products/cork-serving-decorate/cork-dining-table-mat,PRODUCT,Cork Dining Table Mat,MongoDB seed/catalog,INDEXABLE,https://printkee.com/eco-products/cork-serving-decorate/cork-dining-table-mat,YES,AVAILABLE,VERIFIED IN SEO CRAWL,Existing crawled URL; preserve search equity
/eco-products/cork-serving-decorate/cork-serving-tray,PRODUCT,Cork Serving Tray,MongoDB seed/catalog,INDEXABLE,https://printkee.com/eco-products/cork-serving-decorate/cork-serving-tray,YES,AVAILABLE,VERIFIED IN SEO CRAWL,Existing crawled URL; preserve search equity
/eco-products/cork-serving-decorate/olive-cork-table-mat,PRODUCT,Olive Cork Table Mat,MongoDB seed/catalog,INDEXABLE,https://printkee.com/eco-products/cork-serving-decorate/olive-cork-table-mat,YES,AVAILABLE,VERIFIED IN SEO CRAWL,Existing crawled URL; preserve search equity
/eco-products/cork-serving-decorate/natural-cork-table-mat,PRODUCT,Natural Cork Table Mat,MongoDB seed/catalog,INDEXABLE,https://printkee.com/eco-products/cork-serving-decorate/natural-cork-table-mat,YES,AVAILABLE,VERIFIED IN SEO CRAWL,Existing crawled URL; preserve search equity
/eco-products/cork-horeca-range,SUBCATEGORY,Custom Cork Horeca Range in Delhi NCR,MongoDB seed/catalog,INDEXABLE,https://printkee.com/eco-products/cork-horeca-range,YES,AVAILABLE,VERIFIED IN SEO CRAWL,Existing crawled URL; preserve search equity
/eco-products/cork-horeca-range/round-shape-cork-ice-storage-box,PRODUCT,Round Shape Cork Ice Storage Box,MongoDB seed/catalog,INDEXABLE,https://printkee.com/eco-products/cork-horeca-range/round-shape-cork-ice-storage-box,YES,AVAILABLE,VERIFIED IN SEO CRAWL,Existing crawled URL; preserve search equity
/eco-products/cork-horeca-range/cork-juice-dispenser,PRODUCT,Cork Juice Dispenser,MongoDB seed/catalog,INDEXABLE,https://printkee.com/eco-products/cork-horeca-range/cork-juice-dispenser,YES,AVAILABLE,VERIFIED IN SEO CRAWL,Existing crawled URL; preserve search equity
/eco-products/cork-horeca-range/cork-credit-card-holder,PRODUCT,Cork Credit Card Holder,MongoDB seed/catalog,INDEXABLE,https://printkee.com/eco-products/cork-horeca-range/cork-credit-card-holder,YES,AVAILABLE,VERIFIED IN SEO CRAWL,Existing crawled URL; preserve search equity
/eco-products/cork-horeca-range/cork-dessert-display-tray-with-glass,PRODUCT,Cork Dessert Display Tray with Glass,MongoDB seed/catalog,INDEXABLE,https://printkee.com/eco-products/cork-horeca-range/cork-dessert-display-tray-with-glass,YES,AVAILABLE,VERIFIED IN SEO CRAWL,Existing crawled URL; preserve search equity
/eco-products/cork-premium-lighting,SUBCATEGORY,Custom Cork Premium Lighting ,MongoDB seed/catalog,INDEXABLE,https://printkee.com/eco-products/cork-premium-lighting,YES,AVAILABLE,VERIFIED IN SEO CRAWL,Existing crawled URL; preserve search equity
/eco-products/cork-premium-lighting/cork-decorative-table-lamp,PRODUCT,Cork Decorative Table Lamp,MongoDB seed/catalog,INDEXABLE,https://printkee.com/eco-products/cork-premium-lighting/cork-decorative-table-lamp,YES,AVAILABLE,VERIFIED IN SEO CRAWL,Existing crawled URL; preserve search equity
/eco-products/cork-premium-lighting/square-shaped-cork-table-lamp,PRODUCT,Square Shaped Cork Table Lamp,MongoDB seed/catalog,INDEXABLE,https://printkee.com/eco-products/cork-premium-lighting/square-shaped-cork-table-lamp,YES,AVAILABLE,VERIFIED IN SEO CRAWL,Existing crawled URL; preserve search equity
/eco-products/cork-premium-lighting/tall-cork-table-lamp,PRODUCT,Tall Cork Table Lamp,MongoDB seed/catalog,INDEXABLE,https://printkee.com/eco-products/cork-premium-lighting/tall-cork-table-lamp,YES,AVAILABLE,VERIFIED IN SEO CRAWL,Existing crawled URL; preserve search equity
/eco-products/cork-premium-lighting/cork-hanging-lamp,PRODUCT,Cork Hanging Lamp,MongoDB seed/catalog,INDEXABLE,https://printkee.com/eco-products/cork-premium-lighting/cork-hanging-lamp,YES,AVAILABLE,VERIFIED IN SEO CRAWL,Existing crawled URL; preserve search equity
/eco-products/cork-premium-gift-boxes,SUBCATEGORY,Custom Cork Premium Gift Box ,MongoDB seed/catalog,INDEXABLE,https://printkee.com/eco-products/cork-premium-gift-boxes,YES,AVAILABLE,VERIFIED IN SEO CRAWL,Existing crawled URL; preserve search equity
/eco-products/cork-premium-gift-boxes/cork-gift-boxes,PRODUCT,Cork Gift Boxes,MongoDB seed/catalog,INDEXABLE,https://printkee.com/eco-products/cork-premium-gift-boxes/cork-gift-boxes,YES,AVAILABLE,VERIFIED IN SEO CRAWL,Existing crawled URL; preserve search equity
/eco-products/cork-premium-gift-boxes/cork-gift-box,PRODUCT,Cork Gift Box,MongoDB seed/catalog,INDEXABLE,https://printkee.com/eco-products/cork-premium-gift-boxes/cork-gift-box,YES,AVAILABLE,VERIFIED IN SEO CRAWL,Existing crawled URL; preserve search equity
/eco-products/cork-premium-gift-boxes/cork-wine-boxes,PRODUCT,Cork Wine Boxes,MongoDB seed/catalog,INDEXABLE,https://printkee.com/eco-products/cork-premium-gift-boxes/cork-wine-boxes,YES,AVAILABLE,VERIFIED IN SEO CRAWL,Existing crawled URL; preserve search equity
/eco-products/cork-premium-gift-boxes/cork-wine-gift-box,PRODUCT,Cork Wine Gift Box,MongoDB seed/catalog,INDEXABLE,https://printkee.com/eco-products/cork-premium-gift-boxes/cork-wine-gift-box,YES,AVAILABLE,VERIFIED IN SEO CRAWL,Existing crawled URL; preserve search equity
/eco-products/cork-desk-top-accessories,SUBCATEGORY,Custom Cork Desk Top Accessories ,MongoDB seed/catalog,INDEXABLE,https://printkee.com/eco-products/cork-desk-top-accessories,YES,AVAILABLE,VERIFIED IN SEO CRAWL,Existing crawled URL; preserve search equity
/eco-products/cork-desk-top-accessories/cork-fabric-diary,PRODUCT,Cork Fabric Diary,MongoDB seed/catalog,INDEXABLE,https://printkee.com/eco-products/cork-desk-top-accessories/cork-fabric-diary,YES,AVAILABLE,VERIFIED IN SEO CRAWL,Existing crawled URL; preserve search equity
/eco-products/cork-desk-top-accessories/cork-desktop-calendar,PRODUCT,Cork Desktop Calendar,MongoDB seed/catalog,INDEXABLE,https://printkee.com/eco-products/cork-desk-top-accessories/cork-desktop-calendar,YES,AVAILABLE,VERIFIED IN SEO CRAWL,Existing crawled URL; preserve search equity
/eco-products/cork-desk-top-accessories/cork-pen-pencil-holder,PRODUCT,Cork Pen Pencil Holder,MongoDB seed/catalog,INDEXABLE,https://printkee.com/eco-products/cork-desk-top-accessories/cork-pen-pencil-holder,YES,AVAILABLE,VERIFIED IN SEO CRAWL,Existing crawled URL; preserve search equity
/eco-products/cork-desk-top-accessories/cork-round-style-pen-holder,PRODUCT,Cork Round Style Pen Holder,MongoDB seed/catalog,INDEXABLE,https://printkee.com/eco-products/cork-desk-top-accessories/cork-round-style-pen-holder,YES,AVAILABLE,VERIFIED IN SEO CRAWL,Existing crawled URL; preserve search equity
/eco-products/cork-laptop-bag-and-wallet,SUBCATEGORY,Custom Cork Laptop Bags & Wallets,MongoDB seed/catalog,INDEXABLE,https://printkee.com/eco-products/cork-laptop-bag-and-wallet,YES,AVAILABLE,VERIFIED IN SEO CRAWL,Existing crawled URL; preserve search equity
/eco-products/cork-laptop-bag-and-wallet/cork-clip-card-holder,PRODUCT,Cork Clip Card Holder,MongoDB seed/catalog,INDEXABLE,https://printkee.com/eco-products/cork-laptop-bag-and-wallet/cork-clip-card-holder,YES,AVAILABLE,VERIFIED IN SEO CRAWL,Existing crawled URL; preserve search equity
/eco-products/cork-laptop-bag-and-wallet/cork-wallet-for-men,PRODUCT,Cork Wallet for Men,MongoDB seed/catalog,INDEXABLE,https://printkee.com/eco-products/cork-laptop-bag-and-wallet/cork-wallet-for-men,YES,AVAILABLE,VERIFIED IN SEO CRAWL,Existing crawled URL; preserve search equity
/eco-products/cork-laptop-bag-and-wallet/cork-passport-holder,PRODUCT,Cork Passport Holder,MongoDB seed/catalog,INDEXABLE,https://printkee.com/eco-products/cork-laptop-bag-and-wallet/cork-passport-holder,YES,AVAILABLE,VERIFIED IN SEO CRAWL,Existing crawled URL; preserve search equity
/eco-products/cork-laptop-bag-and-wallet/cork-laptop-bag,PRODUCT,Cork Laptop Bag,MongoDB seed/catalog,INDEXABLE,https://printkee.com/eco-products/cork-laptop-bag-and-wallet/cork-laptop-bag,YES,AVAILABLE,VERIFIED IN SEO CRAWL,Existing crawled URL; preserve search equity
/eco-products/cork-yoga-accessories,SUBCATEGORY,Custom Cork Yoga Accessories ,MongoDB seed/catalog,INDEXABLE,https://printkee.com/eco-products/cork-yoga-accessories,YES,AVAILABLE,VERIFIED IN SEO CRAWL,Existing crawled URL; preserve search equity
/eco-products/cork-yoga-accessories/yoga-mat-cork-fabric-eva,PRODUCT,Yoga Mat Cork Fabric with EVA,MongoDB seed/catalog,INDEXABLE,https://printkee.com/eco-products/cork-yoga-accessories/yoga-mat-cork-fabric-eva,YES,AVAILABLE,VERIFIED IN SEO CRAWL,Existing crawled URL; preserve search equity
/eco-products/cork-yoga-accessories/cork-fabric-yoga-mat-latex,PRODUCT,Cork Fabric Yoga Mat with Latex,MongoDB seed/catalog,INDEXABLE,https://printkee.com/eco-products/cork-yoga-accessories/cork-fabric-yoga-mat-latex,YES,AVAILABLE,VERIFIED IN SEO CRAWL,Existing crawled URL; preserve search equity
/eco-products/cork-yoga-accessories/fully-rubberized-3mm-yoga-mat,PRODUCT,Fully Rubberized 3 mm Yoga Mat,MongoDB seed/catalog,INDEXABLE,https://printkee.com/eco-products/cork-yoga-accessories/fully-rubberized-3mm-yoga-mat,YES,AVAILABLE,VERIFIED IN SEO CRAWL,Existing crawled URL; preserve search equity
/eco-products/cork-yoga-accessories/cork-rubberized-yoga-mat-latex,PRODUCT,Cork Rubberized Yoga Mat with Latex,MongoDB seed/catalog,INDEXABLE,https://printkee.com/eco-products/cork-yoga-accessories/cork-rubberized-yoga-mat-latex,YES,AVAILABLE,VERIFIED IN SEO CRAWL,Existing crawled URL; preserve search equity
/drink-ware,CATEGORY,Drink Ware,MongoDB seed/catalog,INDEXABLE,https://printkee.com/drink-ware,YES,AVAILABLE,VERIFIED IN SEO CRAWL,Existing crawled URL; preserve search equity
/drink-ware/sipper,SUBCATEGORY,Custom Sippers in Delhi,MongoDB seed/catalog,INDEXABLE,https://printkee.com/drink-ware/sipper,YES,AVAILABLE,VERIFIED IN SEO CRAWL,Existing crawled URL; preserve search equity
/drink-ware/sipper/premium-stainless-steel-sipper-bottle,PRODUCT,Premium Stainless Steel Sipper Bottle,MongoDB seed/catalog,INDEXABLE,https://printkee.com/drink-ware/sipper/premium-stainless-steel-sipper-bottle,YES,AVAILABLE,VERIFIED IN SEO CRAWL,Existing crawled URL; preserve search equity
/drink-ware/sipper/double-wall-insulated-sipper-bottle,PRODUCT,Double Wall Insulated Sipper Bottle,MongoDB seed/catalog,INDEXABLE,https://printkee.com/drink-ware/sipper/double-wall-insulated-sipper-bottle,YES,AVAILABLE,VERIFIED IN SEO CRAWL,Existing crawled URL; preserve search equity
/drink-ware/sipper/sporty-plastic-sipper-bottle,PRODUCT,Sporty Plastic Sipper Bottle,MongoDB seed/catalog,INDEXABLE,https://printkee.com/drink-ware/sipper/sporty-plastic-sipper-bottle,YES,AVAILABLE,VERIFIED IN SEO CRAWL,Existing crawled URL; preserve search equity
/drink-ware/sipper/fruit-infuser-sipper-bottle,PRODUCT,Fruit Infuser Sipper Bottle,MongoDB seed/catalog,INDEXABLE,https://printkee.com/drink-ware/sipper/fruit-infuser-sipper-bottle,YES,AVAILABLE,VERIFIED IN SEO CRAWL,Existing crawled URL; preserve search equity
/drink-ware/sipper/classic-metal-sipper-bottle,PRODUCT,Classic Metal Sipper Bottle,MongoDB seed/catalog,INDEXABLE,https://printkee.com/drink-ware/sipper/classic-metal-sipper-bottle,YES,AVAILABLE,VERIFIED IN SEO CRAWL,Existing crawled URL; preserve search equity
/drink-ware/sipper/thermos-style-vacuum-sipper-bottle,PRODUCT,Thermos Style Vacuum Sipper Bottle,MongoDB seed/catalog,INDEXABLE,https://printkee.com/drink-ware/sipper/thermos-style-vacuum-sipper-bottle,YES,AVAILABLE,VERIFIED IN SEO CRAWL,Existing crawled URL; preserve search equity
/drink-ware/bamboo-bottle,SUBCATEGORY,Custom Bamboo Bottles  in Delhi,MongoDB seed/catalog,INDEXABLE,https://printkee.com/drink-ware/bamboo-bottle,YES,AVAILABLE,VERIFIED IN SEO CRAWL,Existing crawled URL; preserve search equity
/drink-ware/bamboo-bottle/premium-bamboo-sipper-bottle,PRODUCT,Premium Bamboo Sipper Bottle,MongoDB seed/catalog,INDEXABLE,https://printkee.com/drink-ware/bamboo-bottle/premium-bamboo-sipper-bottle,YES,AVAILABLE,VERIFIED IN SEO CRAWL,Existing crawled URL; preserve search equity
/drink-ware/bamboo-bottle/bamboo-thermo-sipper-bottle,PRODUCT,Bamboo Thermo Sipper Bottle,MongoDB seed/catalog,INDEXABLE,https://printkee.com/drink-ware/bamboo-bottle/bamboo-thermo-sipper-bottle,YES,AVAILABLE,VERIFIED IN SEO CRAWL,Existing crawled URL; preserve search equity
/drink-ware/bamboo-bottle/bamboo-sports-sipper-bottle,PRODUCT,Bamboo Sports Sipper Bottle,MongoDB seed/catalog,INDEXABLE,https://printkee.com/drink-ware/bamboo-bottle/bamboo-sports-sipper-bottle,YES,AVAILABLE,VERIFIED IN SEO CRAWL,Existing crawled URL; preserve search equity
/drink-ware/bamboo-bottle/bamboo-tea-infuser-bottle,PRODUCT,Bamboo Tea Infuser Bottle,MongoDB seed/catalog,INDEXABLE,https://printkee.com/drink-ware/bamboo-bottle/bamboo-tea-infuser-bottle,YES,AVAILABLE,VERIFIED IN SEO CRAWL,Existing crawled URL; preserve search equity
/drink-ware/bamboo-bottle/classic-eco-friendly-bamboo-bottle,PRODUCT,Classic Eco-Friendly Bamboo Bottle,MongoDB seed/catalog,INDEXABLE,https://printkee.com/drink-ware/bamboo-bottle/classic-eco-friendly-bamboo-bottle,YES,AVAILABLE,VERIFIED IN SEO CRAWL,Existing crawled URL; preserve search equity
/drink-ware/coffee-mug,SUBCATEGORY,Custom Coffee Mugs in Delhi,MongoDB seed/catalog,INDEXABLE,https://printkee.com/drink-ware/coffee-mug,YES,AVAILABLE,VERIFIED IN SEO CRAWL,Existing crawled URL; preserve search equity
/drink-ware/coffee-mug/classic-ceramic-coffee-mug,PRODUCT,Classic Ceramic Coffee Mug,MongoDB seed/catalog,NOT VERIFIED,https://printkee.com/drink-ware/coffee-mug/classic-ceramic-coffee-mug,REVIEW AGAINST ACTIVE DATABASE,AVAILABLE,SOURCE RECORD - PUBLICATION NOT VERIFIED,Present in code/seed inventory but absent from the latest sitemap crawl
/drink-ware/coffee-mug/matte-black-corporate-mug,PRODUCT,Matte Black Corporate Mug,MongoDB seed/catalog,INDEXABLE,https://printkee.com/drink-ware/coffee-mug/matte-black-corporate-mug,YES,AVAILABLE,VERIFIED IN SEO CRAWL,Existing crawled URL; preserve search equity
/drink-ware/coffee-mug/insulated-travel-coffee-mug,PRODUCT,Insulated Travel Coffee Mug,MongoDB seed/catalog,NOT VERIFIED,https://printkee.com/drink-ware/coffee-mug/insulated-travel-coffee-mug,REVIEW AGAINST ACTIVE DATABASE,AVAILABLE,SOURCE RECORD - PUBLICATION NOT VERIFIED,Present in code/seed inventory but absent from the latest sitemap crawl
/drink-ware/coffee-mug/dual-tone-color-inside-mug,PRODUCT,Dual Tone Color Inside Mug,MongoDB seed/catalog,NOT VERIFIED,https://printkee.com/drink-ware/coffee-mug/dual-tone-color-inside-mug,REVIEW AGAINST ACTIVE DATABASE,AVAILABLE,SOURCE RECORD - PUBLICATION NOT VERIFIED,Present in code/seed inventory but absent from the latest sitemap crawl
/drink-ware/coffee-mug/premium-corporate-gift-mug,PRODUCT,Premium Corporate Gift Mug,MongoDB seed/catalog,NOT VERIFIED,https://printkee.com/drink-ware/coffee-mug/premium-corporate-gift-mug,REVIEW AGAINST ACTIVE DATABASE,AVAILABLE,SOURCE RECORD - PUBLICATION NOT VERIFIED,Present in code/seed inventory but absent from the latest sitemap crawl
/drink-ware/ceramic-mug,SUBCATEGORY,Custom Ceramic Mugs ,MongoDB seed/catalog,INDEXABLE,https://printkee.com/drink-ware/ceramic-mug,YES,AVAILABLE,VERIFIED IN SEO CRAWL,Existing crawled URL; preserve search equity
/drink-ware/ceramic-mug/classic-ceramic-coffee-mug-2,PRODUCT,Classic Ceramic Coffee Mug,MongoDB seed/catalog,INDEXABLE,https://printkee.com/drink-ware/ceramic-mug/classic-ceramic-coffee-mug-2,YES,AVAILABLE,VERIFIED IN SEO CRAWL,Existing crawled URL; preserve search equity
/drink-ware/ceramic-mug/matte-finish-ceramic-mug,PRODUCT,Matte Finish Ceramic Mug,MongoDB seed/catalog,INDEXABLE,https://printkee.com/drink-ware/ceramic-mug/matte-finish-ceramic-mug,YES,AVAILABLE,VERIFIED IN SEO CRAWL,Existing crawled URL; preserve search equity
/drink-ware/ceramic-mug/color-inside-ceramic-mug,PRODUCT,Color Inside Ceramic Mug,MongoDB seed/catalog,INDEXABLE,https://printkee.com/drink-ware/ceramic-mug/color-inside-ceramic-mug,YES,AVAILABLE,VERIFIED IN SEO CRAWL,Existing crawled URL; preserve search equity
/drink-ware/ceramic-mug/magic-color-changing-ceramic-mug,PRODUCT,Magic Color Changing Mug,MongoDB seed/catalog,NOT VERIFIED,https://printkee.com/drink-ware/ceramic-mug/magic-color-changing-ceramic-mug,REVIEW AGAINST ACTIVE DATABASE,AVAILABLE,SOURCE RECORD - PUBLICATION NOT VERIFIED,Present in code/seed inventory but absent from the latest sitemap crawl
/trophy-and-momento,CATEGORY,Custom Trophies & Mementos,MongoDB seed/catalog,INDEXABLE,https://printkee.com/trophy-and-momento,YES,AVAILABLE,VERIFIED IN SEO CRAWL,Existing crawled URL; preserve search equity
/trophy-and-momento/trophy-and-momento,SUBCATEGORY,Custom Trophy and Momento,MongoDB seed/catalog,INDEXABLE,https://printkee.com/trophy-and-momento/trophy-and-momento,YES,AVAILABLE,VERIFIED IN SEO CRAWL,Existing crawled URL; preserve search equity
/trophy-and-momento/trophy-and-momento/golden-excellence-award-trophy,PRODUCT,Golden Excellence Award Trophy,MongoDB seed/catalog,INDEXABLE,https://printkee.com/trophy-and-momento/trophy-and-momento/golden-excellence-award-trophy,YES,AVAILABLE,VERIFIED IN SEO CRAWL,Existing crawled URL; preserve search equity
/trophy-and-momento/trophy-and-momento/silver-star-achievement-trophy,PRODUCT,Silver Star Achievement Trophy,MongoDB seed/catalog,INDEXABLE,https://printkee.com/trophy-and-momento/trophy-and-momento/silver-star-achievement-trophy,YES,AVAILABLE,VERIFIED IN SEO CRAWL,Existing crawled URL; preserve search equity
/trophy-and-momento/trophy-and-momento/elegant-crystal-award-trophy,PRODUCT,Elegant Crystal Award Trophy,MongoDB seed/catalog,INDEXABLE,https://printkee.com/trophy-and-momento/trophy-and-momento/elegant-crystal-award-trophy,YES,AVAILABLE,VERIFIED IN SEO CRAWL,Existing crawled URL; preserve search equity
/trophy-and-momento/trophy-and-momento/wooden-plaque-award-trophy,PRODUCT,Wooden Plaque Award Trophy,MongoDB seed/catalog,INDEXABLE,https://printkee.com/trophy-and-momento/trophy-and-momento/wooden-plaque-award-trophy,YES,AVAILABLE,VERIFIED IN SEO CRAWL,Existing crawled URL; preserve search equity
/trophy-and-momento/trophy-and-momento/shield-style-award-trophy,PRODUCT,Shield Style Award Trophy,MongoDB seed/catalog,INDEXABLE,https://printkee.com/trophy-and-momento/trophy-and-momento/shield-style-award-trophy,YES,AVAILABLE,VERIFIED IN SEO CRAWL,Existing crawled URL; preserve search equity
/trophy-and-momento/trophy-and-momento/premium-acrylic-award-trophy,PRODUCT,Premium Acrylic Award Trophy,MongoDB seed/catalog,INDEXABLE,https://printkee.com/trophy-and-momento/trophy-and-momento/premium-acrylic-award-trophy,YES,AVAILABLE,VERIFIED IN SEO CRAWL,Existing crawled URL; preserve search equity
/blog/corporate-diwali-gifts-buying-guide-2026,BLOG,Corporate Diwali Gifts for Employees & Clients: Complete 2026 Buying Guide | Printkee,Verified prior SEO crawl,INDEXABLE,https://printkee.com/blog/corporate-diwali-gifts-buying-guide-2026,YES,N/A,VERIFIED IN SEO CRAWL,Existing crawled URL; preserve search equity
/diwali-special/hampers/festive-snack-travel-mug-hamper,SEASONAL_PRODUCT,Festive Snack & Travel Mug Hamper | Diwali Corporate Gifts | Printkee,Verified prior SEO crawl,INDEXABLE,https://printkee.com/diwali-special/hampers/festive-snack-travel-mug-hamper,YES,N/A,VERIFIED IN SEO CRAWL,Existing crawled URL; preserve search equity
/blog/best-corporate-diwali-gifts-delhi-ncr-2026,BLOG,Best Corporate Diwali Gifts in Delhi NCR for Companies in 2026 | Printkee,Verified prior SEO crawl,INDEXABLE,https://printkee.com/blog/best-corporate-diwali-gifts-delhi-ncr-2026,YES,N/A,VERIFIED IN SEO CRAWL,Existing crawled URL; preserve search equity
/diwali-special/hampers/festive-copper-dry-fruit-hamper,SEASONAL_PRODUCT,Festive Copper & Dry Fruit Hamper | Diwali Corporate Gifts | Printkee,Verified prior SEO crawl,INDEXABLE,https://printkee.com/diwali-special/hampers/festive-copper-dry-fruit-hamper,YES,N/A,VERIFIED IN SEO CRAWL,Existing crawled URL; preserve search equity
/diwali-special/hampers/premium-coffee-gourmet-hamper,SEASONAL_PRODUCT,Premium Coffee & Gourmet Hamper | Diwali Corporate Gifts | Printkee,Verified prior SEO crawl,INDEXABLE,https://printkee.com/diwali-special/hampers/premium-coffee-gourmet-hamper,YES,N/A,VERIFIED IN SEO CRAWL,Existing crawled URL; preserve search equity
/diwali-special/hampers/white-drinkware-ferrero-diya-kit,SEASONAL_PRODUCT,"White Drinkware, Ferrero & Diya Kit | Diwali Corporate Gifts | Printkee",Verified prior SEO crawl,INDEXABLE,https://printkee.com/diwali-special/hampers/white-drinkware-ferrero-diya-kit,YES,N/A,VERIFIED IN SEO CRAWL,Existing crawled URL; preserve search equity
/diwali-special/hampers/executive-notebook-pen-bottle-kit,SEASONAL_PRODUCT,"Executive Notebook, Pen & Bottle Kit | Diwali Corporate Gifts | Printkee",Verified prior SEO crawl,INDEXABLE,https://printkee.com/diwali-special/hampers/executive-notebook-pen-bottle-kit,YES,N/A,VERIFIED IN SEO CRAWL,Existing crawled URL; preserve search equity
/diwali-special/hampers/notebook-pen-bottle-gift-kit,SEASONAL_PRODUCT,"Notebook, Pen & Bottle Gift Kit | Diwali Corporate Gifts | Printkee",Verified prior SEO crawl,INDEXABLE,https://printkee.com/diwali-special/hampers/notebook-pen-bottle-gift-kit,YES,N/A,VERIFIED IN SEO CRAWL,Existing crawled URL; preserve search equity
/diwali-special/hampers/black-tumbler-cookie-chocolate-diya-kit,SEASONAL_PRODUCT,"Black Tumbler, Cookie, Chocolate & Diya Kit | Diwali Corporate Gifts | Printkee",Verified prior SEO crawl,INDEXABLE,https://printkee.com/diwali-special/hampers/black-tumbler-cookie-chocolate-diya-kit,YES,N/A,VERIFIED IN SEO CRAWL,Existing crawled URL; preserve search equity
/diwali-special/hampers/copper-canister-chocolate-diya-kit,SEASONAL_PRODUCT,"Copper Canister, Chocolate & Diya Kit | Diwali Corporate Gifts | Printkee",Verified prior SEO crawl,INDEXABLE,https://printkee.com/diwali-special/hampers/copper-canister-chocolate-diya-kit,YES,N/A,VERIFIED IN SEO CRAWL,Existing crawled URL; preserve search equity
/diwali-special/hampers/black-bottle-mug-ferrero-diya-kit,SEASONAL_PRODUCT,"Black Bottle, Mug, Ferrero & Diya Kit | Diwali Corporate Gifts | Printkee",Verified prior SEO crawl,INDEXABLE,https://printkee.com/diwali-special/hampers/black-bottle-mug-ferrero-diya-kit,YES,N/A,VERIFIED IN SEO CRAWL,Existing crawled URL; preserve search equity
/diwali-special/hampers/copper-bottle-cookie-ferrero-diya-kit,SEASONAL_PRODUCT,"Copper Bottle, Cookie, Ferrero & Diya Kit | Diwali Corporate Gifts | Printkee",Verified prior SEO crawl,INDEXABLE,https://printkee.com/diwali-special/hampers/copper-bottle-cookie-ferrero-diya-kit,YES,N/A,VERIFIED IN SEO CRAWL,Existing crawled URL; preserve search equity
/diwali-special/hampers/wallet-mug-ferrero-diya-kit,SEASONAL_PRODUCT,"Wallet, Mug, Ferrero & Diya Kit | Diwali Corporate Gifts | Printkee",Verified prior SEO crawl,INDEXABLE,https://printkee.com/diwali-special/hampers/wallet-mug-ferrero-diya-kit,YES,N/A,VERIFIED IN SEO CRAWL,Existing crawled URL; preserve search equity
/brands/adidas,BRAND,Adidas Corporate Gifts | Printkee,Verified prior SEO crawl,INDEXABLE,https://printkee.com/brands/adidas,YES,N/A,VERIFIED IN SEO CRAWL,Existing crawled URL; preserve search equity
/brands/american-tourister,BRAND,American Tourister Corporate Gifts | Printkee,Verified prior SEO crawl,INDEXABLE,https://printkee.com/brands/american-tourister,YES,N/A,VERIFIED IN SEO CRAWL,Existing crawled URL; preserve search equity
/diwali-special/hampers/glass-jar-diya-gift-set,SEASONAL_PRODUCT,Glass Jar & Diya Gift Set | Diwali Corporate Gifts | Printkee,Verified prior SEO crawl,INDEXABLE,https://printkee.com/diwali-special/hampers/glass-jar-diya-gift-set,YES,N/A,VERIFIED IN SEO CRAWL,Existing crawled URL; preserve search equity
/brands/portronics,BRAND,Portronics Corporate Gifts | Printkee,Verified prior SEO crawl,INDEXABLE,https://printkee.com/brands/portronics,YES,N/A,VERIFIED IN SEO CRAWL,Existing crawled URL; preserve search equity
/brands/noise,BRAND,Noise Corporate Gifts | Printkee,Verified prior SEO crawl,INDEXABLE,https://printkee.com/brands/noise,YES,N/A,VERIFIED IN SEO CRAWL,Existing crawled URL; preserve search equity
/brands/puma,BRAND,Puma Corporate Gifts | Printkee,Verified prior SEO crawl,INDEXABLE,https://printkee.com/brands/puma,YES,N/A,VERIFIED IN SEO CRAWL,Existing crawled URL; preserve search equity
/brands/boat,BRAND,Boat Corporate Gifts | Printkee,Verified prior SEO crawl,INDEXABLE,https://printkee.com/brands/boat,YES,N/A,VERIFIED IN SEO CRAWL,Existing crawled URL; preserve search equity
/brands/jack-and-jones,BRAND,Jack & Jones Corporate Gifts | Printkee,Verified prior SEO crawl,INDEXABLE,https://printkee.com/brands/jack-and-jones,YES,N/A,VERIFIED IN SEO CRAWL,Existing crawled URL; preserve search equity
/brands/swiss-military,BRAND,Swiss Military Corporate Gifts | Printkee,Verified prior SEO crawl,INDEXABLE,https://printkee.com/brands/swiss-military,YES,N/A,VERIFIED IN SEO CRAWL,Existing crawled URL; preserve search equity
/brands/wildcraft,BRAND,Wildcraft Corporate Gifts | Printkee,Verified prior SEO crawl,INDEXABLE,https://printkee.com/brands/wildcraft,YES,N/A,VERIFIED IN SEO CRAWL,Existing crawled URL; preserve search equity
/brands/rare-rabbit,BRAND,Rare Rabbit Corporate Gifts | Printkee,Verified prior SEO crawl,INDEXABLE,https://printkee.com/brands/rare-rabbit,YES,N/A,VERIFIED IN SEO CRAWL,Existing crawled URL; preserve search equity
/brands/fuzo,BRAND,Fuzo Corporate Gifts | Printkee,Verified prior SEO crawl,INDEXABLE,https://printkee.com/brands/fuzo,YES,N/A,VERIFIED IN SEO CRAWL,Existing crawled URL; preserve search equity
/brands/scott-international,BRAND,Scott International Corporate Gifts | Printkee,Verified prior SEO crawl,INDEXABLE,https://printkee.com/brands/scott-international,YES,N/A,VERIFIED IN SEO CRAWL,Existing crawled URL; preserve search equity
/drink-ware/steel-mug,DYNAMIC_PUBLIC,Stainless Steel Coffee Mug | Drink Ware | Printkee,Verified prior SEO crawl,INDEXABLE,https://printkee.com/drink-ware/steel-mug,YES,N/A,VERIFIED IN SEO CRAWL,Existing crawled URL; preserve search equity
/apparel-and-accessories/polo-t-shirts/branding-t-shirt,DYNAMIC_PUBLIC,Custom Sky Blue Polo T-Shirts | Branded Polos | Printkee,Verified prior SEO crawl,INDEXABLE,https://printkee.com/apparel-and-accessories/polo-t-shirts/branding-t-shirt,YES,N/A,VERIFIED IN SEO CRAWL,Existing crawled URL; preserve search equity
/apparel-and-accessories/polo-t-shirts/personalized-polo-t-shirts,DYNAMIC_PUBLIC,Custom Navy Blue Polo T-Shirts | Branded Corporate Polos | Printkee,Verified prior SEO crawl,INDEXABLE,https://printkee.com/apparel-and-accessories/polo-t-shirts/personalized-polo-t-shirts,YES,N/A,VERIFIED IN SEO CRAWL,Existing crawled URL; preserve search equity
/apparel-and-accessories/polo-t-shirts/custom-t-shirt,DYNAMIC_PUBLIC,Custom Royal Polo T-Shirts | Branded Corporate Polos | Printkee,Verified prior SEO crawl,INDEXABLE,https://printkee.com/apparel-and-accessories/polo-t-shirts/custom-t-shirt,YES,N/A,VERIFIED IN SEO CRAWL,Existing crawled URL; preserve search equity
/apparel-and-accessories/polo-t-shirts/event-t-shirts,DYNAMIC_PUBLIC,Eco-Friendly Polo T-Shirts | Organic Cotton Polos | Printkee,Verified prior SEO crawl,INDEXABLE,https://printkee.com/apparel-and-accessories/polo-t-shirts/event-t-shirts,YES,N/A,VERIFIED IN SEO CRAWL,Existing crawled URL; preserve search equity
/apparel-and-accessories/polo-t-shirts/t-shirt-in-delhi,DYNAMIC_PUBLIC,Vibrant Polo T-Shirts | Promotional Team Polos | Printkee,Verified prior SEO crawl,INDEXABLE,https://printkee.com/apparel-and-accessories/polo-t-shirts/t-shirt-in-delhi,YES,N/A,VERIFIED IN SEO CRAWL,Existing crawled URL; preserve search equity
/apparel-and-accessories/polo-t-shirts/corporate-polo-t-shirts,DYNAMIC_PUBLIC,Polo T-Shirts | Corporate Branding | Printkee,Verified prior SEO crawl,INDEXABLE,https://printkee.com/apparel-and-accessories/polo-t-shirts/corporate-polo-t-shirts,YES,N/A,VERIFIED IN SEO CRAWL,Existing crawled URL; preserve search equity
/apparel-and-accessories/polo-t-shirts/t-shirt-printing,DYNAMIC_PUBLIC,Polo T-Shirts | Summer Staff Wear | Printkee,Verified prior SEO crawl,INDEXABLE,https://printkee.com/apparel-and-accessories/polo-t-shirts/t-shirt-printing,YES,N/A,VERIFIED IN SEO CRAWL,Existing crawled URL; preserve search equity
/apparel-and-accessories/polo-t-shirts/logo-t-shirts,DYNAMIC_PUBLIC,Trendy Polo T-Shirts | Stylish Corporate Wear | Printkee,Verified prior SEO crawl,INDEXABLE,https://printkee.com/apparel-and-accessories/polo-t-shirts/logo-t-shirts,YES,N/A,VERIFIED IN SEO CRAWL,Existing crawled URL; preserve search equity
/apparel-and-accessories/polo-t-shirts/promotional-cotton-t-shirts,DYNAMIC_PUBLIC,Polo T-Shirts | Casual Corporate Wear | Printkee,Verified prior SEO crawl,INDEXABLE,https://printkee.com/apparel-and-accessories/polo-t-shirts/promotional-cotton-t-shirts,YES,N/A,VERIFIED IN SEO CRAWL,Existing crawled URL; preserve search equity
/apparel-and-accessories/polo-t-shirts/promotional-sports-t-shirts,DYNAMIC_PUBLIC,Polo T-Shirts | Casual Durable Polos | Printkee,Verified prior SEO crawl,INDEXABLE,https://printkee.com/apparel-and-accessories/polo-t-shirts/promotional-sports-t-shirts,YES,N/A,VERIFIED IN SEO CRAWL,Existing crawled URL; preserve search equity
/apparel-and-accessories/polo-t-shirts/customized-t-shirts,DYNAMIC_PUBLIC,Custom Black Polo T-Shirts | Premium Branded Polos | Printkee,Verified prior SEO crawl,INDEXABLE,https://printkee.com/apparel-and-accessories/polo-t-shirts/customized-t-shirts,YES,N/A,VERIFIED IN SEO CRAWL,Existing crawled URL; preserve search equity
/apparel-and-accessories/polo-t-shirts/promotional-collar-t-shirts,DYNAMIC_PUBLIC,Custom Polo T-Shirts | Corporate Branded Polos | Printkee,Verified prior SEO crawl,INDEXABLE,https://printkee.com/apparel-and-accessories/polo-t-shirts/promotional-collar-t-shirts,YES,N/A,VERIFIED IN SEO CRAWL,Existing crawled URL; preserve search equity
/apparel-and-accessories/polo-t-shirts/custom-t-shirt-printing,DYNAMIC_PUBLIC,Bright Polo T-Shirts | Outdoor Event Wear | Printkee,Verified prior SEO crawl,INDEXABLE,https://printkee.com/apparel-and-accessories/polo-t-shirts/custom-t-shirt-printing,YES,N/A,VERIFIED IN SEO CRAWL,Existing crawled URL; preserve search equity
/drink-ware/coffee-mug/classic-steel-coffee-mug,DYNAMIC_PUBLIC,Classic Ceramic Coffee Mug | Custom Printed Corporate Mugs India | Printkee,Verified prior SEO crawl,INDEXABLE,https://printkee.com/drink-ware/coffee-mug/classic-steel-coffee-mug,YES,N/A,VERIFIED IN SEO CRAWL,Existing crawled URL; preserve search equity
/drink-ware/coffee-mug/double-wall-insulated-mug,DYNAMIC_PUBLIC,Insulated Travel Coffee Mug | Custom Corporate Steel Mugs | Printkee,Verified prior SEO crawl,INDEXABLE,https://printkee.com/drink-ware/coffee-mug/double-wall-insulated-mug,YES,N/A,VERIFIED IN SEO CRAWL,Existing crawled URL; preserve search equity
/drink-ware/steel-mug/stainless-steel-double-wall-coffee-mug,DYNAMIC_PUBLIC,Premium Corporate Gift Coffee Mug | Custom Branding India | Printkee,Verified prior SEO crawl,INDEXABLE,https://printkee.com/drink-ware/steel-mug/stainless-steel-double-wall-coffee-mug,YES,N/A,VERIFIED IN SEO CRAWL,Existing crawled URL; preserve search equity
/drink-ware/coffee-mug/stainless-steel-coffee-mug,DYNAMIC_PUBLIC,Dual Tone Color Inside Mug | Custom Printed Corporate Mugs | Printkee,Verified prior SEO crawl,INDEXABLE,https://printkee.com/drink-ware/coffee-mug/stainless-steel-coffee-mug,YES,N/A,VERIFIED IN SEO CRAWL,Existing crawled URL; preserve search equity
/blog/688c9ce3f316fb8d48be1279,BLOG,Corporate Gifting at TechFest 2025: A Huge Hit! | Printkee,Verified prior SEO crawl,INDEXABLE,https://printkee.com/blog/688c9ce3f316fb8d48be1279,YES,N/A,VERIFIED IN SEO CRAWL,Existing crawled URL; preserve search equity
/blog/6897a1d967f8f01adc2fccd4,BLOG,Printkee Cap Manufacturing | Printkee,Verified prior SEO crawl,INDEXABLE,https://printkee.com/blog/6897a1d967f8f01adc2fccd4,YES,N/A,VERIFIED IN SEO CRAWL,Existing crawled URL; preserve search equity
/blog/69313c73362dfa880a0f5cb7,BLOG,Promotional Polo T-shirt | Printkee,Verified prior SEO crawl,INDEXABLE,https://printkee.com/blog/69313c73362dfa880a0f5cb7,YES,N/A,VERIFIED IN SEO CRAWL,Existing crawled URL; preserve search equity
/blog/6937f5de42a2917631db3f23,BLOG,Promotional Caps | Printkee,Verified prior SEO crawl,INDEXABLE,https://printkee.com/blog/6937f5de42a2917631db3f23,YES,N/A,VERIFIED IN SEO CRAWL,Existing crawled URL; preserve search equity
/drink-ware/coffee-mug/magic-suction-mug-with-stainless-steel-inside,DYNAMIC_PUBLIC,360ml Magic Suction Mug | Spill Proof | plastic Travel Mug | Printkee,Verified prior SEO crawl,INDEXABLE,https://printkee.com/drink-ware/coffee-mug/magic-suction-mug-with-stainless-steel-inside,YES,N/A,VERIFIED IN SEO CRAWL,Existing crawled URL; preserve search equity
