URL,Page Type,Estimated Click Depth,Inbound Internal Links,Outbound Internal Links,Orphan Risk,Known Discovery Path,Recommended Action,Audit Status
/,HOME,0,NOT VERIFIED,NOT VERIFIED,LOW,Global navigation / parent taxonomy / HTML sitemap,Retain navigation/footer/hub links,SOURCE INVENTORY COMPLETE; LIVE LINK GRAPH REQUIRES CURRENT CRAWL
/about,UTILITY,1,NOT VERIFIED,NOT VERIFIED,MEDIUM,Global navigation / parent taxonomy / HTML sitemap,"Confirm parent grid, breadcrumb and at least one relevant related/contextual link",SOURCE INVENTORY COMPLETE; LIVE LINK GRAPH REQUIRES CURRENT CRAWL
/contact,LEAD,1,NOT VERIFIED,NOT VERIFIED,MEDIUM,Global navigation / parent taxonomy / HTML sitemap,"Confirm parent grid, breadcrumb and at least one relevant related/contextual link",SOURCE INVENTORY COMPLETE; LIVE LINK GRAPH REQUIRES CURRENT CRAWL
/privacy-policy,POLICY,1,NOT VERIFIED,NOT VERIFIED,MEDIUM,Global navigation / parent taxonomy / HTML sitemap,"Confirm parent grid, breadcrumb and at least one relevant related/contextual link",SOURCE INVENTORY COMPLETE; LIVE LINK GRAPH REQUIRES CURRENT CRAWL
/brands,BRAND_HUB,1,NOT VERIFIED,NOT VERIFIED,MEDIUM,Global navigation / parent taxonomy / HTML sitemap,"Confirm parent grid, breadcrumb and at least one relevant related/contextual link",SOURCE INVENTORY COMPLETE; LIVE LINK GRAPH REQUIRES CURRENT CRAWL
/blogs,BLOG_HUB,1,NOT VERIFIED,NOT VERIFIED,MEDIUM,Global navigation / parent taxonomy / HTML sitemap,"Confirm parent grid, breadcrumb and at least one relevant related/contextual link",SOURCE INVENTORY COMPLETE; LIVE LINK GRAPH REQUIRES CURRENT CRAWL
/locations,LOCATION_HUB,1,NOT VERIFIED,NOT VERIFIED,LOW,Global navigation / parent taxonomy / HTML sitemap,Retain navigation/footer/hub links,SOURCE INVENTORY COMPLETE; LIVE LINK GRAPH REQUIRES CURRENT CRAWL
/corporate-gifting,SEO_HUB,1,NOT VERIFIED,NOT VERIFIED,LOW,Global navigation / parent taxonomy / HTML sitemap,Retain navigation/footer/hub links,SOURCE INVENTORY COMPLETE; LIVE LINK GRAPH REQUIRES CURRENT CRAWL
/industries,SEO_HUB,1,NOT VERIFIED,NOT VERIFIED,LOW,Global navigation / parent taxonomy / HTML sitemap,Retain navigation/footer/hub links,SOURCE INVENTORY COMPLETE; LIVE LINK GRAPH REQUIRES CURRENT CRAWL
/use-cases,SEO_HUB,1,NOT VERIFIED,NOT VERIFIED,LOW,Global navigation / parent taxonomy / HTML sitemap,Retain navigation/footer/hub links,SOURCE INVENTORY COMPLETE; LIVE LINK GRAPH REQUIRES CURRENT CRAWL
/sitemap,HTML_SITEMAP,1,NOT VERIFIED,NOT VERIFIED,LOW,Global navigation / parent taxonomy / HTML sitemap,Retain navigation/footer/hub links,SOURCE INVENTORY COMPLETE; LIVE LINK GRAPH REQUIRES CURRENT CRAWL
/diwali-special,SEASONAL,1,NOT VERIFIED,NOT VERIFIED,LOW TO MEDIUM,Global navigation / parent taxonomy / HTML sitemap,"Confirm parent, breadcrumb, related and HTML-sitemap links in crawl",SOURCE INVENTORY COMPLETE; LIVE LINK GRAPH REQUIRES CURRENT CRAWL
/delhi/corporate-gifts,LOCATION,2,NOT VERIFIED,NOT VERIFIED,LOW TO MEDIUM,Global navigation / parent taxonomy / HTML sitemap,"Confirm parent, breadcrumb, related and HTML-sitemap links in crawl",SOURCE INVENTORY COMPLETE; LIVE LINK GRAPH REQUIRES CURRENT CRAWL
/noida/corporate-gifts,LOCATION,2,NOT VERIFIED,NOT VERIFIED,LOW TO MEDIUM,Global navigation / parent taxonomy / HTML sitemap,"Confirm parent, breadcrumb, related and HTML-sitemap links in crawl",SOURCE INVENTORY COMPLETE; LIVE LINK GRAPH REQUIRES CURRENT CRAWL
/greater-noida/corporate-gifts,LOCATION,2,NOT VERIFIED,NOT VERIFIED,LOW TO MEDIUM,Global navigation / parent taxonomy / HTML sitemap,"Confirm parent, breadcrumb, related and HTML-sitemap links in crawl",SOURCE INVENTORY COMPLETE; LIVE LINK GRAPH REQUIRES CURRENT CRAWL
/gurgaon/corporate-gifts,LOCATION,2,NOT VERIFIED,NOT VERIFIED,LOW TO MEDIUM,Global navigation / parent taxonomy / HTML sitemap,"Confirm parent, breadcrumb, related and HTML-sitemap links in crawl",SOURCE INVENTORY COMPLETE; LIVE LINK GRAPH REQUIRES CURRENT CRAWL
/faridabad/corporate-gifts,LOCATION,2,NOT VERIFIED,NOT VERIFIED,LOW TO MEDIUM,Global navigation / parent taxonomy / HTML sitemap,"Confirm parent, breadcrumb, related and HTML-sitemap links in crawl",SOURCE INVENTORY COMPLETE; LIVE LINK GRAPH REQUIRES CURRENT CRAWL
/ghaziabad/corporate-gifts,LOCATION,2,NOT VERIFIED,NOT VERIFIED,LOW TO MEDIUM,Global navigation / parent taxonomy / HTML sitemap,"Confirm parent, breadcrumb, related and HTML-sitemap links in crawl",SOURCE INVENTORY COMPLETE; LIVE LINK GRAPH REQUIRES CURRENT CRAWL
/apparel-and-accessories,CATEGORY,1,NOT VERIFIED,NOT VERIFIED,LOW,Global navigation / parent taxonomy / HTML sitemap,Retain navigation/footer/hub links,SOURCE INVENTORY COMPLETE; LIVE LINK GRAPH REQUIRES CURRENT CRAWL
/apparel-and-accessories/polo-t-shirts,SUBCATEGORY,2,NOT VERIFIED,NOT VERIFIED,LOW TO MEDIUM,Global navigation / parent taxonomy / HTML sitemap,"Confirm parent, breadcrumb, related and HTML-sitemap links in crawl",SOURCE INVENTORY COMPLETE; LIVE LINK GRAPH REQUIRES CURRENT CRAWL
/apparel-and-accessories/polo-t-shirts/classic-white-polo-t-shirt,PRODUCT,3,NOT VERIFIED,NOT VERIFIED,MEDIUM,Parent product grid and breadcrumbs,"Confirm parent grid, breadcrumb and at least one relevant related/contextual link",SOURCE INVENTORY COMPLETE; LIVE LINK GRAPH REQUIRES CURRENT CRAWL
/apparel-and-accessories/polo-t-shirts/navy-blue-polo-t-shirt,PRODUCT,3,NOT VERIFIED,NOT VERIFIED,MEDIUM,Parent product grid and breadcrumbs,"Confirm parent grid, breadcrumb and at least one relevant related/contextual link",SOURCE INVENTORY COMPLETE; LIVE LINK GRAPH REQUIRES CURRENT CRAWL
/apparel-and-accessories/polo-t-shirts/black-polo-t-shirt,PRODUCT,3,NOT VERIFIED,NOT VERIFIED,MEDIUM,Parent product grid and breadcrumbs,"Confirm parent grid, breadcrumb and at least one relevant related/contextual link",SOURCE INVENTORY COMPLETE; LIVE LINK GRAPH REQUIRES CURRENT CRAWL
/apparel-and-accessories/polo-t-shirts/grey-polo-t-shirt,PRODUCT,3,NOT VERIFIED,NOT VERIFIED,MEDIUM,Parent product grid and breadcrumbs,"Confirm parent grid, breadcrumb and at least one relevant related/contextual link",SOURCE INVENTORY COMPLETE; LIVE LINK GRAPH REQUIRES CURRENT CRAWL
/apparel-and-accessories/polo-t-shirts/red-polo-t-shirt,PRODUCT,3,NOT VERIFIED,NOT VERIFIED,MEDIUM,Parent product grid and breadcrumbs,"Confirm parent grid, breadcrumb and at least one relevant related/contextual link",SOURCE INVENTORY COMPLETE; LIVE LINK GRAPH REQUIRES CURRENT CRAWL
/apparel-and-accessories/polo-t-shirts/royal-blue-polo-t-shirt,PRODUCT,3,NOT VERIFIED,NOT VERIFIED,MEDIUM,Parent product grid and breadcrumbs,"Confirm parent grid, breadcrumb and at least one relevant related/contextual link",SOURCE INVENTORY COMPLETE; LIVE LINK GRAPH REQUIRES CURRENT CRAWL
/apparel-and-accessories/polo-t-shirts/green-polo-t-shirt,PRODUCT,3,NOT VERIFIED,NOT VERIFIED,MEDIUM,Parent product grid and breadcrumbs,"Confirm parent grid, breadcrumb and at least one relevant related/contextual link",SOURCE INVENTORY COMPLETE; LIVE LINK GRAPH REQUIRES CURRENT CRAWL
/apparel-and-accessories/polo-t-shirts/yellow-polo-t-shirt,PRODUCT,3,NOT VERIFIED,NOT VERIFIED,MEDIUM,Parent product grid and breadcrumbs,"Confirm parent grid, breadcrumb and at least one relevant related/contextual link",SOURCE INVENTORY COMPLETE; LIVE LINK GRAPH REQUIRES CURRENT CRAWL
/apparel-and-accessories/polo-t-shirts/maroon-polo-t-shirt,PRODUCT,3,NOT VERIFIED,NOT VERIFIED,MEDIUM,Parent product grid and breadcrumbs,"Confirm parent grid, breadcrumb and at least one relevant related/contextual link",SOURCE INVENTORY COMPLETE; LIVE LINK GRAPH REQUIRES CURRENT CRAWL
/apparel-and-accessories/polo-t-shirts/sky-blue-polo-t-shirt,PRODUCT,3,NOT VERIFIED,NOT VERIFIED,MEDIUM,Parent product grid and breadcrumbs,"Confirm parent grid, breadcrumb and at least one relevant related/contextual link",SOURCE INVENTORY COMPLETE; LIVE LINK GRAPH REQUIRES CURRENT CRAWL
/apparel-and-accessories/polo-t-shirts/orange-polo-t-shirt,PRODUCT,3,NOT VERIFIED,NOT VERIFIED,MEDIUM,Parent product grid and breadcrumbs,"Confirm parent grid, breadcrumb and at least one relevant related/contextual link",SOURCE INVENTORY COMPLETE; LIVE LINK GRAPH REQUIRES CURRENT CRAWL
/apparel-and-accessories/polo-t-shirts/purple-polo-t-shirt,PRODUCT,3,NOT VERIFIED,NOT VERIFIED,MEDIUM,Parent product grid and breadcrumbs,"Confirm parent grid, breadcrumb and at least one relevant related/contextual link",SOURCE INVENTORY COMPLETE; LIVE LINK GRAPH REQUIRES CURRENT CRAWL
/apparel-and-accessories/polo-t-shirts/pink-polo-t-shirt,PRODUCT,3,NOT VERIFIED,NOT VERIFIED,MEDIUM,Parent product grid and breadcrumbs,"Confirm parent grid, breadcrumb and at least one relevant related/contextual link",SOURCE INVENTORY COMPLETE; LIVE LINK GRAPH REQUIRES CURRENT CRAWL
/apparel-and-accessories/polo-t-shirts/olive-polo-t-shirt,PRODUCT,3,NOT VERIFIED,NOT VERIFIED,MEDIUM,Parent product grid and breadcrumbs,"Confirm parent grid, breadcrumb and at least one relevant related/contextual link",SOURCE INVENTORY COMPLETE; LIVE LINK GRAPH REQUIRES CURRENT CRAWL
/apparel-and-accessories/round-neck-t-shirts,SUBCATEGORY,2,NOT VERIFIED,NOT VERIFIED,LOW TO MEDIUM,Global navigation / parent taxonomy / HTML sitemap,"Confirm parent, breadcrumb, related and HTML-sitemap links in crawl",SOURCE INVENTORY COMPLETE; LIVE LINK GRAPH REQUIRES CURRENT CRAWL
/apparel-and-accessories/round-neck-t-shirts/classic-white-round-neck-t-shirt,PRODUCT,3,NOT VERIFIED,NOT VERIFIED,MEDIUM,Parent product grid and breadcrumbs,"Confirm parent grid, breadcrumb and at least one relevant related/contextual link",SOURCE INVENTORY COMPLETE; LIVE LINK GRAPH REQUIRES CURRENT CRAWL
/apparel-and-accessories/round-neck-t-shirts/classic-black-round-neck-t-shirt,PRODUCT,3,NOT VERIFIED,NOT VERIFIED,MEDIUM,Parent product grid and breadcrumbs,"Confirm parent grid, breadcrumb and at least one relevant related/contextual link",SOURCE INVENTORY COMPLETE; LIVE LINK GRAPH REQUIRES CURRENT CRAWL
/apparel-and-accessories/round-neck-t-shirts/navy-blue-round-neck-t-shirt,PRODUCT,3,NOT VERIFIED,NOT VERIFIED,MEDIUM,Parent product grid and breadcrumbs,"Confirm parent grid, breadcrumb and at least one relevant related/contextual link",SOURCE INVENTORY COMPLETE; LIVE LINK GRAPH REQUIRES CURRENT CRAWL
/apparel-and-accessories/round-neck-t-shirts/light-grey-round-neck-t-shirt,PRODUCT,3,NOT VERIFIED,NOT VERIFIED,MEDIUM,Parent product grid and breadcrumbs,"Confirm parent grid, breadcrumb and at least one relevant related/contextual link",SOURCE INVENTORY COMPLETE; LIVE LINK GRAPH REQUIRES CURRENT CRAWL
/apparel-and-accessories/round-neck-t-shirts/classic-red-round-neck-t-shirt,PRODUCT,3,NOT VERIFIED,NOT VERIFIED,MEDIUM,Parent product grid and breadcrumbs,"Confirm parent grid, breadcrumb and at least one relevant related/contextual link",SOURCE INVENTORY COMPLETE; LIVE LINK GRAPH REQUIRES CURRENT CRAWL
/apparel-and-accessories/round-neck-t-shirts/forest-green-round-neck-t-shirt,PRODUCT,3,NOT VERIFIED,NOT VERIFIED,MEDIUM,Parent product grid and breadcrumbs,"Confirm parent grid, breadcrumb and at least one relevant related/contextual link",SOURCE INVENTORY COMPLETE; LIVE LINK GRAPH REQUIRES CURRENT CRAWL
/apparel-and-accessories/round-neck-t-shirts/bright-biege-round-neck-t-shirt,PRODUCT,3,NOT VERIFIED,NOT VERIFIED,MEDIUM,Parent product grid and breadcrumbs,"Confirm parent grid, breadcrumb and at least one relevant related/contextual link",SOURCE INVENTORY COMPLETE; LIVE LINK GRAPH REQUIRES CURRENT CRAWL
/apparel-and-accessories/round-neck-t-shirts/maroon-round-neck-t-shirt,PRODUCT,3,NOT VERIFIED,NOT VERIFIED,MEDIUM,Parent product grid and breadcrumbs,"Confirm parent grid, breadcrumb and at least one relevant related/contextual link",SOURCE INVENTORY COMPLETE; LIVE LINK GRAPH REQUIRES CURRENT CRAWL
/apparel-and-accessories/round-neck-t-shirts/olive-round-neck-t-shirt,PRODUCT,3,NOT VERIFIED,NOT VERIFIED,MEDIUM,Parent product grid and breadcrumbs,"Confirm parent grid, breadcrumb and at least one relevant related/contextual link",SOURCE INVENTORY COMPLETE; LIVE LINK GRAPH REQUIRES CURRENT CRAWL
/apparel-and-accessories/round-neck-t-shirts/dark-blue-round-neck-t-shirt,PRODUCT,3,NOT VERIFIED,NOT VERIFIED,MEDIUM,Parent product grid and breadcrumbs,"Confirm parent grid, breadcrumb and at least one relevant related/contextual link",SOURCE INVENTORY COMPLETE; LIVE LINK GRAPH REQUIRES CURRENT CRAWL
/apparel-and-accessories/caps,SUBCATEGORY,2,NOT VERIFIED,NOT VERIFIED,LOW TO MEDIUM,Global navigation / parent taxonomy / HTML sitemap,"Confirm parent, breadcrumb, related and HTML-sitemap links in crawl",SOURCE INVENTORY COMPLETE; LIVE LINK GRAPH REQUIRES CURRENT CRAWL
/apparel-and-accessories/caps/classic-black-baseball-cap,PRODUCT,3,NOT VERIFIED,NOT VERIFIED,MEDIUM,Parent product grid and breadcrumbs,"Confirm parent grid, breadcrumb and at least one relevant related/contextual link",SOURCE INVENTORY COMPLETE; LIVE LINK GRAPH REQUIRES CURRENT CRAWL
/apparel-and-accessories/caps/classic-light-grey-baseball-cap,PRODUCT,3,NOT VERIFIED,NOT VERIFIED,MEDIUM,Parent product grid and breadcrumbs,"Confirm parent grid, breadcrumb and at least one relevant related/contextual link",SOURCE INVENTORY COMPLETE; LIVE LINK GRAPH REQUIRES CURRENT CRAWL
/apparel-and-accessories/caps/classic-navy-baseball-cap,PRODUCT,3,NOT VERIFIED,NOT VERIFIED,MEDIUM,Parent product grid and breadcrumbs,"Confirm parent grid, breadcrumb and at least one relevant related/contextual link",SOURCE INVENTORY COMPLETE; LIVE LINK GRAPH REQUIRES CURRENT CRAWL
/apparel-and-accessories/caps/classic-white-baseball-cap,PRODUCT,3,NOT VERIFIED,NOT VERIFIED,MEDIUM,Parent product grid and breadcrumbs,"Confirm parent grid, breadcrumb and at least one relevant related/contextual link",SOURCE INVENTORY COMPLETE; LIVE LINK GRAPH REQUIRES CURRENT CRAWL
/apparel-and-accessories/caps/classic-grey-baseball-cap,PRODUCT,3,NOT VERIFIED,NOT VERIFIED,MEDIUM,Parent product grid and breadcrumbs,"Confirm parent grid, breadcrumb and at least one relevant related/contextual link",SOURCE INVENTORY COMPLETE; LIVE LINK GRAPH REQUIRES CURRENT CRAWL
/apparel-and-accessories/caps/classic-green-baseball-cap,PRODUCT,3,NOT VERIFIED,NOT VERIFIED,MEDIUM,Parent product grid and breadcrumbs,"Confirm parent grid, breadcrumb and at least one relevant related/contextual link",SOURCE INVENTORY COMPLETE; LIVE LINK GRAPH REQUIRES CURRENT CRAWL
/apparel-and-accessories/caps/classic-yellow-baseball-cap,PRODUCT,3,NOT VERIFIED,NOT VERIFIED,MEDIUM,Parent product grid and breadcrumbs,"Confirm parent grid, breadcrumb and at least one relevant related/contextual link",SOURCE INVENTORY COMPLETE; LIVE LINK GRAPH REQUIRES CURRENT CRAWL
/apparel-and-accessories/caps/classic-maroon-baseball-cap,PRODUCT,3,NOT VERIFIED,NOT VERIFIED,MEDIUM,Parent product grid and breadcrumbs,"Confirm parent grid, breadcrumb and at least one relevant related/contextual link",SOURCE INVENTORY COMPLETE; LIVE LINK GRAPH REQUIRES CURRENT CRAWL
/apparel-and-accessories/caps/classic-orange-baseball-cap,PRODUCT,3,NOT VERIFIED,NOT VERIFIED,MEDIUM,Parent product grid and breadcrumbs,"Confirm parent grid, breadcrumb and at least one relevant related/contextual link",SOURCE INVENTORY COMPLETE; LIVE LINK GRAPH REQUIRES CURRENT CRAWL
/apparel-and-accessories/caps/classic-pink-baseball-cap,PRODUCT,3,NOT VERIFIED,NOT VERIFIED,MEDIUM,Parent product grid and breadcrumbs,"Confirm parent grid, breadcrumb and at least one relevant related/contextual link",SOURCE INVENTORY COMPLETE; LIVE LINK GRAPH REQUIRES CURRENT CRAWL
/apparel-and-accessories/caps/classic-cream-baseball-cap,PRODUCT,3,NOT VERIFIED,NOT VERIFIED,MEDIUM,Parent product grid and breadcrumbs,"Confirm parent grid, breadcrumb and at least one relevant related/contextual link",SOURCE INVENTORY COMPLETE; LIVE LINK GRAPH REQUIRES CURRENT CRAWL
/apparel-and-accessories/hats,SUBCATEGORY,2,NOT VERIFIED,NOT VERIFIED,LOW TO MEDIUM,Global navigation / parent taxonomy / HTML sitemap,"Confirm parent, breadcrumb, related and HTML-sitemap links in crawl",SOURCE INVENTORY COMPLETE; LIVE LINK GRAPH REQUIRES CURRENT CRAWL
/apparel-and-accessories/hats/reversible-bucket-hat,PRODUCT,3,NOT VERIFIED,NOT VERIFIED,MEDIUM,Parent product grid and breadcrumbs,"Confirm parent grid, breadcrumb and at least one relevant related/contextual link",SOURCE INVENTORY COMPLETE; LIVE LINK GRAPH REQUIRES CURRENT CRAWL
/apparel-and-accessories/hats/classic-baseball-cap,PRODUCT,3,NOT VERIFIED,NOT VERIFIED,MEDIUM,Parent product grid and breadcrumbs,"Confirm parent grid, breadcrumb and at least one relevant related/contextual link",SOURCE INVENTORY COMPLETE; LIVE LINK GRAPH REQUIRES CURRENT CRAWL
/apparel-and-accessories/hats/mesh-back-trucker-hat,PRODUCT,3,NOT VERIFIED,NOT VERIFIED,MEDIUM,Parent product grid and breadcrumbs,"Confirm parent grid, breadcrumb and at least one relevant related/contextual link",SOURCE INVENTORY COMPLETE; LIVE LINK GRAPH REQUIRES CURRENT CRAWL
/apparel-and-accessories/hats/knit-beanie-winter-hat,PRODUCT,3,NOT VERIFIED,NOT VERIFIED,MEDIUM,Parent product grid and breadcrumbs,"Confirm parent grid, breadcrumb and at least one relevant related/contextual link",SOURCE INVENTORY COMPLETE; LIVE LINK GRAPH REQUIRES CURRENT CRAWL
/apparel-and-accessories/hats/sports-visor-cap,PRODUCT,3,NOT VERIFIED,NOT VERIFIED,MEDIUM,Parent product grid and breadcrumbs,"Confirm parent grid, breadcrumb and at least one relevant related/contextual link",SOURCE INVENTORY COMPLETE; LIVE LINK GRAPH REQUIRES CURRENT CRAWL
/apparel-and-accessories/hats/classic-fedora-hat,PRODUCT,3,NOT VERIFIED,NOT VERIFIED,MEDIUM,Parent product grid and breadcrumbs,"Confirm parent grid, breadcrumb and at least one relevant related/contextual link",SOURCE INVENTORY COMPLETE; LIVE LINK GRAPH REQUIRES CURRENT CRAWL
/apparel-and-accessories/hats/military-boonie-hat,PRODUCT,3,NOT VERIFIED,NOT VERIFIED,MEDIUM,Parent product grid and breadcrumbs,"Confirm parent grid, breadcrumb and at least one relevant related/contextual link",SOURCE INVENTORY COMPLETE; LIVE LINK GRAPH REQUIRES CURRENT CRAWL
/apparel-and-accessories/hats/panama-straw-hat,PRODUCT,3,NOT VERIFIED,NOT VERIFIED,MEDIUM,Parent product grid and breadcrumbs,"Confirm parent grid, breadcrumb and at least one relevant related/contextual link",SOURCE INVENTORY COMPLETE; LIVE LINK GRAPH REQUIRES CURRENT CRAWL
/apparel-and-accessories/hats/premium-fitted-cap,PRODUCT,3,NOT VERIFIED,NOT VERIFIED,MEDIUM,Parent product grid and breadcrumbs,"Confirm parent grid, breadcrumb and at least one relevant related/contextual link",SOURCE INVENTORY COMPLETE; LIVE LINK GRAPH REQUIRES CURRENT CRAWL
/apparel-and-accessories/hats/classic-wool-beret,PRODUCT,3,NOT VERIFIED,NOT VERIFIED,MEDIUM,Parent product grid and breadcrumbs,"Confirm parent grid, breadcrumb and at least one relevant related/contextual link",SOURCE INVENTORY COMPLETE; LIVE LINK GRAPH REQUIRES CURRENT CRAWL
/apparel-and-accessories/hats/casual-cotton-bucket-hat,PRODUCT,3,NOT VERIFIED,NOT VERIFIED,MEDIUM,Parent product grid and breadcrumbs,"Confirm parent grid, breadcrumb and at least one relevant related/contextual link",SOURCE INVENTORY COMPLETE; LIVE LINK GRAPH REQUIRES CURRENT CRAWL
/apparel-and-accessories/corporate-shirts,SUBCATEGORY,2,NOT VERIFIED,NOT VERIFIED,LOW TO MEDIUM,Global navigation / parent taxonomy / HTML sitemap,"Confirm parent, breadcrumb, related and HTML-sitemap links in crawl",SOURCE INVENTORY COMPLETE; LIVE LINK GRAPH REQUIRES CURRENT CRAWL
/apparel-and-accessories/corporate-shirts/black-corporate-shirt,PRODUCT,3,NOT VERIFIED,NOT VERIFIED,MEDIUM,Parent product grid and breadcrumbs,"Confirm parent grid, breadcrumb and at least one relevant related/contextual link",SOURCE INVENTORY COMPLETE; LIVE LINK GRAPH REQUIRES CURRENT CRAWL
/apparel-and-accessories/corporate-shirts/white-corporate-shirt,PRODUCT,3,NOT VERIFIED,NOT VERIFIED,MEDIUM,Parent product grid and breadcrumbs,"Confirm parent grid, breadcrumb and at least one relevant related/contextual link",SOURCE INVENTORY COMPLETE; LIVE LINK GRAPH REQUIRES CURRENT CRAWL
/apparel-and-accessories/corporate-shirts/purple-corporate-shirt,PRODUCT,3,NOT VERIFIED,NOT VERIFIED,MEDIUM,Parent product grid and breadcrumbs,"Confirm parent grid, breadcrumb and at least one relevant related/contextual link",SOURCE INVENTORY COMPLETE; LIVE LINK GRAPH REQUIRES CURRENT CRAWL
/apparel-and-accessories/corporate-shirts/navy-corporate-shirt,PRODUCT,3,NOT VERIFIED,NOT VERIFIED,MEDIUM,Parent product grid and breadcrumbs,"Confirm parent grid, breadcrumb and at least one relevant related/contextual link",SOURCE INVENTORY COMPLETE; LIVE LINK GRAPH REQUIRES CURRENT CRAWL
/apparel-and-accessories/ties,SUBCATEGORY,2,NOT VERIFIED,NOT VERIFIED,LOW TO MEDIUM,Global navigation / parent taxonomy / HTML sitemap,"Confirm parent, breadcrumb, related and HTML-sitemap links in crawl",SOURCE INVENTORY COMPLETE; LIVE LINK GRAPH REQUIRES CURRENT CRAWL
/apparel-and-accessories/ties/classic-silk-tie,PRODUCT,3,NOT VERIFIED,NOT VERIFIED,MEDIUM,Parent product grid and breadcrumbs,"Confirm parent grid, breadcrumb and at least one relevant related/contextual link",SOURCE INVENTORY COMPLETE; LIVE LINK GRAPH REQUIRES CURRENT CRAWL
/apparel-and-accessories/ties/formal-cotton-tie,PRODUCT,3,NOT VERIFIED,NOT VERIFIED,MEDIUM,Parent product grid and breadcrumbs,"Confirm parent grid, breadcrumb and at least one relevant related/contextual link",SOURCE INVENTORY COMPLETE; LIVE LINK GRAPH REQUIRES CURRENT CRAWL
/apparel-and-accessories/ties/polyester-corporate-tie,PRODUCT,3,NOT VERIFIED,NOT VERIFIED,MEDIUM,Parent product grid and breadcrumbs,"Confirm parent grid, breadcrumb and at least one relevant related/contextual link",SOURCE INVENTORY COMPLETE; LIVE LINK GRAPH REQUIRES CURRENT CRAWL
/apparel-and-accessories/ties/striped-office-tie,PRODUCT,3,NOT VERIFIED,NOT VERIFIED,MEDIUM,Parent product grid and breadcrumbs,"Confirm parent grid, breadcrumb and at least one relevant related/contextual link",SOURCE INVENTORY COMPLETE; LIVE LINK GRAPH REQUIRES CURRENT CRAWL
/apparel-and-accessories/ties/red-power-tie,PRODUCT,3,NOT VERIFIED,NOT VERIFIED,MEDIUM,Parent product grid and breadcrumbs,"Confirm parent grid, breadcrumb and at least one relevant related/contextual link",SOURCE INVENTORY COMPLETE; LIVE LINK GRAPH REQUIRES CURRENT CRAWL
/apparel-and-accessories/ties/royal-blue-tie,PRODUCT,3,NOT VERIFIED,NOT VERIFIED,MEDIUM,Parent product grid and breadcrumbs,"Confirm parent grid, breadcrumb and at least one relevant related/contextual link",SOURCE INVENTORY COMPLETE; LIVE LINK GRAPH REQUIRES CURRENT CRAWL
/apparel-and-accessories/ties/corporate-tie-gift-set,PRODUCT,3,NOT VERIFIED,NOT VERIFIED,MEDIUM,Parent product grid and breadcrumbs,"Confirm parent grid, breadcrumb and at least one relevant related/contextual link",SOURCE INVENTORY COMPLETE; LIVE LINK GRAPH REQUIRES CURRENT CRAWL
/apparel-and-accessories/aprons,SUBCATEGORY,2,NOT VERIFIED,NOT VERIFIED,LOW TO MEDIUM,Global navigation / parent taxonomy / HTML sitemap,"Confirm parent, breadcrumb, related and HTML-sitemap links in crawl",SOURCE INVENTORY COMPLETE; LIVE LINK GRAPH REQUIRES CURRENT CRAWL
/apparel-and-accessories/aprons/kitchen-apron,PRODUCT,3,NOT VERIFIED,NOT VERIFIED,MEDIUM,Parent product grid and breadcrumbs,"Confirm parent grid, breadcrumb and at least one relevant related/contextual link",SOURCE INVENTORY COMPLETE; LIVE LINK GRAPH REQUIRES CURRENT CRAWL
/apparel-and-accessories/aprons/canvas-apron,PRODUCT,3,NOT VERIFIED,NOT VERIFIED,MEDIUM,Parent product grid and breadcrumbs,"Confirm parent grid, breadcrumb and at least one relevant related/contextual link",SOURCE INVENTORY COMPLETE; LIVE LINK GRAPH REQUIRES CURRENT CRAWL
/apparel-and-accessories/aprons/bib-apron,PRODUCT,3,NOT VERIFIED,NOT VERIFIED,MEDIUM,Parent product grid and breadcrumbs,"Confirm parent grid, breadcrumb and at least one relevant related/contextual link",SOURCE INVENTORY COMPLETE; LIVE LINK GRAPH REQUIRES CURRENT CRAWL
/apparel-and-accessories/aprons/waist-apron,PRODUCT,3,NOT VERIFIED,NOT VERIFIED,MEDIUM,Parent product grid and breadcrumbs,"Confirm parent grid, breadcrumb and at least one relevant related/contextual link",SOURCE INVENTORY COMPLETE; LIVE LINK GRAPH REQUIRES CURRENT CRAWL
/apparel-and-accessories/aprons/custom-printed-apron,PRODUCT,3,NOT VERIFIED,NOT VERIFIED,MEDIUM,Parent product grid and breadcrumbs,"Confirm parent grid, breadcrumb and at least one relevant related/contextual link",SOURCE INVENTORY COMPLETE; LIVE LINK GRAPH REQUIRES CURRENT CRAWL
/apparel-and-accessories/aprons/disposable-apron,PRODUCT,3,NOT VERIFIED,NOT VERIFIED,MEDIUM,Parent product grid and breadcrumbs,"Confirm parent grid, breadcrumb and at least one relevant related/contextual link",SOURCE INVENTORY COMPLETE; LIVE LINK GRAPH REQUIRES CURRENT CRAWL
/apparel-and-accessories/winter-wear,SUBCATEGORY,2,NOT VERIFIED,NOT VERIFIED,LOW TO MEDIUM,Global navigation / parent taxonomy / HTML sitemap,"Confirm parent, breadcrumb, related and HTML-sitemap links in crawl",SOURCE INVENTORY COMPLETE; LIVE LINK GRAPH REQUIRES CURRENT CRAWL
/apparel-and-accessories/winter-wear/corporate-bomber-jacket,PRODUCT,3,NOT VERIFIED,NOT VERIFIED,MEDIUM,Parent product grid and breadcrumbs,"Confirm parent grid, breadcrumb and at least one relevant related/contextual link",SOURCE INVENTORY COMPLETE; LIVE LINK GRAPH REQUIRES CURRENT CRAWL
/apparel-and-accessories/winter-wear/premium-zipper-jacket,PRODUCT,3,NOT VERIFIED,NOT VERIFIED,MEDIUM,Parent product grid and breadcrumbs,"Confirm parent grid, breadcrumb and at least one relevant related/contextual link",SOURCE INVENTORY COMPLETE; LIVE LINK GRAPH REQUIRES CURRENT CRAWL
/apparel-and-accessories/winter-wear/professional-puffer-jacket,PRODUCT,3,NOT VERIFIED,NOT VERIFIED,MEDIUM,Parent product grid and breadcrumbs,"Confirm parent grid, breadcrumb and at least one relevant related/contextual link",SOURCE INVENTORY COMPLETE; LIVE LINK GRAPH REQUIRES CURRENT CRAWL
/apparel-and-accessories/winter-wear/executive-softshell-jacket,PRODUCT,3,NOT VERIFIED,NOT VERIFIED,MEDIUM,Parent product grid and breadcrumbs,"Confirm parent grid, breadcrumb and at least one relevant related/contextual link",SOURCE INVENTORY COMPLETE; LIVE LINK GRAPH REQUIRES CURRENT CRAWL
/apparel-and-accessories/winter-wear/classic-corporate-jacket,PRODUCT,3,NOT VERIFIED,NOT VERIFIED,MEDIUM,Parent product grid and breadcrumbs,"Confirm parent grid, breadcrumb and at least one relevant related/contextual link",SOURCE INVENTORY COMPLETE; LIVE LINK GRAPH REQUIRES CURRENT CRAWL
/apparel-and-accessories/winter-wear/waterproof-corporate-jacket,PRODUCT,3,NOT VERIFIED,NOT VERIFIED,MEDIUM,Parent product grid and breadcrumbs,"Confirm parent grid, breadcrumb and at least one relevant related/contextual link",SOURCE INVENTORY COMPLETE; LIVE LINK GRAPH REQUIRES CURRENT CRAWL
/apparel-and-accessories/winter-wear/3-in-1-system-jacket,PRODUCT,3,NOT VERIFIED,NOT VERIFIED,MEDIUM,Parent product grid and breadcrumbs,"Confirm parent grid, breadcrumb and at least one relevant related/contextual link",SOURCE INVENTORY COMPLETE; LIVE LINK GRAPH REQUIRES CURRENT CRAWL
/apparel-and-accessories/winter-wear/professional-parka-jacket,PRODUCT,3,NOT VERIFIED,NOT VERIFIED,MEDIUM,Parent product grid and breadcrumbs,"Confirm parent grid, breadcrumb and at least one relevant related/contextual link",SOURCE INVENTORY COMPLETE; LIVE LINK GRAPH REQUIRES CURRENT CRAWL
/apparel-and-accessories/winter-wear/corporate-fleece-hoodie,PRODUCT,3,NOT VERIFIED,NOT VERIFIED,MEDIUM,Parent product grid and breadcrumbs,"Confirm parent grid, breadcrumb and at least one relevant related/contextual link",SOURCE INVENTORY COMPLETE; LIVE LINK GRAPH REQUIRES CURRENT CRAWL
/apparel-and-accessories/winter-wear/executive-pullover-hoodie,PRODUCT,3,NOT VERIFIED,NOT VERIFIED,MEDIUM,Parent product grid and breadcrumbs,"Confirm parent grid, breadcrumb and at least one relevant related/contextual link",SOURCE INVENTORY COMPLETE; LIVE LINK GRAPH REQUIRES CURRENT CRAWL
/apparel-and-accessories/winter-wear/full-zip-corporate-hoodie,PRODUCT,3,NOT VERIFIED,NOT VERIFIED,MEDIUM,Parent product grid and breadcrumbs,"Confirm parent grid, breadcrumb and at least one relevant related/contextual link",SOURCE INVENTORY COMPLETE; LIVE LINK GRAPH REQUIRES CURRENT CRAWL
/apparel-and-accessories/winter-wear/performance-tech-hoodie,PRODUCT,3,NOT VERIFIED,NOT VERIFIED,MEDIUM,Parent product grid and breadcrumbs,"Confirm parent grid, breadcrumb and at least one relevant related/contextual link",SOURCE INVENTORY COMPLETE; LIVE LINK GRAPH REQUIRES CURRENT CRAWL
/apparel-and-accessories/winter-wear/premium-logo-hoodie,PRODUCT,3,NOT VERIFIED,NOT VERIFIED,MEDIUM,Parent product grid and breadcrumbs,"Confirm parent grid, breadcrumb and at least one relevant related/contextual link",SOURCE INVENTORY COMPLETE; LIVE LINK GRAPH REQUIRES CURRENT CRAWL
/apparel-and-accessories/winter-wear/thermal-lined-hoodie,PRODUCT,3,NOT VERIFIED,NOT VERIFIED,MEDIUM,Parent product grid and breadcrumbs,"Confirm parent grid, breadcrumb and at least one relevant related/contextual link",SOURCE INVENTORY COMPLETE; LIVE LINK GRAPH REQUIRES CURRENT CRAWL
/apparel-and-accessories/winter-wear/lightweight-travel-hoodie,PRODUCT,3,NOT VERIFIED,NOT VERIFIED,MEDIUM,Parent product grid and breadcrumbs,"Confirm parent grid, breadcrumb and at least one relevant related/contextual link",SOURCE INVENTORY COMPLETE; LIVE LINK GRAPH REQUIRES CURRENT CRAWL
/apparel-and-accessories/winter-wear/corporate-zip-up-hoodie,PRODUCT,3,NOT VERIFIED,NOT VERIFIED,MEDIUM,Parent product grid and breadcrumbs,"Confirm parent grid, breadcrumb and at least one relevant related/contextual link",SOURCE INVENTORY COMPLETE; LIVE LINK GRAPH REQUIRES CURRENT CRAWL
/office-and-writing,CATEGORY,1,NOT VERIFIED,NOT VERIFIED,LOW,Global navigation / parent taxonomy / HTML sitemap,Retain navigation/footer/hub links,SOURCE INVENTORY COMPLETE; LIVE LINK GRAPH REQUIRES CURRENT CRAWL
/office-and-writing/file-and-folder,SUBCATEGORY,2,NOT VERIFIED,NOT VERIFIED,LOW TO MEDIUM,Global navigation / parent taxonomy / HTML sitemap,"Confirm parent, breadcrumb, related and HTML-sitemap links in crawl",SOURCE INVENTORY COMPLETE; LIVE LINK GRAPH REQUIRES CURRENT CRAWL
/office-and-writing/file-and-folder/a4-professional-document-file,PRODUCT,3,NOT VERIFIED,NOT VERIFIED,MEDIUM,Parent product grid and breadcrumbs,"Confirm parent grid, breadcrumb and at least one relevant related/contextual link",SOURCE INVENTORY COMPLETE; LIVE LINK GRAPH REQUIRES CURRENT CRAWL
/office-and-writing/file-and-folder/expandable-accordion-file-folder,PRODUCT,3,NOT VERIFIED,NOT VERIFIED,MEDIUM,Parent product grid and breadcrumbs,"Confirm parent grid, breadcrumb and at least one relevant related/contextual link",SOURCE INVENTORY COMPLETE; LIVE LINK GRAPH REQUIRES CURRENT CRAWL
/office-and-writing/file-and-folder/leather-executive-file-folder,PRODUCT,3,NOT VERIFIED,NOT VERIFIED,MEDIUM,Parent product grid and breadcrumbs,"Confirm parent grid, breadcrumb and at least one relevant related/contextual link",SOURCE INVENTORY COMPLETE; LIVE LINK GRAPH REQUIRES CURRENT CRAWL
/office-and-writing/file-and-folder/plastic-a4-clip-file,PRODUCT,3,NOT VERIFIED,NOT VERIFIED,MEDIUM,Parent product grid and breadcrumbs,"Confirm parent grid, breadcrumb and at least one relevant related/contextual link",SOURCE INVENTORY COMPLETE; LIVE LINK GRAPH REQUIRES CURRENT CRAWL
/office-and-writing/file-and-folder/mesh-zipper-document-bag,PRODUCT,3,NOT VERIFIED,NOT VERIFIED,MEDIUM,Parent product grid and breadcrumbs,"Confirm parent grid, breadcrumb and at least one relevant related/contextual link",SOURCE INVENTORY COMPLETE; LIVE LINK GRAPH REQUIRES CURRENT CRAWL
/office-and-writing/file-and-folder/a4-file-storage-box,PRODUCT,3,NOT VERIFIED,NOT VERIFIED,MEDIUM,Parent product grid and breadcrumbs,"Confirm parent grid, breadcrumb and at least one relevant related/contextual link",SOURCE INVENTORY COMPLETE; LIVE LINK GRAPH REQUIRES CURRENT CRAWL
/office-and-writing/pen-and-writing-set,SUBCATEGORY,2,NOT VERIFIED,NOT VERIFIED,LOW TO MEDIUM,Global navigation / parent taxonomy / HTML sitemap,"Confirm parent, breadcrumb, related and HTML-sitemap links in crawl",SOURCE INVENTORY COMPLETE; LIVE LINK GRAPH REQUIRES CURRENT CRAWL
/office-and-writing/pen-and-writing-set/premium-metal-ball-pen,PRODUCT,3,NOT VERIFIED,NOT VERIFIED,MEDIUM,Parent product grid and breadcrumbs,"Confirm parent grid, breadcrumb and at least one relevant related/contextual link",SOURCE INVENTORY COMPLETE; LIVE LINK GRAPH REQUIRES CURRENT CRAWL
/office-and-writing/pen-and-writing-set/smooth-writing-gel-pen,PRODUCT,3,NOT VERIFIED,NOT VERIFIED,MEDIUM,Parent product grid and breadcrumbs,"Confirm parent grid, breadcrumb and at least one relevant related/contextual link",SOURCE INVENTORY COMPLETE; LIVE LINK GRAPH REQUIRES CURRENT CRAWL
/office-and-writing/pen-and-writing-set/deluxe-pen-writing-set,PRODUCT,3,NOT VERIFIED,NOT VERIFIED,MEDIUM,Parent product grid and breadcrumbs,"Confirm parent grid, breadcrumb and at least one relevant related/contextual link",SOURCE INVENTORY COMPLETE; LIVE LINK GRAPH REQUIRES CURRENT CRAWL
/office-and-writing/pen-and-writing-set/economy-ball-pen,PRODUCT,3,NOT VERIFIED,NOT VERIFIED,MEDIUM,Parent product grid and breadcrumbs,"Confirm parent grid, breadcrumb and at least one relevant related/contextual link",SOURCE INVENTORY COMPLETE; LIVE LINK GRAPH REQUIRES CURRENT CRAWL
/office-and-writing/pen-and-writing-set/executive-pen-gift-set,PRODUCT,3,NOT VERIFIED,NOT VERIFIED,MEDIUM,Parent product grid and breadcrumbs,"Confirm parent grid, breadcrumb and at least one relevant related/contextual link",SOURCE INVENTORY COMPLETE; LIVE LINK GRAPH REQUIRES CURRENT CRAWL
/office-and-writing/pen-and-writing-set/dual-stylus-ball-pen,PRODUCT,3,NOT VERIFIED,NOT VERIFIED,MEDIUM,Parent product grid and breadcrumbs,"Confirm parent grid, breadcrumb and at least one relevant related/contextual link",SOURCE INVENTORY COMPLETE; LIVE LINK GRAPH REQUIRES CURRENT CRAWL
/office-and-writing/lanyard-and-id-card,SUBCATEGORY,2,NOT VERIFIED,NOT VERIFIED,LOW TO MEDIUM,Global navigation / parent taxonomy / HTML sitemap,"Confirm parent, breadcrumb, related and HTML-sitemap links in crawl",SOURCE INVENTORY COMPLETE; LIVE LINK GRAPH REQUIRES CURRENT CRAWL
/office-and-writing/lanyard-and-id-card/premium-polyester-lanyard-id-card,PRODUCT,3,NOT VERIFIED,NOT VERIFIED,MEDIUM,Parent product grid and breadcrumbs,"Confirm parent grid, breadcrumb and at least one relevant related/contextual link",SOURCE INVENTORY COMPLETE; LIVE LINK GRAPH REQUIRES CURRENT CRAWL
/office-and-writing/lanyard-and-id-card/satin-lanyard-transparent-id-card,PRODUCT,3,NOT VERIFIED,NOT VERIFIED,MEDIUM,Parent product grid and breadcrumbs,"Confirm parent grid, breadcrumb and at least one relevant related/contextual link",SOURCE INVENTORY COMPLETE; LIVE LINK GRAPH REQUIRES CURRENT CRAWL
/office-and-writing/lanyard-and-id-card/tubular-lanyard-printed-id-card,PRODUCT,3,NOT VERIFIED,NOT VERIFIED,MEDIUM,Parent product grid and breadcrumbs,"Confirm parent grid, breadcrumb and at least one relevant related/contextual link",SOURCE INVENTORY COMPLETE; LIVE LINK GRAPH REQUIRES CURRENT CRAWL
/office-and-writing/lanyard-and-id-card/woven-branded-lanyard-pvc-id-card,PRODUCT,3,NOT VERIFIED,NOT VERIFIED,MEDIUM,Parent product grid and breadcrumbs,"Confirm parent grid, breadcrumb and at least one relevant related/contextual link",SOURCE INVENTORY COMPLETE; LIVE LINK GRAPH REQUIRES CURRENT CRAWL
/office-and-writing/lanyard-and-id-card/eco-friendly-lanyard-id-card,PRODUCT,3,NOT VERIFIED,NOT VERIFIED,MEDIUM,Parent product grid and breadcrumbs,"Confirm parent grid, breadcrumb and at least one relevant related/contextual link",SOURCE INVENTORY COMPLETE; LIVE LINK GRAPH REQUIRES CURRENT CRAWL
/office-and-writing/lanyard-and-id-card/double-layer-printed-lanyard-id-card,PRODUCT,3,NOT VERIFIED,NOT VERIFIED,MEDIUM,Parent product grid and breadcrumbs,"Confirm parent grid, breadcrumb and at least one relevant related/contextual link",SOURCE INVENTORY COMPLETE; LIVE LINK GRAPH REQUIRES CURRENT CRAWL
/office-and-writing/notebooks-and-diary-sets,SUBCATEGORY,2,NOT VERIFIED,NOT VERIFIED,LOW TO MEDIUM,Global navigation / parent taxonomy / HTML sitemap,"Confirm parent, breadcrumb, related and HTML-sitemap links in crawl",SOURCE INVENTORY COMPLETE; LIVE LINK GRAPH REQUIRES CURRENT CRAWL
/office-and-writing/notebooks-and-diary-sets/a5-premium-hardcover-notebook,PRODUCT,3,NOT VERIFIED,NOT VERIFIED,MEDIUM,Parent product grid and breadcrumbs,"Confirm parent grid, breadcrumb and at least one relevant related/contextual link",SOURCE INVENTORY COMPLETE; LIVE LINK GRAPH REQUIRES CURRENT CRAWL
/office-and-writing/notebooks-and-diary-sets/a5-spiral-bound-notebook,PRODUCT,3,NOT VERIFIED,NOT VERIFIED,MEDIUM,Parent product grid and breadcrumbs,"Confirm parent grid, breadcrumb and at least one relevant related/contextual link",SOURCE INVENTORY COMPLETE; LIVE LINK GRAPH REQUIRES CURRENT CRAWL
/office-and-writing/notebooks-and-diary-sets/executive-a5-pu-leather-diary,PRODUCT,3,NOT VERIFIED,NOT VERIFIED,MEDIUM,Parent product grid and breadcrumbs,"Confirm parent grid, breadcrumb and at least one relevant related/contextual link",SOURCE INVENTORY COMPLETE; LIVE LINK GRAPH REQUIRES CURRENT CRAWL
/office-and-writing/notebooks-and-diary-sets/a5-hardbound-ruled-notebook,PRODUCT,3,NOT VERIFIED,NOT VERIFIED,MEDIUM,Parent product grid and breadcrumbs,"Confirm parent grid, breadcrumb and at least one relevant related/contextual link",SOURCE INVENTORY COMPLETE; LIVE LINK GRAPH REQUIRES CURRENT CRAWL
/office-and-writing/notebooks-and-diary-sets/eco-friendly-cork-notebook,PRODUCT,3,NOT VERIFIED,NOT VERIFIED,MEDIUM,Parent product grid and breadcrumbs,"Confirm parent grid, breadcrumb and at least one relevant related/contextual link",SOURCE INVENTORY COMPLETE; LIVE LINK GRAPH REQUIRES CURRENT CRAWL
/office-and-writing/notebooks-and-diary-sets/premium-notebook-diary-gift-set,PRODUCT,3,NOT VERIFIED,NOT VERIFIED,MEDIUM,Parent product grid and breadcrumbs,"Confirm parent grid, breadcrumb and at least one relevant related/contextual link",SOURCE INVENTORY COMPLETE; LIVE LINK GRAPH REQUIRES CURRENT CRAWL
/collection,CATEGORY,1,NOT VERIFIED,NOT VERIFIED,LOW,Global navigation / parent taxonomy / HTML sitemap,Retain navigation/footer/hub links,SOURCE INVENTORY COMPLETE; LIVE LINK GRAPH REQUIRES CURRENT CRAWL
/collection/welcome-kits,SUBCATEGORY,2,NOT VERIFIED,NOT VERIFIED,LOW TO MEDIUM,Global navigation / parent taxonomy / HTML sitemap,"Confirm parent, breadcrumb, related and HTML-sitemap links in crawl",SOURCE INVENTORY COMPLETE; LIVE LINK GRAPH REQUIRES CURRENT CRAWL
/collection/welcome-kits/premium-corporate-welcome-kit,PRODUCT,3,NOT VERIFIED,NOT VERIFIED,MEDIUM,Parent product grid and breadcrumbs,"Confirm parent grid, breadcrumb and at least one relevant related/contextual link",SOURCE INVENTORY COMPLETE; LIVE LINK GRAPH REQUIRES CURRENT CRAWL
/collection/welcome-kits/essential-employee-welcome-kit,PRODUCT,3,NOT VERIFIED,NOT VERIFIED,MEDIUM,Parent product grid and breadcrumbs,"Confirm parent grid, breadcrumb and at least one relevant related/contextual link",SOURCE INVENTORY COMPLETE; LIVE LINK GRAPH REQUIRES CURRENT CRAWL
/collection/welcome-kits/basic-corporate-welcome-kit,PRODUCT,3,NOT VERIFIED,NOT VERIFIED,MEDIUM,Parent product grid and breadcrumbs,"Confirm parent grid, breadcrumb and at least one relevant related/contextual link",SOURCE INVENTORY COMPLETE; LIVE LINK GRAPH REQUIRES CURRENT CRAWL
/collection/welcome-kits/executive-employee-welcome-kit,PRODUCT,3,NOT VERIFIED,NOT VERIFIED,MEDIUM,Parent product grid and breadcrumbs,"Confirm parent grid, breadcrumb and at least one relevant related/contextual link",SOURCE INVENTORY COMPLETE; LIVE LINK GRAPH REQUIRES CURRENT CRAWL
/collection/welcome-kits/eco-friendly-welcome-kit,PRODUCT,3,NOT VERIFIED,NOT VERIFIED,MEDIUM,Parent product grid and breadcrumbs,"Confirm parent grid, breadcrumb and at least one relevant related/contextual link",SOURCE INVENTORY COMPLETE; LIVE LINK GRAPH REQUIRES CURRENT CRAWL
/collection/promotional-clocks,SUBCATEGORY,2,NOT VERIFIED,NOT VERIFIED,LOW TO MEDIUM,Global navigation / parent taxonomy / HTML sitemap,"Confirm parent, breadcrumb, related and HTML-sitemap links in crawl",SOURCE INVENTORY COMPLETE; LIVE LINK GRAPH REQUIRES CURRENT CRAWL
/collection/promotional-clocks/classic-round-promotional-wall-clock,PRODUCT,3,NOT VERIFIED,NOT VERIFIED,MEDIUM,Parent product grid and breadcrumbs,"Confirm parent grid, breadcrumb and at least one relevant related/contextual link",SOURCE INVENTORY COMPLETE; LIVE LINK GRAPH REQUIRES CURRENT CRAWL
/collection/promotional-clocks/square-promotional-wall-clock,PRODUCT,3,NOT VERIFIED,NOT VERIFIED,MEDIUM,Parent product grid and breadcrumbs,"Confirm parent grid, breadcrumb and at least one relevant related/contextual link",SOURCE INVENTORY COMPLETE; LIVE LINK GRAPH REQUIRES CURRENT CRAWL
/collection/promotional-clocks/modern-promotional-desk-clock,PRODUCT,3,NOT VERIFIED,NOT VERIFIED,MEDIUM,Parent product grid and breadcrumbs,"Confirm parent grid, breadcrumb and at least one relevant related/contextual link",SOURCE INVENTORY COMPLETE; LIVE LINK GRAPH REQUIRES CURRENT CRAWL
/collection/promotional-clocks/premium-metal-wall-clock,PRODUCT,3,NOT VERIFIED,NOT VERIFIED,MEDIUM,Parent product grid and breadcrumbs,"Confirm parent grid, breadcrumb and at least one relevant related/contextual link",SOURCE INVENTORY COMPLETE; LIVE LINK GRAPH REQUIRES CURRENT CRAWL
/collection/promotional-clocks/digital-led-desk-clock,PRODUCT,3,NOT VERIFIED,NOT VERIFIED,MEDIUM,Parent product grid and breadcrumbs,"Confirm parent grid, breadcrumb and at least one relevant related/contextual link",SOURCE INVENTORY COMPLETE; LIVE LINK GRAPH REQUIRES CURRENT CRAWL
/collection/promotional-clocks/wooden-finish-promotional-clock,PRODUCT,3,NOT VERIFIED,NOT VERIFIED,MEDIUM,Parent product grid and breadcrumbs,"Confirm parent grid, breadcrumb and at least one relevant related/contextual link",SOURCE INVENTORY COMPLETE; LIVE LINK GRAPH REQUIRES CURRENT CRAWL
/collection/keychains,SUBCATEGORY,2,NOT VERIFIED,NOT VERIFIED,LOW TO MEDIUM,Global navigation / parent taxonomy / HTML sitemap,"Confirm parent, breadcrumb, related and HTML-sitemap links in crawl",SOURCE INVENTORY COMPLETE; LIVE LINK GRAPH REQUIRES CURRENT CRAWL
/collection/keychains/classic-metal-corporate-keychain,PRODUCT,3,NOT VERIFIED,NOT VERIFIED,MEDIUM,Parent product grid and breadcrumbs,"Confirm parent grid, breadcrumb and at least one relevant related/contextual link",SOURCE INVENTORY COMPLETE; LIVE LINK GRAPH REQUIRES CURRENT CRAWL
/collection/keychains/premium-leather-keychain,PRODUCT,3,NOT VERIFIED,NOT VERIFIED,MEDIUM,Parent product grid and breadcrumbs,"Confirm parent grid, breadcrumb and at least one relevant related/contextual link",SOURCE INVENTORY COMPLETE; LIVE LINK GRAPH REQUIRES CURRENT CRAWL
/collection/keychains/metal-ring-keychain,PRODUCT,3,NOT VERIFIED,NOT VERIFIED,MEDIUM,Parent product grid and breadcrumbs,"Confirm parent grid, breadcrumb and at least one relevant related/contextual link",SOURCE INVENTORY COMPLETE; LIVE LINK GRAPH REQUIRES CURRENT CRAWL
/collection/keychains/acrylic-printed-keychain,PRODUCT,3,NOT VERIFIED,NOT VERIFIED,MEDIUM,Parent product grid and breadcrumbs,"Confirm parent grid, breadcrumb and at least one relevant related/contextual link",SOURCE INVENTORY COMPLETE; LIVE LINK GRAPH REQUIRES CURRENT CRAWL
/collection/keychains/rectangle-metal-keychain,PRODUCT,3,NOT VERIFIED,NOT VERIFIED,MEDIUM,Parent product grid and breadcrumbs,"Confirm parent grid, breadcrumb and at least one relevant related/contextual link",SOURCE INVENTORY COMPLETE; LIVE LINK GRAPH REQUIRES CURRENT CRAWL
/collection/keychains/round-printed-keychain,PRODUCT,3,NOT VERIFIED,NOT VERIFIED,MEDIUM,Parent product grid and breadcrumbs,"Confirm parent grid, breadcrumb and at least one relevant related/contextual link",SOURCE INVENTORY COMPLETE; LIVE LINK GRAPH REQUIRES CURRENT CRAWL
/collection/keychains/eco-friendly-bamboo-keychain,PRODUCT,3,NOT VERIFIED,NOT VERIFIED,MEDIUM,Parent product grid and breadcrumbs,"Confirm parent grid, breadcrumb and at least one relevant related/contextual link",SOURCE INVENTORY COMPLETE; LIVE LINK GRAPH REQUIRES CURRENT CRAWL
/collection/keychains/led-light-keychain,PRODUCT,3,NOT VERIFIED,NOT VERIFIED,MEDIUM,Parent product grid and breadcrumbs,"Confirm parent grid, breadcrumb and at least one relevant related/contextual link",SOURCE INVENTORY COMPLETE; LIVE LINK GRAPH REQUIRES CURRENT CRAWL
/collection/keychains/carabiner-metal-keychain,PRODUCT,3,NOT VERIFIED,NOT VERIFIED,MEDIUM,Parent product grid and breadcrumbs,"Confirm parent grid, breadcrumb and at least one relevant related/contextual link",SOURCE INVENTORY COMPLETE; LIVE LINK GRAPH REQUIRES CURRENT CRAWL
/collection/keychains/custom-name-keychain,PRODUCT,3,NOT VERIFIED,NOT VERIFIED,MEDIUM,Parent product grid and breadcrumbs,"Confirm parent grid, breadcrumb and at least one relevant related/contextual link",SOURCE INVENTORY COMPLETE; LIVE LINK GRAPH REQUIRES CURRENT CRAWL
/bags-and-travel,CATEGORY,1,NOT VERIFIED,NOT VERIFIED,LOW,Global navigation / parent taxonomy / HTML sitemap,Retain navigation/footer/hub links,SOURCE INVENTORY COMPLETE; LIVE LINK GRAPH REQUIRES CURRENT CRAWL
/bags-and-travel/backpacks,SUBCATEGORY,2,NOT VERIFIED,NOT VERIFIED,LOW TO MEDIUM,Global navigation / parent taxonomy / HTML sitemap,"Confirm parent, breadcrumb, related and HTML-sitemap links in crawl",SOURCE INVENTORY COMPLETE; LIVE LINK GRAPH REQUIRES CURRENT CRAWL
/bags-and-travel/backpacks/classic-corporate-office-backpack,PRODUCT,3,NOT VERIFIED,NOT VERIFIED,MEDIUM,Parent product grid and breadcrumbs,"Confirm parent grid, breadcrumb and at least one relevant related/contextual link",SOURCE INVENTORY COMPLETE; LIVE LINK GRAPH REQUIRES CURRENT CRAWL
/bags-and-travel/backpacks/professional-laptop-backpack,PRODUCT,3,NOT VERIFIED,NOT VERIFIED,MEDIUM,Parent product grid and breadcrumbs,"Confirm parent grid, breadcrumb and at least one relevant related/contextual link",SOURCE INVENTORY COMPLETE; LIVE LINK GRAPH REQUIRES CURRENT CRAWL
/bags-and-travel/backpacks/economy-corporate-backpack,PRODUCT,3,NOT VERIFIED,NOT VERIFIED,MEDIUM,Parent product grid and breadcrumbs,"Confirm parent grid, breadcrumb and at least one relevant related/contextual link",SOURCE INVENTORY COMPLETE; LIVE LINK GRAPH REQUIRES CURRENT CRAWL
/bags-and-travel/backpacks/travel-outdoor-promotional-backpack,PRODUCT,3,NOT VERIFIED,NOT VERIFIED,MEDIUM,Parent product grid and breadcrumbs,"Confirm parent grid, breadcrumb and at least one relevant related/contextual link",SOURCE INVENTORY COMPLETE; LIVE LINK GRAPH REQUIRES CURRENT CRAWL
/bags-and-travel/backpacks/anti-theft-laptop-backpack,PRODUCT,3,NOT VERIFIED,NOT VERIFIED,MEDIUM,Parent product grid and breadcrumbs,"Confirm parent grid, breadcrumb and at least one relevant related/contextual link",SOURCE INVENTORY COMPLETE; LIVE LINK GRAPH REQUIRES CURRENT CRAWL
/bags-and-travel/backpacks/premium-executive-backpack,PRODUCT,3,NOT VERIFIED,NOT VERIFIED,MEDIUM,Parent product grid and breadcrumbs,"Confirm parent grid, breadcrumb and at least one relevant related/contextual link",SOURCE INVENTORY COMPLETE; LIVE LINK GRAPH REQUIRES CURRENT CRAWL
/bags-and-travel/foldable-bags,SUBCATEGORY,2,NOT VERIFIED,NOT VERIFIED,LOW TO MEDIUM,Global navigation / parent taxonomy / HTML sitemap,"Confirm parent, breadcrumb, related and HTML-sitemap links in crawl",SOURCE INVENTORY COMPLETE; LIVE LINK GRAPH REQUIRES CURRENT CRAWL
/bags-and-travel/foldable-bags/compact-foldable-shopping-bag,PRODUCT,3,NOT VERIFIED,NOT VERIFIED,MEDIUM,Parent product grid and breadcrumbs,"Confirm parent grid, breadcrumb and at least one relevant related/contextual link",SOURCE INVENTORY COMPLETE; LIVE LINK GRAPH REQUIRES CURRENT CRAWL
/bags-and-travel/foldable-bags/zipper-foldable-tote-bag,PRODUCT,3,NOT VERIFIED,NOT VERIFIED,MEDIUM,Parent product grid and breadcrumbs,"Confirm parent grid, breadcrumb and at least one relevant related/contextual link",SOURCE INVENTORY COMPLETE; LIVE LINK GRAPH REQUIRES CURRENT CRAWL
/bags-and-travel/foldable-bags/premium-foldable-travel-bag,PRODUCT,3,NOT VERIFIED,NOT VERIFIED,MEDIUM,Parent product grid and breadcrumbs,"Confirm parent grid, breadcrumb and at least one relevant related/contextual link",SOURCE INVENTORY COMPLETE; LIVE LINK GRAPH REQUIRES CURRENT CRAWL
/bags-and-travel/duffle-bags,SUBCATEGORY,2,NOT VERIFIED,NOT VERIFIED,LOW TO MEDIUM,Global navigation / parent taxonomy / HTML sitemap,"Confirm parent, breadcrumb, related and HTML-sitemap links in crawl",SOURCE INVENTORY COMPLETE; LIVE LINK GRAPH REQUIRES CURRENT CRAWL
/bags-and-travel/duffle-bags/classic-sports-duffle-bag,PRODUCT,3,NOT VERIFIED,NOT VERIFIED,MEDIUM,Parent product grid and breadcrumbs,"Confirm parent grid, breadcrumb and at least one relevant related/contextual link",SOURCE INVENTORY COMPLETE; LIVE LINK GRAPH REQUIRES CURRENT CRAWL
/bags-and-travel/duffle-bags/travel-and-gym-duffle-bag,PRODUCT,3,NOT VERIFIED,NOT VERIFIED,MEDIUM,Parent product grid and breadcrumbs,"Confirm parent grid, breadcrumb and at least one relevant related/contextual link",SOURCE INVENTORY COMPLETE; LIVE LINK GRAPH REQUIRES CURRENT CRAWL
/bags-and-travel/duffle-bags/premium-leatherette-duffle-bag,PRODUCT,3,NOT VERIFIED,NOT VERIFIED,MEDIUM,Parent product grid and breadcrumbs,"Confirm parent grid, breadcrumb and at least one relevant related/contextual link",SOURCE INVENTORY COMPLETE; LIVE LINK GRAPH REQUIRES CURRENT CRAWL
/bags-and-travel/duffle-bags/weekender-travel-duffle-bag,PRODUCT,3,NOT VERIFIED,NOT VERIFIED,MEDIUM,Parent product grid and breadcrumbs,"Confirm parent grid, breadcrumb and at least one relevant related/contextual link",SOURCE INVENTORY COMPLETE; LIVE LINK GRAPH REQUIRES CURRENT CRAWL
/bags-and-travel/tote-bags,SUBCATEGORY,2,NOT VERIFIED,NOT VERIFIED,LOW TO MEDIUM,Global navigation / parent taxonomy / HTML sitemap,"Confirm parent, breadcrumb, related and HTML-sitemap links in crawl",SOURCE INVENTORY COMPLETE; LIVE LINK GRAPH REQUIRES CURRENT CRAWL
/bags-and-travel/tote-bags/premium-cotton-tote-bag,PRODUCT,3,NOT VERIFIED,NOT VERIFIED,MEDIUM,Parent product grid and breadcrumbs,"Confirm parent grid, breadcrumb and at least one relevant related/contextual link",SOURCE INVENTORY COMPLETE; LIVE LINK GRAPH REQUIRES CURRENT CRAWL
/bags-and-travel/tote-bags/natural-jute-tote-bag,PRODUCT,3,NOT VERIFIED,NOT VERIFIED,MEDIUM,Parent product grid and breadcrumbs,"Confirm parent grid, breadcrumb and at least one relevant related/contextual link",SOURCE INVENTORY COMPLETE; LIVE LINK GRAPH REQUIRES CURRENT CRAWL
/bags-and-travel/tote-bags/premium-canvas-tote-bag,PRODUCT,3,NOT VERIFIED,NOT VERIFIED,MEDIUM,Parent product grid and breadcrumbs,"Confirm parent grid, breadcrumb and at least one relevant related/contextual link",SOURCE INVENTORY COMPLETE; LIVE LINK GRAPH REQUIRES CURRENT CRAWL
/bags-and-travel/tote-bags/foldable-tote-bag,PRODUCT,3,NOT VERIFIED,NOT VERIFIED,MEDIUM,Parent product grid and breadcrumbs,"Confirm parent grid, breadcrumb and at least one relevant related/contextual link",SOURCE INVENTORY COMPLETE; LIVE LINK GRAPH REQUIRES CURRENT CRAWL
/bags-and-travel/tote-bags/printed-jute-tote-bag,PRODUCT,3,NOT VERIFIED,NOT VERIFIED,MEDIUM,Parent product grid and breadcrumbs,"Confirm parent grid, breadcrumb and at least one relevant related/contextual link",SOURCE INVENTORY COMPLETE; LIVE LINK GRAPH REQUIRES CURRENT CRAWL
/bags-and-travel/tote-bags/executive-canvas-tote-bag,PRODUCT,3,NOT VERIFIED,NOT VERIFIED,MEDIUM,Parent product grid and breadcrumbs,"Confirm parent grid, breadcrumb and at least one relevant related/contextual link",SOURCE INVENTORY COMPLETE; LIVE LINK GRAPH REQUIRES CURRENT CRAWL
/technology-accessories,CATEGORY,1,NOT VERIFIED,NOT VERIFIED,LOW,Global navigation / parent taxonomy / HTML sitemap,Retain navigation/footer/hub links,SOURCE INVENTORY COMPLETE; LIVE LINK GRAPH REQUIRES CURRENT CRAWL
/technology-accessories/wireless-charging,SUBCATEGORY,2,NOT VERIFIED,NOT VERIFIED,LOW TO MEDIUM,Global navigation / parent taxonomy / HTML sitemap,"Confirm parent, breadcrumb, related and HTML-sitemap links in crawl",SOURCE INVENTORY COMPLETE; LIVE LINK GRAPH REQUIRES CURRENT CRAWL
/technology-accessories/wireless-charging/fast-charging-wireless-pad,PRODUCT,3,NOT VERIFIED,NOT VERIFIED,MEDIUM,Parent product grid and breadcrumbs,"Confirm parent grid, breadcrumb and at least one relevant related/contextual link",SOURCE INVENTORY COMPLETE; LIVE LINK GRAPH REQUIRES CURRENT CRAWL
/technology-accessories/wireless-charging/wireless-charger-stand,PRODUCT,3,NOT VERIFIED,NOT VERIFIED,MEDIUM,Parent product grid and breadcrumbs,"Confirm parent grid, breadcrumb and at least one relevant related/contextual link",SOURCE INVENTORY COMPLETE; LIVE LINK GRAPH REQUIRES CURRENT CRAWL
/technology-accessories/wireless-charging/3-in-1-wireless-charging-dock,PRODUCT,3,NOT VERIFIED,NOT VERIFIED,MEDIUM,Parent product grid and breadcrumbs,"Confirm parent grid, breadcrumb and at least one relevant related/contextual link",SOURCE INVENTORY COMPLETE; LIVE LINK GRAPH REQUIRES CURRENT CRAWL
/technology-accessories/wireless-charging/magsafe-compatible-wireless-charger,PRODUCT,3,NOT VERIFIED,NOT VERIFIED,MEDIUM,Parent product grid and breadcrumbs,"Confirm parent grid, breadcrumb and at least one relevant related/contextual link",SOURCE INVENTORY COMPLETE; LIVE LINK GRAPH REQUIRES CURRENT CRAWL
/technology-accessories/wireless-charging/wooden-finish-wireless-charger,PRODUCT,3,NOT VERIFIED,NOT VERIFIED,MEDIUM,Parent product grid and breadcrumbs,"Confirm parent grid, breadcrumb and at least one relevant related/contextual link",SOURCE INVENTORY COMPLETE; LIVE LINK GRAPH REQUIRES CURRENT CRAWL
/technology-accessories/computer-accessories,SUBCATEGORY,2,NOT VERIFIED,NOT VERIFIED,LOW TO MEDIUM,Global navigation / parent taxonomy / HTML sitemap,"Confirm parent, breadcrumb, related and HTML-sitemap links in crawl",SOURCE INVENTORY COMPLETE; LIVE LINK GRAPH REQUIRES CURRENT CRAWL
/technology-accessories/computer-accessories/classic-optical-usb-mouse,PRODUCT,3,NOT VERIFIED,NOT VERIFIED,MEDIUM,Parent product grid and breadcrumbs,"Confirm parent grid, breadcrumb and at least one relevant related/contextual link",SOURCE INVENTORY COMPLETE; LIVE LINK GRAPH REQUIRES CURRENT CRAWL
/technology-accessories/computer-accessories/wireless-silent-mouse,PRODUCT,3,NOT VERIFIED,NOT VERIFIED,MEDIUM,Parent product grid and breadcrumbs,"Confirm parent grid, breadcrumb and at least one relevant related/contextual link",SOURCE INVENTORY COMPLETE; LIVE LINK GRAPH REQUIRES CURRENT CRAWL
/technology-accessories/computer-accessories/ergonomic-professional-mouse,PRODUCT,3,NOT VERIFIED,NOT VERIFIED,MEDIUM,Parent product grid and breadcrumbs,"Confirm parent grid, breadcrumb and at least one relevant related/contextual link",SOURCE INVENTORY COMPLETE; LIVE LINK GRAPH REQUIRES CURRENT CRAWL
/technology-accessories/computer-accessories/bluetooth-ultra-slim-mouse,PRODUCT,3,NOT VERIFIED,NOT VERIFIED,MEDIUM,Parent product grid and breadcrumbs,"Confirm parent grid, breadcrumb and at least one relevant related/contextual link",SOURCE INVENTORY COMPLETE; LIVE LINK GRAPH REQUIRES CURRENT CRAWL
/technology-accessories/computer-accessories/standard-wired-office-keyboard,PRODUCT,3,NOT VERIFIED,NOT VERIFIED,MEDIUM,Parent product grid and breadcrumbs,"Confirm parent grid, breadcrumb and at least one relevant related/contextual link",SOURCE INVENTORY COMPLETE; LIVE LINK GRAPH REQUIRES CURRENT CRAWL
/technology-accessories/computer-accessories/compact-wireless-keyboard,PRODUCT,3,NOT VERIFIED,NOT VERIFIED,MEDIUM,Parent product grid and breadcrumbs,"Confirm parent grid, breadcrumb and at least one relevant related/contextual link",SOURCE INVENTORY COMPLETE; LIVE LINK GRAPH REQUIRES CURRENT CRAWL
/technology-accessories/computer-accessories/multi-device-bluetooth-keyboard,PRODUCT,3,NOT VERIFIED,NOT VERIFIED,MEDIUM,Parent product grid and breadcrumbs,"Confirm parent grid, breadcrumb and at least one relevant related/contextual link",SOURCE INVENTORY COMPLETE; LIVE LINK GRAPH REQUIRES CURRENT CRAWL
/technology-accessories/computer-accessories/professional-mechanical-keyboard,PRODUCT,3,NOT VERIFIED,NOT VERIFIED,MEDIUM,Parent product grid and breadcrumbs,"Confirm parent grid, breadcrumb and at least one relevant related/contextual link",SOURCE INVENTORY COMPLETE; LIVE LINK GRAPH REQUIRES CURRENT CRAWL
/technology-accessories/power-banks,SUBCATEGORY,2,NOT VERIFIED,NOT VERIFIED,LOW TO MEDIUM,Global navigation / parent taxonomy / HTML sitemap,"Confirm parent, breadcrumb, related and HTML-sitemap links in crawl",SOURCE INVENTORY COMPLETE; LIVE LINK GRAPH REQUIRES CURRENT CRAWL
/technology-accessories/power-banks/10000mah-slim-power-bank,PRODUCT,3,NOT VERIFIED,NOT VERIFIED,MEDIUM,Parent product grid and breadcrumbs,"Confirm parent grid, breadcrumb and at least one relevant related/contextual link",SOURCE INVENTORY COMPLETE; LIVE LINK GRAPH REQUIRES CURRENT CRAWL
/technology-accessories/power-banks/20000mah-fast-charging-power-bank,PRODUCT,3,NOT VERIFIED,NOT VERIFIED,MEDIUM,Parent product grid and breadcrumbs,"Confirm parent grid, breadcrumb and at least one relevant related/contextual link",SOURCE INVENTORY COMPLETE; LIVE LINK GRAPH REQUIRES CURRENT CRAWL
/technology-accessories/power-banks/mini-pocket-power-bank-5000mah,PRODUCT,3,NOT VERIFIED,NOT VERIFIED,MEDIUM,Parent product grid and breadcrumbs,"Confirm parent grid, breadcrumb and at least one relevant related/contextual link",SOURCE INVENTORY COMPLETE; LIVE LINK GRAPH REQUIRES CURRENT CRAWL
/technology-accessories/power-banks/wireless-charging-power-bank-10000mah,PRODUCT,3,NOT VERIFIED,NOT VERIFIED,MEDIUM,Parent product grid and breadcrumbs,"Confirm parent grid, breadcrumb and at least one relevant related/contextual link",SOURCE INVENTORY COMPLETE; LIVE LINK GRAPH REQUIRES CURRENT CRAWL
/technology-accessories/power-banks/solar-portable-power-bank-10000mah,PRODUCT,3,NOT VERIFIED,NOT VERIFIED,MEDIUM,Parent product grid and breadcrumbs,"Confirm parent grid, breadcrumb and at least one relevant related/contextual link",SOURCE INVENTORY COMPLETE; LIVE LINK GRAPH REQUIRES CURRENT CRAWL
/technology-accessories/desktop-and-mousepad,SUBCATEGORY,2,NOT VERIFIED,NOT VERIFIED,LOW TO MEDIUM,Global navigation / parent taxonomy / HTML sitemap,"Confirm parent, breadcrumb, related and HTML-sitemap links in crawl",SOURCE INVENTORY COMPLETE; LIVE LINK GRAPH REQUIRES CURRENT CRAWL
/technology-accessories/desktop-and-mousepad/xl-desktop-mouse-pad,PRODUCT,3,NOT VERIFIED,NOT VERIFIED,MEDIUM,Parent product grid and breadcrumbs,"Confirm parent grid, breadcrumb and at least one relevant related/contextual link",SOURCE INVENTORY COMPLETE; LIVE LINK GRAPH REQUIRES CURRENT CRAWL
/technology-accessories/desktop-and-mousepad/extended-gaming-mouse-pad,PRODUCT,3,NOT VERIFIED,NOT VERIFIED,MEDIUM,Parent product grid and breadcrumbs,"Confirm parent grid, breadcrumb and at least one relevant related/contextual link",SOURCE INVENTORY COMPLETE; LIVE LINK GRAPH REQUIRES CURRENT CRAWL
/technology-accessories/desktop-and-mousepad/round-pu-leather-mouse-pad,PRODUCT,3,NOT VERIFIED,NOT VERIFIED,MEDIUM,Parent product grid and breadcrumbs,"Confirm parent grid, breadcrumb and at least one relevant related/contextual link",SOURCE INVENTORY COMPLETE; LIVE LINK GRAPH REQUIRES CURRENT CRAWL
/technology-accessories/desktop-and-mousepad/anti-slip-rubber-mouse-pad,PRODUCT,3,NOT VERIFIED,NOT VERIFIED,MEDIUM,Parent product grid and breadcrumbs,"Confirm parent grid, breadcrumb and at least one relevant related/contextual link",SOURCE INVENTORY COMPLETE; LIVE LINK GRAPH REQUIRES CURRENT CRAWL
/eco-products,CATEGORY,1,NOT VERIFIED,NOT VERIFIED,LOW,Global navigation / parent taxonomy / HTML sitemap,Retain navigation/footer/hub links,SOURCE INVENTORY COMPLETE; LIVE LINK GRAPH REQUIRES CURRENT CRAWL
/eco-products/cork-sheet,SUBCATEGORY,2,NOT VERIFIED,NOT VERIFIED,LOW TO MEDIUM,Global navigation / parent taxonomy / HTML sitemap,"Confirm parent, breadcrumb, related and HTML-sitemap links in crawl",SOURCE INVENTORY COMPLETE; LIVE LINK GRAPH REQUIRES CURRENT CRAWL
/eco-products/cork-sheet/1mm-medium-grain-cork-sheet,PRODUCT,3,NOT VERIFIED,NOT VERIFIED,MEDIUM,Parent product grid and breadcrumbs,"Confirm parent grid, breadcrumb and at least one relevant related/contextual link",SOURCE INVENTORY COMPLETE; LIVE LINK GRAPH REQUIRES CURRENT CRAWL
/eco-products/cork-sheet/2mm-medium-grain-cork-sheet,PRODUCT,3,NOT VERIFIED,NOT VERIFIED,MEDIUM,Parent product grid and breadcrumbs,"Confirm parent grid, breadcrumb and at least one relevant related/contextual link",SOURCE INVENTORY COMPLETE; LIVE LINK GRAPH REQUIRES CURRENT CRAWL
/eco-products/cork-sheet/3mm-medium-grain-cork-sheet,PRODUCT,3,NOT VERIFIED,NOT VERIFIED,MEDIUM,Parent product grid and breadcrumbs,"Confirm parent grid, breadcrumb and at least one relevant related/contextual link",SOURCE INVENTORY COMPLETE; LIVE LINK GRAPH REQUIRES CURRENT CRAWL
/eco-products/cork-sheet/4mm-medium-grain-cork-sheet,PRODUCT,3,NOT VERIFIED,NOT VERIFIED,MEDIUM,Parent product grid and breadcrumbs,"Confirm parent grid, breadcrumb and at least one relevant related/contextual link",SOURCE INVENTORY COMPLETE; LIVE LINK GRAPH REQUIRES CURRENT CRAWL
/eco-products/cork-corporate-gifting-combo,SUBCATEGORY,2,NOT VERIFIED,NOT VERIFIED,LOW TO MEDIUM,Global navigation / parent taxonomy / HTML sitemap,"Confirm parent, breadcrumb, related and HTML-sitemap links in crawl",SOURCE INVENTORY COMPLETE; LIVE LINK GRAPH REQUIRES CURRENT CRAWL
/eco-products/cork-corporate-gifting-combo/corporate-cork-gift-combo-a,PRODUCT,3,NOT VERIFIED,NOT VERIFIED,MEDIUM,Parent product grid and breadcrumbs,"Confirm parent grid, breadcrumb and at least one relevant related/contextual link",SOURCE INVENTORY COMPLETE; LIVE LINK GRAPH REQUIRES CURRENT CRAWL
/eco-products/cork-corporate-gifting-combo/corporate-cork-gift-combo-b,PRODUCT,3,NOT VERIFIED,NOT VERIFIED,MEDIUM,Parent product grid and breadcrumbs,"Confirm parent grid, breadcrumb and at least one relevant related/contextual link",SOURCE INVENTORY COMPLETE; LIVE LINK GRAPH REQUIRES CURRENT CRAWL
/eco-products/cork-corporate-gifting-combo/corporate-cork-gift-combo-c,PRODUCT,3,NOT VERIFIED,NOT VERIFIED,MEDIUM,Parent product grid and breadcrumbs,"Confirm parent grid, breadcrumb and at least one relevant related/contextual link",SOURCE INVENTORY COMPLETE; LIVE LINK GRAPH REQUIRES CURRENT CRAWL
/eco-products/cork-corporate-gifting-combo/corporate-cork-gift-combo-d,PRODUCT,3,NOT VERIFIED,NOT VERIFIED,MEDIUM,Parent product grid and breadcrumbs,"Confirm parent grid, breadcrumb and at least one relevant related/contextual link",SOURCE INVENTORY COMPLETE; LIVE LINK GRAPH REQUIRES CURRENT CRAWL
/eco-products/cork-coaster,SUBCATEGORY,2,NOT VERIFIED,NOT VERIFIED,LOW TO MEDIUM,Global navigation / parent taxonomy / HTML sitemap,"Confirm parent, breadcrumb, related and HTML-sitemap links in crawl",SOURCE INVENTORY COMPLETE; LIVE LINK GRAPH REQUIRES CURRENT CRAWL
/eco-products/cork-coaster/4-piece-cork-coasters,PRODUCT,3,NOT VERIFIED,NOT VERIFIED,MEDIUM,Parent product grid and breadcrumbs,"Confirm parent grid, breadcrumb and at least one relevant related/contextual link",SOURCE INVENTORY COMPLETE; LIVE LINK GRAPH REQUIRES CURRENT CRAWL
/eco-products/cork-coaster/large-grain-cork-coasters,PRODUCT,3,NOT VERIFIED,NOT VERIFIED,MEDIUM,Parent product grid and breadcrumbs,"Confirm parent grid, breadcrumb and at least one relevant related/contextual link",SOURCE INVENTORY COMPLETE; LIVE LINK GRAPH REQUIRES CURRENT CRAWL
/eco-products/cork-coaster/natural-cork-coasters,PRODUCT,3,NOT VERIFIED,NOT VERIFIED,MEDIUM,Parent product grid and breadcrumbs,"Confirm parent grid, breadcrumb and at least one relevant related/contextual link",SOURCE INVENTORY COMPLETE; LIVE LINK GRAPH REQUIRES CURRENT CRAWL
/eco-products/cork-coaster/square-brige-cork-coasters,PRODUCT,3,NOT VERIFIED,NOT VERIFIED,MEDIUM,Parent product grid and breadcrumbs,"Confirm parent grid, breadcrumb and at least one relevant related/contextual link",SOURCE INVENTORY COMPLETE; LIVE LINK GRAPH REQUIRES CURRENT CRAWL
/eco-products/cork-plant-decorate,SUBCATEGORY,2,NOT VERIFIED,NOT VERIFIED,LOW TO MEDIUM,Global navigation / parent taxonomy / HTML sitemap,"Confirm parent, breadcrumb, related and HTML-sitemap links in crawl",SOURCE INVENTORY COMPLETE; LIVE LINK GRAPH REQUIRES CURRENT CRAWL
/eco-products/cork-plant-decorate/cork-multicolored-planter,PRODUCT,3,NOT VERIFIED,NOT VERIFIED,MEDIUM,Parent product grid and breadcrumbs,"Confirm parent grid, breadcrumb and at least one relevant related/contextual link",SOURCE INVENTORY COMPLETE; LIVE LINK GRAPH REQUIRES CURRENT CRAWL
/eco-products/cork-plant-decorate/cork-round-planter,PRODUCT,3,NOT VERIFIED,NOT VERIFIED,MEDIUM,Parent product grid and breadcrumbs,"Confirm parent grid, breadcrumb and at least one relevant related/contextual link",SOURCE INVENTORY COMPLETE; LIVE LINK GRAPH REQUIRES CURRENT CRAWL
/eco-products/cork-plant-decorate/choco-chip-cork-planter,PRODUCT,3,NOT VERIFIED,NOT VERIFIED,MEDIUM,Parent product grid and breadcrumbs,"Confirm parent grid, breadcrumb and at least one relevant related/contextual link",SOURCE INVENTORY COMPLETE; LIVE LINK GRAPH REQUIRES CURRENT CRAWL
/eco-products/cork-plant-decorate/aqua-cork-planter,PRODUCT,3,NOT VERIFIED,NOT VERIFIED,MEDIUM,Parent product grid and breadcrumbs,"Confirm parent grid, breadcrumb and at least one relevant related/contextual link",SOURCE INVENTORY COMPLETE; LIVE LINK GRAPH REQUIRES CURRENT CRAWL
/eco-products/cork-serving-decorate,SUBCATEGORY,2,NOT VERIFIED,NOT VERIFIED,LOW TO MEDIUM,Global navigation / parent taxonomy / HTML sitemap,"Confirm parent, breadcrumb, related and HTML-sitemap links in crawl",SOURCE INVENTORY COMPLETE; LIVE LINK GRAPH REQUIRES CURRENT CRAWL
/eco-products/cork-serving-decorate/cork-dining-table-mat,PRODUCT,3,NOT VERIFIED,NOT VERIFIED,MEDIUM,Parent product grid and breadcrumbs,"Confirm parent grid, breadcrumb and at least one relevant related/contextual link",SOURCE INVENTORY COMPLETE; LIVE LINK GRAPH REQUIRES CURRENT CRAWL
/eco-products/cork-serving-decorate/cork-serving-tray,PRODUCT,3,NOT VERIFIED,NOT VERIFIED,MEDIUM,Parent product grid and breadcrumbs,"Confirm parent grid, breadcrumb and at least one relevant related/contextual link",SOURCE INVENTORY COMPLETE; LIVE LINK GRAPH REQUIRES CURRENT CRAWL
/eco-products/cork-serving-decorate/olive-cork-table-mat,PRODUCT,3,NOT VERIFIED,NOT VERIFIED,MEDIUM,Parent product grid and breadcrumbs,"Confirm parent grid, breadcrumb and at least one relevant related/contextual link",SOURCE INVENTORY COMPLETE; LIVE LINK GRAPH REQUIRES CURRENT CRAWL
/eco-products/cork-serving-decorate/natural-cork-table-mat,PRODUCT,3,NOT VERIFIED,NOT VERIFIED,MEDIUM,Parent product grid and breadcrumbs,"Confirm parent grid, breadcrumb and at least one relevant related/contextual link",SOURCE INVENTORY COMPLETE; LIVE LINK GRAPH REQUIRES CURRENT CRAWL
/eco-products/cork-horeca-range,SUBCATEGORY,2,NOT VERIFIED,NOT VERIFIED,LOW TO MEDIUM,Global navigation / parent taxonomy / HTML sitemap,"Confirm parent, breadcrumb, related and HTML-sitemap links in crawl",SOURCE INVENTORY COMPLETE; LIVE LINK GRAPH REQUIRES CURRENT CRAWL
/eco-products/cork-horeca-range/round-shape-cork-ice-storage-box,PRODUCT,3,NOT VERIFIED,NOT VERIFIED,MEDIUM,Parent product grid and breadcrumbs,"Confirm parent grid, breadcrumb and at least one relevant related/contextual link",SOURCE INVENTORY COMPLETE; LIVE LINK GRAPH REQUIRES CURRENT CRAWL
/eco-products/cork-horeca-range/cork-juice-dispenser,PRODUCT,3,NOT VERIFIED,NOT VERIFIED,MEDIUM,Parent product grid and breadcrumbs,"Confirm parent grid, breadcrumb and at least one relevant related/contextual link",SOURCE INVENTORY COMPLETE; LIVE LINK GRAPH REQUIRES CURRENT CRAWL
/eco-products/cork-horeca-range/cork-credit-card-holder,PRODUCT,3,NOT VERIFIED,NOT VERIFIED,MEDIUM,Parent product grid and breadcrumbs,"Confirm parent grid, breadcrumb and at least one relevant related/contextual link",SOURCE INVENTORY COMPLETE; LIVE LINK GRAPH REQUIRES CURRENT CRAWL
/eco-products/cork-horeca-range/cork-dessert-display-tray-with-glass,PRODUCT,3,NOT VERIFIED,NOT VERIFIED,MEDIUM,Parent product grid and breadcrumbs,"Confirm parent grid, breadcrumb and at least one relevant related/contextual link",SOURCE INVENTORY COMPLETE; LIVE LINK GRAPH REQUIRES CURRENT CRAWL
/eco-products/cork-premium-lighting,SUBCATEGORY,2,NOT VERIFIED,NOT VERIFIED,LOW TO MEDIUM,Global navigation / parent taxonomy / HTML sitemap,"Confirm parent, breadcrumb, related and HTML-sitemap links in crawl",SOURCE INVENTORY COMPLETE; LIVE LINK GRAPH REQUIRES CURRENT CRAWL
/eco-products/cork-premium-lighting/cork-decorative-table-lamp,PRODUCT,3,NOT VERIFIED,NOT VERIFIED,MEDIUM,Parent product grid and breadcrumbs,"Confirm parent grid, breadcrumb and at least one relevant related/contextual link",SOURCE INVENTORY COMPLETE; LIVE LINK GRAPH REQUIRES CURRENT CRAWL
/eco-products/cork-premium-lighting/square-shaped-cork-table-lamp,PRODUCT,3,NOT VERIFIED,NOT VERIFIED,MEDIUM,Parent product grid and breadcrumbs,"Confirm parent grid, breadcrumb and at least one relevant related/contextual link",SOURCE INVENTORY COMPLETE; LIVE LINK GRAPH REQUIRES CURRENT CRAWL
/eco-products/cork-premium-lighting/tall-cork-table-lamp,PRODUCT,3,NOT VERIFIED,NOT VERIFIED,MEDIUM,Parent product grid and breadcrumbs,"Confirm parent grid, breadcrumb and at least one relevant related/contextual link",SOURCE INVENTORY COMPLETE; LIVE LINK GRAPH REQUIRES CURRENT CRAWL
/eco-products/cork-premium-lighting/cork-hanging-lamp,PRODUCT,3,NOT VERIFIED,NOT VERIFIED,MEDIUM,Parent product grid and breadcrumbs,"Confirm parent grid, breadcrumb and at least one relevant related/contextual link",SOURCE INVENTORY COMPLETE; LIVE LINK GRAPH REQUIRES CURRENT CRAWL
/eco-products/cork-premium-gift-boxes,SUBCATEGORY,2,NOT VERIFIED,NOT VERIFIED,LOW TO MEDIUM,Global navigation / parent taxonomy / HTML sitemap,"Confirm parent, breadcrumb, related and HTML-sitemap links in crawl",SOURCE INVENTORY COMPLETE; LIVE LINK GRAPH REQUIRES CURRENT CRAWL
/eco-products/cork-premium-gift-boxes/cork-gift-boxes,PRODUCT,3,NOT VERIFIED,NOT VERIFIED,MEDIUM,Parent product grid and breadcrumbs,"Confirm parent grid, breadcrumb and at least one relevant related/contextual link",SOURCE INVENTORY COMPLETE; LIVE LINK GRAPH REQUIRES CURRENT CRAWL
/eco-products/cork-premium-gift-boxes/cork-gift-box,PRODUCT,3,NOT VERIFIED,NOT VERIFIED,MEDIUM,Parent product grid and breadcrumbs,"Confirm parent grid, breadcrumb and at least one relevant related/contextual link",SOURCE INVENTORY COMPLETE; LIVE LINK GRAPH REQUIRES CURRENT CRAWL
/eco-products/cork-premium-gift-boxes/cork-wine-boxes,PRODUCT,3,NOT VERIFIED,NOT VERIFIED,MEDIUM,Parent product grid and breadcrumbs,"Confirm parent grid, breadcrumb and at least one relevant related/contextual link",SOURCE INVENTORY COMPLETE; LIVE LINK GRAPH REQUIRES CURRENT CRAWL
/eco-products/cork-premium-gift-boxes/cork-wine-gift-box,PRODUCT,3,NOT VERIFIED,NOT VERIFIED,MEDIUM,Parent product grid and breadcrumbs,"Confirm parent grid, breadcrumb and at least one relevant related/contextual link",SOURCE INVENTORY COMPLETE; LIVE LINK GRAPH REQUIRES CURRENT CRAWL
/eco-products/cork-desk-top-accessories,SUBCATEGORY,2,NOT VERIFIED,NOT VERIFIED,LOW TO MEDIUM,Global navigation / parent taxonomy / HTML sitemap,"Confirm parent, breadcrumb, related and HTML-sitemap links in crawl",SOURCE INVENTORY COMPLETE; LIVE LINK GRAPH REQUIRES CURRENT CRAWL
/eco-products/cork-desk-top-accessories/cork-fabric-diary,PRODUCT,3,NOT VERIFIED,NOT VERIFIED,MEDIUM,Parent product grid and breadcrumbs,"Confirm parent grid, breadcrumb and at least one relevant related/contextual link",SOURCE INVENTORY COMPLETE; LIVE LINK GRAPH REQUIRES CURRENT CRAWL
/eco-products/cork-desk-top-accessories/cork-desktop-calendar,PRODUCT,3,NOT VERIFIED,NOT VERIFIED,MEDIUM,Parent product grid and breadcrumbs,"Confirm parent grid, breadcrumb and at least one relevant related/contextual link",SOURCE INVENTORY COMPLETE; LIVE LINK GRAPH REQUIRES CURRENT CRAWL
/eco-products/cork-desk-top-accessories/cork-pen-pencil-holder,PRODUCT,3,NOT VERIFIED,NOT VERIFIED,MEDIUM,Parent product grid and breadcrumbs,"Confirm parent grid, breadcrumb and at least one relevant related/contextual link",SOURCE INVENTORY COMPLETE; LIVE LINK GRAPH REQUIRES CURRENT CRAWL
/eco-products/cork-desk-top-accessories/cork-round-style-pen-holder,PRODUCT,3,NOT VERIFIED,NOT VERIFIED,MEDIUM,Parent product grid and breadcrumbs,"Confirm parent grid, breadcrumb and at least one relevant related/contextual link",SOURCE INVENTORY COMPLETE; LIVE LINK GRAPH REQUIRES CURRENT CRAWL
/eco-products/cork-laptop-bag-and-wallet,SUBCATEGORY,2,NOT VERIFIED,NOT VERIFIED,LOW TO MEDIUM,Global navigation / parent taxonomy / HTML sitemap,"Confirm parent, breadcrumb, related and HTML-sitemap links in crawl",SOURCE INVENTORY COMPLETE; LIVE LINK GRAPH REQUIRES CURRENT CRAWL
/eco-products/cork-laptop-bag-and-wallet/cork-clip-card-holder,PRODUCT,3,NOT VERIFIED,NOT VERIFIED,MEDIUM,Parent product grid and breadcrumbs,"Confirm parent grid, breadcrumb and at least one relevant related/contextual link",SOURCE INVENTORY COMPLETE; LIVE LINK GRAPH REQUIRES CURRENT CRAWL
/eco-products/cork-laptop-bag-and-wallet/cork-wallet-for-men,PRODUCT,3,NOT VERIFIED,NOT VERIFIED,MEDIUM,Parent product grid and breadcrumbs,"Confirm parent grid, breadcrumb and at least one relevant related/contextual link",SOURCE INVENTORY COMPLETE; LIVE LINK GRAPH REQUIRES CURRENT CRAWL
/eco-products/cork-laptop-bag-and-wallet/cork-passport-holder,PRODUCT,3,NOT VERIFIED,NOT VERIFIED,MEDIUM,Parent product grid and breadcrumbs,"Confirm parent grid, breadcrumb and at least one relevant related/contextual link",SOURCE INVENTORY COMPLETE; LIVE LINK GRAPH REQUIRES CURRENT CRAWL
/eco-products/cork-laptop-bag-and-wallet/cork-laptop-bag,PRODUCT,3,NOT VERIFIED,NOT VERIFIED,MEDIUM,Parent product grid and breadcrumbs,"Confirm parent grid, breadcrumb and at least one relevant related/contextual link",SOURCE INVENTORY COMPLETE; LIVE LINK GRAPH REQUIRES CURRENT CRAWL
/eco-products/cork-yoga-accessories,SUBCATEGORY,2,NOT VERIFIED,NOT VERIFIED,LOW TO MEDIUM,Global navigation / parent taxonomy / HTML sitemap,"Confirm parent, breadcrumb, related and HTML-sitemap links in crawl",SOURCE INVENTORY COMPLETE; LIVE LINK GRAPH REQUIRES CURRENT CRAWL
/eco-products/cork-yoga-accessories/yoga-mat-cork-fabric-eva,PRODUCT,3,NOT VERIFIED,NOT VERIFIED,MEDIUM,Parent product grid and breadcrumbs,"Confirm parent grid, breadcrumb and at least one relevant related/contextual link",SOURCE INVENTORY COMPLETE; LIVE LINK GRAPH REQUIRES CURRENT CRAWL
/eco-products/cork-yoga-accessories/cork-fabric-yoga-mat-latex,PRODUCT,3,NOT VERIFIED,NOT VERIFIED,MEDIUM,Parent product grid and breadcrumbs,"Confirm parent grid, breadcrumb and at least one relevant related/contextual link",SOURCE INVENTORY COMPLETE; LIVE LINK GRAPH REQUIRES CURRENT CRAWL
/eco-products/cork-yoga-accessories/fully-rubberized-3mm-yoga-mat,PRODUCT,3,NOT VERIFIED,NOT VERIFIED,MEDIUM,Parent product grid and breadcrumbs,"Confirm parent grid, breadcrumb and at least one relevant related/contextual link",SOURCE INVENTORY COMPLETE; LIVE LINK GRAPH REQUIRES CURRENT CRAWL
/eco-products/cork-yoga-accessories/cork-rubberized-yoga-mat-latex,PRODUCT,3,NOT VERIFIED,NOT VERIFIED,MEDIUM,Parent product grid and breadcrumbs,"Confirm parent grid, breadcrumb and at least one relevant related/contextual link",SOURCE INVENTORY COMPLETE; LIVE LINK GRAPH REQUIRES CURRENT CRAWL
/drink-ware,CATEGORY,1,NOT VERIFIED,NOT VERIFIED,LOW,Global navigation / parent taxonomy / HTML sitemap,Retain navigation/footer/hub links,SOURCE INVENTORY COMPLETE; LIVE LINK GRAPH REQUIRES CURRENT CRAWL
/drink-ware/sipper,SUBCATEGORY,2,NOT VERIFIED,NOT VERIFIED,LOW TO MEDIUM,Global navigation / parent taxonomy / HTML sitemap,"Confirm parent, breadcrumb, related and HTML-sitemap links in crawl",SOURCE INVENTORY COMPLETE; LIVE LINK GRAPH REQUIRES CURRENT CRAWL
/drink-ware/sipper/premium-stainless-steel-sipper-bottle,PRODUCT,3,NOT VERIFIED,NOT VERIFIED,MEDIUM,Parent product grid and breadcrumbs,"Confirm parent grid, breadcrumb and at least one relevant related/contextual link",SOURCE INVENTORY COMPLETE; LIVE LINK GRAPH REQUIRES CURRENT CRAWL
/drink-ware/sipper/double-wall-insulated-sipper-bottle,PRODUCT,3,NOT VERIFIED,NOT VERIFIED,MEDIUM,Parent product grid and breadcrumbs,"Confirm parent grid, breadcrumb and at least one relevant related/contextual link",SOURCE INVENTORY COMPLETE; LIVE LINK GRAPH REQUIRES CURRENT CRAWL
/drink-ware/sipper/sporty-plastic-sipper-bottle,PRODUCT,3,NOT VERIFIED,NOT VERIFIED,MEDIUM,Parent product grid and breadcrumbs,"Confirm parent grid, breadcrumb and at least one relevant related/contextual link",SOURCE INVENTORY COMPLETE; LIVE LINK GRAPH REQUIRES CURRENT CRAWL
/drink-ware/sipper/fruit-infuser-sipper-bottle,PRODUCT,3,NOT VERIFIED,NOT VERIFIED,MEDIUM,Parent product grid and breadcrumbs,"Confirm parent grid, breadcrumb and at least one relevant related/contextual link",SOURCE INVENTORY COMPLETE; LIVE LINK GRAPH REQUIRES CURRENT CRAWL
/drink-ware/sipper/classic-metal-sipper-bottle,PRODUCT,3,NOT VERIFIED,NOT VERIFIED,MEDIUM,Parent product grid and breadcrumbs,"Confirm parent grid, breadcrumb and at least one relevant related/contextual link",SOURCE INVENTORY COMPLETE; LIVE LINK GRAPH REQUIRES CURRENT CRAWL
/drink-ware/sipper/thermos-style-vacuum-sipper-bottle,PRODUCT,3,NOT VERIFIED,NOT VERIFIED,MEDIUM,Parent product grid and breadcrumbs,"Confirm parent grid, breadcrumb and at least one relevant related/contextual link",SOURCE INVENTORY COMPLETE; LIVE LINK GRAPH REQUIRES CURRENT CRAWL
/drink-ware/bamboo-bottle,SUBCATEGORY,2,NOT VERIFIED,NOT VERIFIED,LOW TO MEDIUM,Global navigation / parent taxonomy / HTML sitemap,"Confirm parent, breadcrumb, related and HTML-sitemap links in crawl",SOURCE INVENTORY COMPLETE; LIVE LINK GRAPH REQUIRES CURRENT CRAWL
/drink-ware/bamboo-bottle/premium-bamboo-sipper-bottle,PRODUCT,3,NOT VERIFIED,NOT VERIFIED,MEDIUM,Parent product grid and breadcrumbs,"Confirm parent grid, breadcrumb and at least one relevant related/contextual link",SOURCE INVENTORY COMPLETE; LIVE LINK GRAPH REQUIRES CURRENT CRAWL
/drink-ware/bamboo-bottle/bamboo-thermo-sipper-bottle,PRODUCT,3,NOT VERIFIED,NOT VERIFIED,MEDIUM,Parent product grid and breadcrumbs,"Confirm parent grid, breadcrumb and at least one relevant related/contextual link",SOURCE INVENTORY COMPLETE; LIVE LINK GRAPH REQUIRES CURRENT CRAWL
/drink-ware/bamboo-bottle/bamboo-sports-sipper-bottle,PRODUCT,3,NOT VERIFIED,NOT VERIFIED,MEDIUM,Parent product grid and breadcrumbs,"Confirm parent grid, breadcrumb and at least one relevant related/contextual link",SOURCE INVENTORY COMPLETE; LIVE LINK GRAPH REQUIRES CURRENT CRAWL
/drink-ware/bamboo-bottle/bamboo-tea-infuser-bottle,PRODUCT,3,NOT VERIFIED,NOT VERIFIED,MEDIUM,Parent product grid and breadcrumbs,"Confirm parent grid, breadcrumb and at least one relevant related/contextual link",SOURCE INVENTORY COMPLETE; LIVE LINK GRAPH REQUIRES CURRENT CRAWL
/drink-ware/bamboo-bottle/classic-eco-friendly-bamboo-bottle,PRODUCT,3,NOT VERIFIED,NOT VERIFIED,MEDIUM,Parent product grid and breadcrumbs,"Confirm parent grid, breadcrumb and at least one relevant related/contextual link",SOURCE INVENTORY COMPLETE; LIVE LINK GRAPH REQUIRES CURRENT CRAWL
/drink-ware/coffee-mug,SUBCATEGORY,2,NOT VERIFIED,NOT VERIFIED,LOW TO MEDIUM,Global navigation / parent taxonomy / HTML sitemap,"Confirm parent, breadcrumb, related and HTML-sitemap links in crawl",SOURCE INVENTORY COMPLETE; LIVE LINK GRAPH REQUIRES CURRENT CRAWL
/drink-ware/coffee-mug/classic-ceramic-coffee-mug,PRODUCT,3,NOT VERIFIED,NOT VERIFIED,MEDIUM,Parent product grid and breadcrumbs,"Confirm parent grid, breadcrumb and at least one relevant related/contextual link",SOURCE INVENTORY COMPLETE; LIVE LINK GRAPH REQUIRES CURRENT CRAWL
/drink-ware/coffee-mug/matte-black-corporate-mug,PRODUCT,3,NOT VERIFIED,NOT VERIFIED,MEDIUM,Parent product grid and breadcrumbs,"Confirm parent grid, breadcrumb and at least one relevant related/contextual link",SOURCE INVENTORY COMPLETE; LIVE LINK GRAPH REQUIRES CURRENT CRAWL
/drink-ware/coffee-mug/insulated-travel-coffee-mug,PRODUCT,3,NOT VERIFIED,NOT VERIFIED,MEDIUM,Parent product grid and breadcrumbs,"Confirm parent grid, breadcrumb and at least one relevant related/contextual link",SOURCE INVENTORY COMPLETE; LIVE LINK GRAPH REQUIRES CURRENT CRAWL
/drink-ware/coffee-mug/dual-tone-color-inside-mug,PRODUCT,3,NOT VERIFIED,NOT VERIFIED,MEDIUM,Parent product grid and breadcrumbs,"Confirm parent grid, breadcrumb and at least one relevant related/contextual link",SOURCE INVENTORY COMPLETE; LIVE LINK GRAPH REQUIRES CURRENT CRAWL
/drink-ware/coffee-mug/premium-corporate-gift-mug,PRODUCT,3,NOT VERIFIED,NOT VERIFIED,MEDIUM,Parent product grid and breadcrumbs,"Confirm parent grid, breadcrumb and at least one relevant related/contextual link",SOURCE INVENTORY COMPLETE; LIVE LINK GRAPH REQUIRES CURRENT CRAWL
/drink-ware/ceramic-mug,SUBCATEGORY,2,NOT VERIFIED,NOT VERIFIED,LOW TO MEDIUM,Global navigation / parent taxonomy / HTML sitemap,"Confirm parent, breadcrumb, related and HTML-sitemap links in crawl",SOURCE INVENTORY COMPLETE; LIVE LINK GRAPH REQUIRES CURRENT CRAWL
/drink-ware/ceramic-mug/classic-ceramic-coffee-mug-2,PRODUCT,3,NOT VERIFIED,NOT VERIFIED,MEDIUM,Parent product grid and breadcrumbs,"Confirm parent grid, breadcrumb and at least one relevant related/contextual link",SOURCE INVENTORY COMPLETE; LIVE LINK GRAPH REQUIRES CURRENT CRAWL
/drink-ware/ceramic-mug/matte-finish-ceramic-mug,PRODUCT,3,NOT VERIFIED,NOT VERIFIED,MEDIUM,Parent product grid and breadcrumbs,"Confirm parent grid, breadcrumb and at least one relevant related/contextual link",SOURCE INVENTORY COMPLETE; LIVE LINK GRAPH REQUIRES CURRENT CRAWL
/drink-ware/ceramic-mug/color-inside-ceramic-mug,PRODUCT,3,NOT VERIFIED,NOT VERIFIED,MEDIUM,Parent product grid and breadcrumbs,"Confirm parent grid, breadcrumb and at least one relevant related/contextual link",SOURCE INVENTORY COMPLETE; LIVE LINK GRAPH REQUIRES CURRENT CRAWL
/drink-ware/ceramic-mug/magic-color-changing-ceramic-mug,PRODUCT,3,NOT VERIFIED,NOT VERIFIED,MEDIUM,Parent product grid and breadcrumbs,"Confirm parent grid, breadcrumb and at least one relevant related/contextual link",SOURCE INVENTORY COMPLETE; LIVE LINK GRAPH REQUIRES CURRENT CRAWL
/trophy-and-momento,CATEGORY,1,NOT VERIFIED,NOT VERIFIED,LOW,Global navigation / parent taxonomy / HTML sitemap,Retain navigation/footer/hub links,SOURCE INVENTORY COMPLETE; LIVE LINK GRAPH REQUIRES CURRENT CRAWL
/trophy-and-momento/trophy-and-momento,SUBCATEGORY,2,NOT VERIFIED,NOT VERIFIED,LOW TO MEDIUM,Global navigation / parent taxonomy / HTML sitemap,"Confirm parent, breadcrumb, related and HTML-sitemap links in crawl",SOURCE INVENTORY COMPLETE; LIVE LINK GRAPH REQUIRES CURRENT CRAWL
/trophy-and-momento/trophy-and-momento/golden-excellence-award-trophy,PRODUCT,3,NOT VERIFIED,NOT VERIFIED,MEDIUM,Parent product grid and breadcrumbs,"Confirm parent grid, breadcrumb and at least one relevant related/contextual link",SOURCE INVENTORY COMPLETE; LIVE LINK GRAPH REQUIRES CURRENT CRAWL
/trophy-and-momento/trophy-and-momento/silver-star-achievement-trophy,PRODUCT,3,NOT VERIFIED,NOT VERIFIED,MEDIUM,Parent product grid and breadcrumbs,"Confirm parent grid, breadcrumb and at least one relevant related/contextual link",SOURCE INVENTORY COMPLETE; LIVE LINK GRAPH REQUIRES CURRENT CRAWL
/trophy-and-momento/trophy-and-momento/elegant-crystal-award-trophy,PRODUCT,3,NOT VERIFIED,NOT VERIFIED,MEDIUM,Parent product grid and breadcrumbs,"Confirm parent grid, breadcrumb and at least one relevant related/contextual link",SOURCE INVENTORY COMPLETE; LIVE LINK GRAPH REQUIRES CURRENT CRAWL
/trophy-and-momento/trophy-and-momento/wooden-plaque-award-trophy,PRODUCT,3,NOT VERIFIED,NOT VERIFIED,MEDIUM,Parent product grid and breadcrumbs,"Confirm parent grid, breadcrumb and at least one relevant related/contextual link",SOURCE INVENTORY COMPLETE; LIVE LINK GRAPH REQUIRES CURRENT CRAWL
/trophy-and-momento/trophy-and-momento/shield-style-award-trophy,PRODUCT,3,NOT VERIFIED,NOT VERIFIED,MEDIUM,Parent product grid and breadcrumbs,"Confirm parent grid, breadcrumb and at least one relevant related/contextual link",SOURCE INVENTORY COMPLETE; LIVE LINK GRAPH REQUIRES CURRENT CRAWL
/trophy-and-momento/trophy-and-momento/premium-acrylic-award-trophy,PRODUCT,3,NOT VERIFIED,NOT VERIFIED,MEDIUM,Parent product grid and breadcrumbs,"Confirm parent grid, breadcrumb and at least one relevant related/contextual link",SOURCE INVENTORY COMPLETE; LIVE LINK GRAPH REQUIRES CURRENT CRAWL
/blog/corporate-diwali-gifts-buying-guide-2026,BLOG,2,NOT VERIFIED,NOT VERIFIED,MEDIUM,Global navigation / parent taxonomy / HTML sitemap,"Confirm parent grid, breadcrumb and at least one relevant related/contextual link",SOURCE INVENTORY COMPLETE; LIVE LINK GRAPH REQUIRES CURRENT CRAWL
/diwali-special/hampers/festive-snack-travel-mug-hamper,SEASONAL_PRODUCT,3,NOT VERIFIED,NOT VERIFIED,MEDIUM,Parent product grid and breadcrumbs,"Confirm parent grid, breadcrumb and at least one relevant related/contextual link",SOURCE INVENTORY COMPLETE; LIVE LINK GRAPH REQUIRES CURRENT CRAWL
/blog/best-corporate-diwali-gifts-delhi-ncr-2026,BLOG,2,NOT VERIFIED,NOT VERIFIED,MEDIUM,Global navigation / parent taxonomy / HTML sitemap,"Confirm parent grid, breadcrumb and at least one relevant related/contextual link",SOURCE INVENTORY COMPLETE; LIVE LINK GRAPH REQUIRES CURRENT CRAWL
/diwali-special/hampers/festive-copper-dry-fruit-hamper,SEASONAL_PRODUCT,3,NOT VERIFIED,NOT VERIFIED,MEDIUM,Parent product grid and breadcrumbs,"Confirm parent grid, breadcrumb and at least one relevant related/contextual link",SOURCE INVENTORY COMPLETE; LIVE LINK GRAPH REQUIRES CURRENT CRAWL
/diwali-special/hampers/premium-coffee-gourmet-hamper,SEASONAL_PRODUCT,3,NOT VERIFIED,NOT VERIFIED,MEDIUM,Parent product grid and breadcrumbs,"Confirm parent grid, breadcrumb and at least one relevant related/contextual link",SOURCE INVENTORY COMPLETE; LIVE LINK GRAPH REQUIRES CURRENT CRAWL
/diwali-special/hampers/white-drinkware-ferrero-diya-kit,SEASONAL_PRODUCT,3,NOT VERIFIED,NOT VERIFIED,MEDIUM,Parent product grid and breadcrumbs,"Confirm parent grid, breadcrumb and at least one relevant related/contextual link",SOURCE INVENTORY COMPLETE; LIVE LINK GRAPH REQUIRES CURRENT CRAWL
/diwali-special/hampers/executive-notebook-pen-bottle-kit,SEASONAL_PRODUCT,3,NOT VERIFIED,NOT VERIFIED,MEDIUM,Parent product grid and breadcrumbs,"Confirm parent grid, breadcrumb and at least one relevant related/contextual link",SOURCE INVENTORY COMPLETE; LIVE LINK GRAPH REQUIRES CURRENT CRAWL
/diwali-special/hampers/notebook-pen-bottle-gift-kit,SEASONAL_PRODUCT,3,NOT VERIFIED,NOT VERIFIED,MEDIUM,Parent product grid and breadcrumbs,"Confirm parent grid, breadcrumb and at least one relevant related/contextual link",SOURCE INVENTORY COMPLETE; LIVE LINK GRAPH REQUIRES CURRENT CRAWL
/diwali-special/hampers/black-tumbler-cookie-chocolate-diya-kit,SEASONAL_PRODUCT,3,NOT VERIFIED,NOT VERIFIED,MEDIUM,Parent product grid and breadcrumbs,"Confirm parent grid, breadcrumb and at least one relevant related/contextual link",SOURCE INVENTORY COMPLETE; LIVE LINK GRAPH REQUIRES CURRENT CRAWL
/diwali-special/hampers/copper-canister-chocolate-diya-kit,SEASONAL_PRODUCT,3,NOT VERIFIED,NOT VERIFIED,MEDIUM,Parent product grid and breadcrumbs,"Confirm parent grid, breadcrumb and at least one relevant related/contextual link",SOURCE INVENTORY COMPLETE; LIVE LINK GRAPH REQUIRES CURRENT CRAWL
/diwali-special/hampers/black-bottle-mug-ferrero-diya-kit,SEASONAL_PRODUCT,3,NOT VERIFIED,NOT VERIFIED,MEDIUM,Parent product grid and breadcrumbs,"Confirm parent grid, breadcrumb and at least one relevant related/contextual link",SOURCE INVENTORY COMPLETE; LIVE LINK GRAPH REQUIRES CURRENT CRAWL
/diwali-special/hampers/copper-bottle-cookie-ferrero-diya-kit,SEASONAL_PRODUCT,3,NOT VERIFIED,NOT VERIFIED,MEDIUM,Parent product grid and breadcrumbs,"Confirm parent grid, breadcrumb and at least one relevant related/contextual link",SOURCE INVENTORY COMPLETE; LIVE LINK GRAPH REQUIRES CURRENT CRAWL
/diwali-special/hampers/wallet-mug-ferrero-diya-kit,SEASONAL_PRODUCT,3,NOT VERIFIED,NOT VERIFIED,MEDIUM,Parent product grid and breadcrumbs,"Confirm parent grid, breadcrumb and at least one relevant related/contextual link",SOURCE INVENTORY COMPLETE; LIVE LINK GRAPH REQUIRES CURRENT CRAWL
/brands/adidas,BRAND,2,NOT VERIFIED,NOT VERIFIED,MEDIUM,Global navigation / parent taxonomy / HTML sitemap,"Confirm parent grid, breadcrumb and at least one relevant related/contextual link",SOURCE INVENTORY COMPLETE; LIVE LINK GRAPH REQUIRES CURRENT CRAWL
/brands/american-tourister,BRAND,2,NOT VERIFIED,NOT VERIFIED,MEDIUM,Global navigation / parent taxonomy / HTML sitemap,"Confirm parent grid, breadcrumb and at least one relevant related/contextual link",SOURCE INVENTORY COMPLETE; LIVE LINK GRAPH REQUIRES CURRENT CRAWL
/diwali-special/hampers/glass-jar-diya-gift-set,SEASONAL_PRODUCT,3,NOT VERIFIED,NOT VERIFIED,MEDIUM,Parent product grid and breadcrumbs,"Confirm parent grid, breadcrumb and at least one relevant related/contextual link",SOURCE INVENTORY COMPLETE; LIVE LINK GRAPH REQUIRES CURRENT CRAWL
/brands/portronics,BRAND,2,NOT VERIFIED,NOT VERIFIED,MEDIUM,Global navigation / parent taxonomy / HTML sitemap,"Confirm parent grid, breadcrumb and at least one relevant related/contextual link",SOURCE INVENTORY COMPLETE; LIVE LINK GRAPH REQUIRES CURRENT CRAWL
/brands/noise,BRAND,2,NOT VERIFIED,NOT VERIFIED,MEDIUM,Global navigation / parent taxonomy / HTML sitemap,"Confirm parent grid, breadcrumb and at least one relevant related/contextual link",SOURCE INVENTORY COMPLETE; LIVE LINK GRAPH REQUIRES CURRENT CRAWL
/brands/puma,BRAND,2,NOT VERIFIED,NOT VERIFIED,MEDIUM,Global navigation / parent taxonomy / HTML sitemap,"Confirm parent grid, breadcrumb and at least one relevant related/contextual link",SOURCE INVENTORY COMPLETE; LIVE LINK GRAPH REQUIRES CURRENT CRAWL
/brands/boat,BRAND,2,NOT VERIFIED,NOT VERIFIED,MEDIUM,Global navigation / parent taxonomy / HTML sitemap,"Confirm parent grid, breadcrumb and at least one relevant related/contextual link",SOURCE INVENTORY COMPLETE; LIVE LINK GRAPH REQUIRES CURRENT CRAWL
/brands/jack-and-jones,BRAND,2,NOT VERIFIED,NOT VERIFIED,MEDIUM,Global navigation / parent taxonomy / HTML sitemap,"Confirm parent grid, breadcrumb and at least one relevant related/contextual link",SOURCE INVENTORY COMPLETE; LIVE LINK GRAPH REQUIRES CURRENT CRAWL
/brands/swiss-military,BRAND,2,NOT VERIFIED,NOT VERIFIED,MEDIUM,Global navigation / parent taxonomy / HTML sitemap,"Confirm parent grid, breadcrumb and at least one relevant related/contextual link",SOURCE INVENTORY COMPLETE; LIVE LINK GRAPH REQUIRES CURRENT CRAWL
/brands/wildcraft,BRAND,2,NOT VERIFIED,NOT VERIFIED,MEDIUM,Global navigation / parent taxonomy / HTML sitemap,"Confirm parent grid, breadcrumb and at least one relevant related/contextual link",SOURCE INVENTORY COMPLETE; LIVE LINK GRAPH REQUIRES CURRENT CRAWL
/brands/rare-rabbit,BRAND,2,NOT VERIFIED,NOT VERIFIED,MEDIUM,Global navigation / parent taxonomy / HTML sitemap,"Confirm parent grid, breadcrumb and at least one relevant related/contextual link",SOURCE INVENTORY COMPLETE; LIVE LINK GRAPH REQUIRES CURRENT CRAWL
/brands/fuzo,BRAND,2,NOT VERIFIED,NOT VERIFIED,MEDIUM,Global navigation / parent taxonomy / HTML sitemap,"Confirm parent grid, breadcrumb and at least one relevant related/contextual link",SOURCE INVENTORY COMPLETE; LIVE LINK GRAPH REQUIRES CURRENT CRAWL
/brands/scott-international,BRAND,2,NOT VERIFIED,NOT VERIFIED,MEDIUM,Global navigation / parent taxonomy / HTML sitemap,"Confirm parent grid, breadcrumb and at least one relevant related/contextual link",SOURCE INVENTORY COMPLETE; LIVE LINK GRAPH REQUIRES CURRENT CRAWL
/drink-ware/steel-mug,DYNAMIC_PUBLIC,2,NOT VERIFIED,NOT VERIFIED,MEDIUM,Global navigation / parent taxonomy / HTML sitemap,"Confirm parent grid, breadcrumb and at least one relevant related/contextual link",SOURCE INVENTORY COMPLETE; LIVE LINK GRAPH REQUIRES CURRENT CRAWL
/apparel-and-accessories/polo-t-shirts/branding-t-shirt,DYNAMIC_PUBLIC,3,NOT VERIFIED,NOT VERIFIED,MEDIUM,Parent product grid and breadcrumbs,"Confirm parent grid, breadcrumb and at least one relevant related/contextual link",SOURCE INVENTORY COMPLETE; LIVE LINK GRAPH REQUIRES CURRENT CRAWL
/apparel-and-accessories/polo-t-shirts/personalized-polo-t-shirts,DYNAMIC_PUBLIC,3,NOT VERIFIED,NOT VERIFIED,MEDIUM,Parent product grid and breadcrumbs,"Confirm parent grid, breadcrumb and at least one relevant related/contextual link",SOURCE INVENTORY COMPLETE; LIVE LINK GRAPH REQUIRES CURRENT CRAWL
/apparel-and-accessories/polo-t-shirts/custom-t-shirt,DYNAMIC_PUBLIC,3,NOT VERIFIED,NOT VERIFIED,MEDIUM,Parent product grid and breadcrumbs,"Confirm parent grid, breadcrumb and at least one relevant related/contextual link",SOURCE INVENTORY COMPLETE; LIVE LINK GRAPH REQUIRES CURRENT CRAWL
/apparel-and-accessories/polo-t-shirts/event-t-shirts,DYNAMIC_PUBLIC,3,NOT VERIFIED,NOT VERIFIED,MEDIUM,Parent product grid and breadcrumbs,"Confirm parent grid, breadcrumb and at least one relevant related/contextual link",SOURCE INVENTORY COMPLETE; LIVE LINK GRAPH REQUIRES CURRENT CRAWL
/apparel-and-accessories/polo-t-shirts/t-shirt-in-delhi,DYNAMIC_PUBLIC,3,NOT VERIFIED,NOT VERIFIED,MEDIUM,Parent product grid and breadcrumbs,"Confirm parent grid, breadcrumb and at least one relevant related/contextual link",SOURCE INVENTORY COMPLETE; LIVE LINK GRAPH REQUIRES CURRENT CRAWL
/apparel-and-accessories/polo-t-shirts/corporate-polo-t-shirts,DYNAMIC_PUBLIC,3,NOT VERIFIED,NOT VERIFIED,MEDIUM,Parent product grid and breadcrumbs,"Confirm parent grid, breadcrumb and at least one relevant related/contextual link",SOURCE INVENTORY COMPLETE; LIVE LINK GRAPH REQUIRES CURRENT CRAWL
/apparel-and-accessories/polo-t-shirts/t-shirt-printing,DYNAMIC_PUBLIC,3,NOT VERIFIED,NOT VERIFIED,MEDIUM,Parent product grid and breadcrumbs,"Confirm parent grid, breadcrumb and at least one relevant related/contextual link",SOURCE INVENTORY COMPLETE; LIVE LINK GRAPH REQUIRES CURRENT CRAWL
/apparel-and-accessories/polo-t-shirts/logo-t-shirts,DYNAMIC_PUBLIC,3,NOT VERIFIED,NOT VERIFIED,MEDIUM,Parent product grid and breadcrumbs,"Confirm parent grid, breadcrumb and at least one relevant related/contextual link",SOURCE INVENTORY COMPLETE; LIVE LINK GRAPH REQUIRES CURRENT CRAWL
/apparel-and-accessories/polo-t-shirts/promotional-cotton-t-shirts,DYNAMIC_PUBLIC,3,NOT VERIFIED,NOT VERIFIED,MEDIUM,Parent product grid and breadcrumbs,"Confirm parent grid, breadcrumb and at least one relevant related/contextual link",SOURCE INVENTORY COMPLETE; LIVE LINK GRAPH REQUIRES CURRENT CRAWL
/apparel-and-accessories/polo-t-shirts/promotional-sports-t-shirts,DYNAMIC_PUBLIC,3,NOT VERIFIED,NOT VERIFIED,MEDIUM,Parent product grid and breadcrumbs,"Confirm parent grid, breadcrumb and at least one relevant related/contextual link",SOURCE INVENTORY COMPLETE; LIVE LINK GRAPH REQUIRES CURRENT CRAWL
/apparel-and-accessories/polo-t-shirts/customized-t-shirts,DYNAMIC_PUBLIC,3,NOT VERIFIED,NOT VERIFIED,MEDIUM,Parent product grid and breadcrumbs,"Confirm parent grid, breadcrumb and at least one relevant related/contextual link",SOURCE INVENTORY COMPLETE; LIVE LINK GRAPH REQUIRES CURRENT CRAWL
/apparel-and-accessories/polo-t-shirts/promotional-collar-t-shirts,DYNAMIC_PUBLIC,3,NOT VERIFIED,NOT VERIFIED,MEDIUM,Parent product grid and breadcrumbs,"Confirm parent grid, breadcrumb and at least one relevant related/contextual link",SOURCE INVENTORY COMPLETE; LIVE LINK GRAPH REQUIRES CURRENT CRAWL
/apparel-and-accessories/polo-t-shirts/custom-t-shirt-printing,DYNAMIC_PUBLIC,3,NOT VERIFIED,NOT VERIFIED,MEDIUM,Parent product grid and breadcrumbs,"Confirm parent grid, breadcrumb and at least one relevant related/contextual link",SOURCE INVENTORY COMPLETE; LIVE LINK GRAPH REQUIRES CURRENT CRAWL
/drink-ware/coffee-mug/classic-steel-coffee-mug,DYNAMIC_PUBLIC,3,NOT VERIFIED,NOT VERIFIED,MEDIUM,Parent product grid and breadcrumbs,"Confirm parent grid, breadcrumb and at least one relevant related/contextual link",SOURCE INVENTORY COMPLETE; LIVE LINK GRAPH REQUIRES CURRENT CRAWL
/drink-ware/coffee-mug/double-wall-insulated-mug,DYNAMIC_PUBLIC,3,NOT VERIFIED,NOT VERIFIED,MEDIUM,Parent product grid and breadcrumbs,"Confirm parent grid, breadcrumb and at least one relevant related/contextual link",SOURCE INVENTORY COMPLETE; LIVE LINK GRAPH REQUIRES CURRENT CRAWL
/drink-ware/steel-mug/stainless-steel-double-wall-coffee-mug,DYNAMIC_PUBLIC,3,NOT VERIFIED,NOT VERIFIED,MEDIUM,Parent product grid and breadcrumbs,"Confirm parent grid, breadcrumb and at least one relevant related/contextual link",SOURCE INVENTORY COMPLETE; LIVE LINK GRAPH REQUIRES CURRENT CRAWL
/drink-ware/coffee-mug/stainless-steel-coffee-mug,DYNAMIC_PUBLIC,3,NOT VERIFIED,NOT VERIFIED,MEDIUM,Parent product grid and breadcrumbs,"Confirm parent grid, breadcrumb and at least one relevant related/contextual link",SOURCE INVENTORY COMPLETE; LIVE LINK GRAPH REQUIRES CURRENT CRAWL
/blog/688c9ce3f316fb8d48be1279,BLOG,2,NOT VERIFIED,NOT VERIFIED,MEDIUM,Global navigation / parent taxonomy / HTML sitemap,"Confirm parent grid, breadcrumb and at least one relevant related/contextual link",SOURCE INVENTORY COMPLETE; LIVE LINK GRAPH REQUIRES CURRENT CRAWL
/blog/6897a1d967f8f01adc2fccd4,BLOG,2,NOT VERIFIED,NOT VERIFIED,MEDIUM,Global navigation / parent taxonomy / HTML sitemap,"Confirm parent grid, breadcrumb and at least one relevant related/contextual link",SOURCE INVENTORY COMPLETE; LIVE LINK GRAPH REQUIRES CURRENT CRAWL
/blog/69313c73362dfa880a0f5cb7,BLOG,2,NOT VERIFIED,NOT VERIFIED,MEDIUM,Global navigation / parent taxonomy / HTML sitemap,"Confirm parent grid, breadcrumb and at least one relevant related/contextual link",SOURCE INVENTORY COMPLETE; LIVE LINK GRAPH REQUIRES CURRENT CRAWL
/blog/6937f5de42a2917631db3f23,BLOG,2,NOT VERIFIED,NOT VERIFIED,MEDIUM,Global navigation / parent taxonomy / HTML sitemap,"Confirm parent grid, breadcrumb and at least one relevant related/contextual link",SOURCE INVENTORY COMPLETE; LIVE LINK GRAPH REQUIRES CURRENT CRAWL
/drink-ware/coffee-mug/magic-suction-mug-with-stainless-steel-inside,DYNAMIC_PUBLIC,3,NOT VERIFIED,NOT VERIFIED,MEDIUM,Parent product grid and breadcrumbs,"Confirm parent grid, breadcrumb and at least one relevant related/contextual link",SOURCE INVENTORY COMPLETE; LIVE LINK GRAPH REQUIRES CURRENT CRAWL
