Recommended URL,Page Type,Primary Keyword,Topic Cluster,Keyword Count,Top Secondary Keywords,Disposition Mix,Existing URL,Product Availability,Content Readiness,Priority,Cannibalization Control
/,HOME,corporate gifts and branded merchandise,Corporate gifting,323,corporate gifts; corporate gifting; corporate gift suppliers; corporate gift manufacturers; corporate gift boxes; corporate gift sets; corporate food hampers; corporate wellness kits; promotional gifts; business gifts; branded gifts; work from home gifts,MERGED INTO EXISTING CLUSTER: 299; DEFERRED - INTERNATIONAL VALIDATION: 24,/,AVAILABLE,EXISTING PAGE - REVIEW AGAINST QUERY,P0,One canonical owner; merge close modifiers and spelling variants
/apparel-and-accessories,CATEGORY,custom corporate apparel,Apparel and uniforms,20,custom raincoats; branded windcheaters; custom raincoats india; custom raincoats near me; custom raincoats online; custom raincoats wholesale; custom raincoats bulk order; custom raincoats supplier; custom raincoats manufacturer; custom raincoats price; custom raincoats with logo; branded windcheaters india,MERGED INTO EXISTING CLUSTER: 20,/apparel-and-accessories,AVAILABLE,EXISTING PAGE - REVIEW AGAINST QUERY,P1,One canonical owner; merge close modifiers and spelling variants
/apparel-and-accessories/caps,SUBCATEGORY,custom promotional caps,Apparel and uniforms,19,cap printing; custom caps; cap printing india; cap printing near me; cap printing online; cap printing wholesale; cap printing bulk order; cap printing supplier; cap printing price; cap printing with logo; custom caps india; custom caps near me,MERGED INTO EXISTING CLUSTER: 19,/apparel-and-accessories/caps,AVAILABLE,EXISTING PAGE - REVIEW AGAINST QUERY,P1,One canonical owner; merge close modifiers and spelling variants
/apparel-and-accessories/corporate-shirts,SUBCATEGORY,corporate uniforms and shirts,Polo shirts and uniforms,38,school uniforms; corporate uniforms; hotel uniforms; school uniforms india; school uniforms near me; school uniforms online; school uniforms wholesale; school uniforms bulk order; school uniforms supplier; school uniforms manufacturer; school uniforms price; school uniforms with logo,MERGED INTO EXISTING CLUSTER: 38,/apparel-and-accessories/corporate-shirts,AVAILABLE,EXISTING PAGE - REVIEW AGAINST QUERY,P1,One canonical owner; merge close modifiers and spelling variants
/apparel-and-accessories/polo-t-shirts,SUBCATEGORY,custom polo T-shirts,Polo shirts and uniforms,30,polo t shirts; custom polo t shirts; collar t shirts; polo t shirts india; polo t shirts near me; polo t shirts online; polo t shirts wholesale; polo t shirts bulk order; polo t shirts supplier; polo t shirts manufacturer; polo t shirts price; polo t shirts with logo,MERGED INTO EXISTING CLUSTER: 29; ASSIGNED TO EXISTING URL: 1,/apparel-and-accessories/polo-t-shirts,AVAILABLE,EXISTING PAGE - REVIEW AGAINST QUERY,P1,One canonical owner; merge close modifiers and spelling variants
/apparel-and-accessories/round-neck-t-shirts,SUBCATEGORY,custom T-shirts with logo,Custom T-shirts,314,custom t shirts; customized t shirts; personalized t shirts; promotional t shirts; corporate t shirts; corporate logo t shirts; logo t shirts; branded t shirts; oversized t shirts; dry fit t shirts; round neck t shirts; full sleeve t shirts,MERGED INTO EXISTING CLUSTER: 286; ASSIGNED TO EXISTING URL: 4; DEFERRED - INTERNATIONAL VALIDATION: 24,/apparel-and-accessories/round-neck-t-shirts,AVAILABLE,EXISTING PAGE - REVIEW AGAINST QUERY,P1,One canonical owner; merge close modifiers and spelling variants
/apparel-and-accessories/winter-wear,SUBCATEGORY,custom corporate winter wear,Custom hoodies and jackets,86,custom hoodies; promotional hoodies; corporate hoodies; custom sweatshirts; promotional sweatshirts; corporate sweatshirts; logo sweatshirts; custom hoodies india; custom hoodies near me; custom hoodies online; custom hoodies wholesale; custom hoodies bulk order,MERGED INTO EXISTING CLUSTER: 86,/apparel-and-accessories/winter-wear,AVAILABLE,EXISTING PAGE - REVIEW AGAINST QUERY,P1,One canonical owner; merge close modifiers and spelling variants
/bags-and-travel,CATEGORY,branded bags and travel merchandise,Bags and travel merchandise,54,custom travel mugs; courier poly bags printing; custom paper bags; cotton carry bag printing; custom travel mugs india; custom travel mugs near me; custom travel mugs online; custom travel mugs wholesale; custom travel mugs bulk order; custom travel mugs supplier; custom travel mugs manufacturer; custom travel mugs price,MERGED INTO EXISTING CLUSTER: 54,/bags-and-travel,AVAILABLE,EXISTING PAGE - REVIEW AGAINST QUERY,P1,One canonical owner; merge close modifiers and spelling variants
/bags-and-travel/backpacks,SUBCATEGORY,custom corporate backpacks,Bags and travel merchandise,29,laptop bag printing; branded laptop backpacks; custom backpacks; laptop bag printing india; laptop bag printing near me; laptop bag printing online; laptop bag printing wholesale; laptop bag printing bulk order; laptop bag printing supplier; laptop bag printing price; laptop bag printing with logo; branded laptop backpacks india,MERGED INTO EXISTING CLUSTER: 29,/bags-and-travel/backpacks,AVAILABLE,EXISTING PAGE - REVIEW AGAINST QUERY,P0,One canonical owner; merge close modifiers and spelling variants
/bags-and-travel/tote-bags,SUBCATEGORY,custom tote bags,Bags and travel merchandise,19,custom tote bag printing; printed tote bags; custom tote bag printing india; custom tote bag printing near me; custom tote bag printing online; custom tote bag printing wholesale; custom tote bag printing bulk order; custom tote bag printing supplier; custom tote bag printing price; custom tote bag printing with logo; printed tote bags india; printed tote bags near me,MERGED INTO EXISTING CLUSTER: 19,/bags-and-travel/tote-bags,AVAILABLE,EXISTING PAGE - REVIEW AGAINST QUERY,P1,One canonical owner; merge close modifiers and spelling variants
/blogs,BLOG_HUB,corporate gifting guides,Resources and buying guides,11,dtf vs screen printing; screen printing vs digital printing; how to design a visiting card; best paper for business cards; how to choose corporate gifts; corporate gifting ideas for employees; types of packaging labels; custom sticker materials; uv printing vs sublimation; corporate gifting tax gst india; bulk printing minimum order quantity,MERGED INTO EXISTING CLUSTER: 11,/blogs,AVAILABLE,EXISTING PAGE - REVIEW AGAINST QUERY,P2,One canonical owner; merge close modifiers and spelling variants
/collection,CATEGORY,corporate gifts for clients,Client and executive gifts,53,employee gifts; client gifts; client onboarding swag kits; ceo gifts; employee gifts india; employee gifts near me; employee gifts online; employee gifts wholesale; employee gifts bulk order; employee gifts supplier; employee gifts manufacturer; employee gifts price,MERGED INTO EXISTING CLUSTER: 51; ASSIGNED TO EXISTING URL: 2,/collection,AVAILABLE,EXISTING PAGE - REVIEW AGAINST QUERY,P1,One canonical owner; merge close modifiers and spelling variants
/collection/keychains,SUBCATEGORY,custom promotional keychains,Promotional products,19,promotional keychain printing; custom keychains; promotional keychain printing india; promotional keychain printing near me; promotional keychain printing online; promotional keychain printing wholesale; promotional keychain printing bulk order; promotional keychain printing supplier; promotional keychain printing price; promotional keychain printing with logo; custom keychains india; custom keychains near me,MERGED INTO EXISTING CLUSTER: 19,/collection/keychains,AVAILABLE,EXISTING PAGE - REVIEW AGAINST QUERY,P0,One canonical owner; merge close modifiers and spelling variants
/collection/welcome-kits,SUBCATEGORY,employee welcome kits,Employee welcome kits,39,employee welcome kits; employee joining kits; employee onboarding kits; employee welcome kits india; employee welcome kits near me; employee welcome kits online; employee welcome kits wholesale; employee welcome kits bulk order; employee welcome kits supplier; employee welcome kits manufacturer; employee welcome kits price; employee welcome kits with logo,ASSIGNED TO EXISTING URL: 1; MERGED INTO EXISTING CLUSTER: 38,/collection/welcome-kits,AVAILABLE,EXISTING PAGE - REVIEW AGAINST QUERY,P1,One canonical owner; merge close modifiers and spelling variants
/contact,EXPANSION,packaging and labels,Packaging and labels,780,business card printing; visiting card printing; letterhead printing; envelope printing; rubber stamp printing; bill book printing; receipt book printing; notepad printing; certificate printing; business stationery printing; office stationery printing; bookmark printing,EXPANSION OPPORTUNITY: 780,NONE,NOT CURRENTLY VERIFIED,NOT READY - OFFERING VERIFICATION REQUIRED,P3,One canonical owner; merge close modifiers and spelling variants
/corporate-gifting,HUB,corporate gifts,International commercial research,60,corporate gifting usa; custom corporate gifts usa; custom packaging usa; business card printing usa; custom stickers usa; corporate gifting united states; custom corporate gifts united states; custom packaging united states; business card printing united states; custom stickers united states; corporate gifting uk; custom corporate gifts uk,DEFERRED - INTERNATIONAL VALIDATION: 60,NONE,SERVICE NOT VERIFIED,NOT READY - OFFERING VERIFICATION REQUIRED,P3,One canonical owner; merge close modifiers and spelling variants
/delhi/corporate-gifts,LOCATION,corporate gifts,Corporate gifting,22,corporate gifts in delhi; corporate gifting companies in delhi; business card printing in delhi; visiting card printing in delhi; brochure printing in delhi; sticker printing in delhi; packaging labels in delhi; custom packaging boxes in delhi; online printing services in delhi; banner printing in delhi; custom stickers in delhi; corporate gifts in new delhi,MERGED INTO EXISTING CLUSTER: 22,/delhi/corporate-gifts,AVAILABLE,EXISTING PAGE - REVIEW AGAINST QUERY,P1,One canonical owner; merge close modifiers and spelling variants
/diwali-special,SEASONAL,corporate Diwali gifts,Diwali and seasonal gifting,36,diwali gifts; diwali gift hampers; diwali gifts india; diwali gifts near me; diwali gifts online; diwali gifts wholesale; diwali gifts bulk order; diwali gifts supplier; diwali gifts manufacturer; diwali gifts price; diwali gifts with logo; diwali gift hampers india,MERGED INTO EXISTING CLUSTER: 36,/diwali-special,AVAILABLE,EXISTING PAGE - REVIEW AGAINST QUERY,P1,One canonical owner; merge close modifiers and spelling variants
/drink-ware/coffee-mug,SUBCATEGORY,custom corporate drinkware,Drinkware and branded bottles,62,mug printing; corporate mug printing; custom mug printing; photo mug printing; custom mugs; mug printing india; mug printing near me; mug printing online; mug printing wholesale; mug printing bulk order; mug printing supplier; mug printing price,MERGED INTO EXISTING CLUSTER: 62,/drink-ware/coffee-mug,AVAILABLE,EXISTING PAGE - REVIEW AGAINST QUERY,P0,One canonical owner; merge close modifiers and spelling variants
/drink-ware/sipper,SUBCATEGORY,custom branded bottles,Drinkware and branded bottles,46,sipper bottle printing; bottle label printing; custom bottles; sipper bottles; sipper bottle printing india; sipper bottle printing near me; sipper bottle printing online; sipper bottle printing wholesale; sipper bottle printing bulk order; sipper bottle printing supplier; sipper bottle printing price; sipper bottle printing with logo,MERGED INTO EXISTING CLUSTER: 46,/drink-ware/sipper,AVAILABLE,EXISTING PAGE - REVIEW AGAINST QUERY,P1,One canonical owner; merge close modifiers and spelling variants
/eco-products,CATEGORY,eco-friendly corporate gifts,Eco-friendly gifting,20,sustainable gifting; eco friendly office gifts; sustainable gifting india; sustainable gifting near me; sustainable gifting online; sustainable gifting wholesale; sustainable gifting bulk order; sustainable gifting supplier; sustainable gifting manufacturer; sustainable gifting price; sustainable gifting with logo; eco friendly office gifts india,MERGED INTO EXISTING CLUSTER: 20,/eco-products,PARTIALLY AVAILABLE,EXISTING PAGE - REVIEW AGAINST QUERY,P1,One canonical owner; merge close modifiers and spelling variants
/faridabad/corporate-gifts,LOCATION,corporate gifts,Corporate gifting,11,corporate gifts in faridabad; corporate gifting companies in faridabad; business card printing in faridabad; visiting card printing in faridabad; brochure printing in faridabad; sticker printing in faridabad; packaging labels in faridabad; custom packaging boxes in faridabad; online printing services in faridabad; banner printing in faridabad; custom stickers in faridabad,MERGED INTO EXISTING CLUSTER: 11,/faridabad/corporate-gifts,AVAILABLE,EXISTING PAGE - REVIEW AGAINST QUERY,P1,One canonical owner; merge close modifiers and spelling variants
/ghaziabad/corporate-gifts,LOCATION,corporate gifts,Corporate gifting,11,corporate gifts in ghaziabad; corporate gifting companies in ghaziabad; business card printing in ghaziabad; visiting card printing in ghaziabad; brochure printing in ghaziabad; sticker printing in ghaziabad; packaging labels in ghaziabad; custom packaging boxes in ghaziabad; online printing services in ghaziabad; banner printing in ghaziabad; custom stickers in ghaziabad,MERGED INTO EXISTING CLUSTER: 11,/ghaziabad/corporate-gifts,AVAILABLE,EXISTING PAGE - REVIEW AGAINST QUERY,P1,One canonical owner; merge close modifiers and spelling variants
/greater-noida/corporate-gifts,LOCATION,corporate gifts,Corporate gifting,11,corporate gifts in greater noida; corporate gifting companies in greater noida; business card printing in greater noida; visiting card printing in greater noida; brochure printing in greater noida; sticker printing in greater noida; packaging labels in greater noida; custom packaging boxes in greater noida; online printing services in greater noida; banner printing in greater noida; custom stickers in greater noida,MERGED INTO EXISTING CLUSTER: 11,/greater-noida/corporate-gifts,AVAILABLE,EXISTING PAGE - REVIEW AGAINST QUERY,P1,One canonical owner; merge close modifiers and spelling variants
/gurgaon/corporate-gifts,LOCATION,corporate gifts,Corporate gifting,22,corporate gifts in gurgaon; corporate gifting companies in gurgaon; business card printing in gurgaon; visiting card printing in gurgaon; brochure printing in gurgaon; sticker printing in gurgaon; packaging labels in gurgaon; custom packaging boxes in gurgaon; online printing services in gurgaon; banner printing in gurgaon; custom stickers in gurgaon; corporate gifts in gurugram,MERGED INTO EXISTING CLUSTER: 22,/gurgaon/corporate-gifts,AVAILABLE,EXISTING PAGE - REVIEW AGAINST QUERY,P1,One canonical owner; merge close modifiers and spelling variants
/industries,HUB,industry-specific corporate gifting,Industry-specific gifting,121,startup branding printing; cafe printing supplies; restaurant printing supplies; school printing supplies; college printing supplies; hotel printing supplies; beauty salon printing supplies; boutique branding; event branding printing; exhibition printing; ecommerce branding; corporate event merchandise,MERGED INTO EXISTING CLUSTER: 121,/industries,PARTIALLY AVAILABLE,EXISTING PAGE - REVIEW AGAINST QUERY,P1,One canonical owner; merge close modifiers and spelling variants
/locations,HOME,corporate gifts and branded merchandise,Corporate gifting,360,corporate gifts in mumbai; corporate gifting companies in mumbai; promotional products in mumbai; custom t shirts in mumbai; t shirt printing in mumbai; custom hoodies in mumbai; t shirt manufacturers in mumbai; custom mugs in mumbai; custom notebooks in mumbai; business card printing in mumbai; visiting card printing in mumbai; brochure printing in mumbai,DEFERRED - LOCATION VALIDATION: 360,NONE,AVAILABLE,RESEARCH ONLY - UNIQUE LOCAL VALUE REQUIRED,P3,One canonical owner; merge close modifiers and spelling variants
/noida/corporate-gifts,LOCATION,corporate gifts,Corporate gifting,11,corporate gifts in noida; corporate gifting companies in noida; business card printing in noida; visiting card printing in noida; brochure printing in noida; sticker printing in noida; packaging labels in noida; custom packaging boxes in noida; online printing services in noida; banner printing in noida; custom stickers in noida,MERGED INTO EXISTING CLUSTER: 11,/noida/corporate-gifts,AVAILABLE,EXISTING PAGE - REVIEW AGAINST QUERY,P1,One canonical owner; merge close modifiers and spelling variants
/office-and-writing/file-and-folder,SUBCATEGORY,custom office files and folders,Office stationery,9,presentation folder printing; presentation folder printing india; presentation folder printing near me; presentation folder printing online; presentation folder printing wholesale; presentation folder printing bulk order; presentation folder printing supplier; presentation folder printing price; presentation folder printing with logo,MERGED INTO EXISTING CLUSTER: 9,/office-and-writing/file-and-folder,AVAILABLE,EXISTING PAGE - REVIEW AGAINST QUERY,P1,One canonical owner; merge close modifiers and spelling variants
/office-and-writing/lanyard-and-id-card,SUBCATEGORY,custom lanyards and ID cards,Office stationery,18,id card printing; lanyard printing; id card printing india; id card printing near me; id card printing online; id card printing wholesale; id card printing bulk order; id card printing supplier; id card printing price; id card printing with logo; lanyard printing india; lanyard printing near me,MERGED INTO EXISTING CLUSTER: 18,/office-and-writing/lanyard-and-id-card,AVAILABLE,EXISTING PAGE - REVIEW AGAINST QUERY,P1,One canonical owner; merge close modifiers and spelling variants
/office-and-writing/notebooks-and-diary-sets,SUBCATEGORY,branded notebooks and diaries,"Notebooks, diaries, and pens",53,custom notebook printing; spiral notebook printing; diary printing; custom notebooks; custom notebook printing india; custom notebook printing near me; custom notebook printing online; custom notebook printing wholesale; custom notebook printing bulk order; custom notebook printing supplier; custom notebook printing price; custom notebook printing with logo,MERGED INTO EXISTING CLUSTER: 53,/office-and-writing/notebooks-and-diary-sets,AVAILABLE,EXISTING PAGE - REVIEW AGAINST QUERY,P1,One canonical owner; merge close modifiers and spelling variants
/office-and-writing/pen-and-writing-set,SUBCATEGORY,custom pens and writing sets,"Notebooks, diaries, and pens",36,card pendrive printing; pen printing; branded pens; card pendrive printing india; card pendrive printing near me; card pendrive printing online; card pendrive printing wholesale; card pendrive printing bulk order; card pendrive printing supplier; card pendrive printing price; card pendrive printing with logo; pen printing india,MERGED INTO EXISTING CLUSTER: 36,/office-and-writing/pen-and-writing-set,AVAILABLE,EXISTING PAGE - REVIEW AGAINST QUERY,P1,One canonical owner; merge close modifiers and spelling variants
/technology-accessories,CATEGORY,corporate technology gifts,Technology gifts,10,tech gifts; tech gifts india; tech gifts near me; tech gifts online; tech gifts wholesale; tech gifts bulk order; tech gifts supplier; tech gifts manufacturer; tech gifts price; tech gifts with logo,MERGED INTO EXISTING CLUSTER: 10,/technology-accessories,AVAILABLE,EXISTING PAGE - REVIEW AGAINST QUERY,P1,One canonical owner; merge close modifiers and spelling variants
/technology-accessories/computer-accessories,SUBCATEGORY,branded computer accessories,Technology gifts,9,mouse pad printing; mouse pad printing india; mouse pad printing near me; mouse pad printing online; mouse pad printing wholesale; mouse pad printing bulk order; mouse pad printing supplier; mouse pad printing price; mouse pad printing with logo,MERGED INTO EXISTING CLUSTER: 9,/technology-accessories/computer-accessories,AVAILABLE,EXISTING PAGE - REVIEW AGAINST QUERY,P1,One canonical owner; merge close modifiers and spelling variants
/trophy-and-momento,CATEGORY,custom trophies and mementos,Event and exhibition merchandise,10,awards and trophies; awards and trophies india; awards and trophies near me; awards and trophies online; awards and trophies wholesale; awards and trophies bulk order; awards and trophies supplier; awards and trophies manufacturer; awards and trophies price; awards and trophies with logo,MERGED INTO EXISTING CLUSTER: 10,/trophy-and-momento,AVAILABLE,EXISTING PAGE - REVIEW AGAINST QUERY,P1,One canonical owner; merge close modifiers and spelling variants
/use-cases,HUB,event merchandise,Event and exhibition merchandise,24,event gifts; event giveaways; event gifts india; event gifts near me; event gifts online; event gifts wholesale; event gifts bulk order; event gifts supplier; event gifts manufacturer; event gifts price; event gifts with logo; event giveaways india,MERGED INTO EXISTING CLUSTER: 24,/use-cases,PARTIALLY AVAILABLE,EXISTING PAGE - REVIEW AGAINST QUERY,P1,One canonical owner; merge close modifiers and spelling variants
