Topic Cluster,Gap Type,Keyword Count,Representative Keywords,Recommended URL or Hub,Product Availability,Evidence Required,Recommended Action,Priority
Bags and travel merchandise,DEFERRED - LOCATION VALIDATION,15,printed paper bags in mumbai; printed paper bags in pune; printed paper bags in bangalore; printed paper bags in bengaluru; printed paper bags in hyderabad; printed paper bags in chennai; printed paper bags in kolkata; printed paper bags in ahmedabad; printed paper bags in jaipur; printed paper bags in lucknow,/locations,AVAILABLE,Owner-confirmed offering/service area and useful distinct content; verified demand where available,Keep non-indexable research record; validate before creating or expanding a page,P3
Business printing,EXPANSION OPPORTUNITY,307,business card printing; visiting card printing; letterhead printing; envelope printing; rubber stamp printing; bill book printing; receipt book printing; notepad printing; certificate printing; business stationery printing,/contact,NOT CURRENTLY VERIFIED,Owner-confirmed offering/service area and useful distinct content; verified demand where available,Keep non-indexable research record; validate before creating or expanding a page,P3
Corporate gifting,DEFERRED - LOCATION VALIDATION,165,corporate gifts in mumbai; corporate gifting companies in mumbai; business card printing in mumbai; visiting card printing in mumbai; brochure printing in mumbai; sticker printing in mumbai; packaging labels in mumbai; custom packaging boxes in mumbai; online printing services in mumbai; banner printing in mumbai,/locations,AVAILABLE,Owner-confirmed offering/service area and useful distinct content; verified demand where available,Keep non-indexable research record; validate before creating or expanding a page,P3
Custom T-shirts,DEFERRED - INTERNATIONAL VALIDATION,24,custom t shirt printing usa; bulk t shirts usa; custom t shirt printing united states; bulk t shirts united states; custom t shirt printing uk; bulk t shirts uk; custom t shirt printing united kingdom; bulk t shirts united kingdom; custom t shirt printing canada; bulk t shirts canada,/apparel-and-accessories/round-neck-t-shirts,AVAILABLE,Owner-confirmed offering/service area and useful distinct content; verified demand where available,Keep non-indexable research record; validate before creating or expanding a page,P3
Custom T-shirts,DEFERRED - LOCATION VALIDATION,60,custom t shirts in mumbai; t shirt printing in mumbai; t shirt manufacturers in mumbai; bulk t shirt printing in mumbai; custom t shirts in pune; t shirt printing in pune; t shirt manufacturers in pune; bulk t shirt printing in pune; custom t shirts in bangalore; t shirt printing in bangalore,/locations,AVAILABLE,Owner-confirmed offering/service area and useful distinct content; verified demand where available,Keep non-indexable research record; validate before creating or expanding a page,P3
Custom hoodies and jackets,DEFERRED - LOCATION VALIDATION,15,custom hoodies in mumbai; custom hoodies in pune; custom hoodies in bangalore; custom hoodies in bengaluru; custom hoodies in hyderabad; custom hoodies in chennai; custom hoodies in kolkata; custom hoodies in ahmedabad; custom hoodies in jaipur; custom hoodies in lucknow,/locations,AVAILABLE,Owner-confirmed offering/service area and useful distinct content; verified demand where available,Keep non-indexable research record; validate before creating or expanding a page,P3
Diwali and seasonal gifting,DEFERRED - LOCATION VALIDATION,15,diwali corporate gifts in mumbai; diwali corporate gifts in pune; diwali corporate gifts in bangalore; diwali corporate gifts in bengaluru; diwali corporate gifts in hyderabad; diwali corporate gifts in chennai; diwali corporate gifts in kolkata; diwali corporate gifts in ahmedabad; diwali corporate gifts in jaipur; diwali corporate gifts in lucknow,/locations,AVAILABLE,Owner-confirmed offering/service area and useful distinct content; verified demand where available,Keep non-indexable research record; validate before creating or expanding a page,P3
Drinkware and branded bottles,DEFERRED - LOCATION VALIDATION,15,custom mugs in mumbai; custom mugs in pune; custom mugs in bangalore; custom mugs in bengaluru; custom mugs in hyderabad; custom mugs in chennai; custom mugs in kolkata; custom mugs in ahmedabad; custom mugs in jaipur; custom mugs in lucknow,/locations,AVAILABLE,Owner-confirmed offering/service area and useful distinct content; verified demand where available,Keep non-indexable research record; validate before creating or expanding a page,P3
Employee welcome kits,DEFERRED - LOCATION VALIDATION,15,employee welcome kits in mumbai; employee welcome kits in pune; employee welcome kits in bangalore; employee welcome kits in bengaluru; employee welcome kits in hyderabad; employee welcome kits in chennai; employee welcome kits in kolkata; employee welcome kits in ahmedabad; employee welcome kits in jaipur; employee welcome kits in lucknow,/locations,AVAILABLE,Owner-confirmed offering/service area and useful distinct content; verified demand where available,Keep non-indexable research record; validate before creating or expanding a page,P3
International commercial research,DEFERRED - INTERNATIONAL VALIDATION,60,corporate gifting usa; custom corporate gifts usa; custom packaging usa; business card printing usa; custom stickers usa; corporate gifting united states; custom corporate gifts united states; custom packaging united states; business card printing united states; custom stickers united states,/corporate-gifting,SERVICE NOT VERIFIED,Owner-confirmed offering/service area and useful distinct content; verified demand where available,Keep non-indexable research record; validate before creating or expanding a page,P3
"Notebooks, diaries, and pens",DEFERRED - LOCATION VALIDATION,15,custom notebooks in mumbai; custom notebooks in pune; custom notebooks in bangalore; custom notebooks in bengaluru; custom notebooks in hyderabad; custom notebooks in chennai; custom notebooks in kolkata; custom notebooks in ahmedabad; custom notebooks in jaipur; custom notebooks in lucknow,/locations,AVAILABLE,Owner-confirmed offering/service area and useful distinct content; verified demand where available,Keep non-indexable research record; validate before creating or expanding a page,P3
Packaging and labels,EXPANSION OPPORTUNITY,350,custom sticker printing; packaging label printing; product label printing; barcode label printing; qr code label printing; waterproof label printing; transparent label printing; kraft paper label printing; holographic sticker printing; gold foil sticker printing,/contact,NOT CURRENTLY VERIFIED,Owner-confirmed offering/service area and useful distinct content; verified demand where available,Keep non-indexable research record; validate before creating or expanding a page,P3
Polo shirts and uniforms,DEFERRED - LOCATION VALIDATION,15,corporate uniforms in mumbai; corporate uniforms in pune; corporate uniforms in bangalore; corporate uniforms in bengaluru; corporate uniforms in hyderabad; corporate uniforms in chennai; corporate uniforms in kolkata; corporate uniforms in ahmedabad; corporate uniforms in jaipur; corporate uniforms in lucknow,/locations,AVAILABLE,Owner-confirmed offering/service area and useful distinct content; verified demand where available,Keep non-indexable research record; validate before creating or expanding a page,P3
Printing and customization services,EXPANSION OPPORTUNITY,123,photo printing; photo frame printing; acrylic photo frames; canvas printing; photo book printing; photo album printing; fridge magnet printing; personalized photo gifts; photo plaque printing; custom coasters,/contact,NOT CURRENTLY VERIFIED,Owner-confirmed offering/service area and useful distinct content; verified demand where available,Keep non-indexable research record; validate before creating or expanding a page,P3
Promotional products,DEFERRED - INTERNATIONAL VALIDATION,24,promotional products usa; branded merchandise usa; promotional products united states; branded merchandise united states; promotional products uk; branded merchandise uk; promotional products united kingdom; branded merchandise united kingdom; promotional products canada; branded merchandise canada,/,AVAILABLE,Owner-confirmed offering/service area and useful distinct content; verified demand where available,Keep non-indexable research record; validate before creating or expanding a page,P3
Promotional products,DEFERRED - LOCATION VALIDATION,30,promotional products in mumbai; branded merchandise in mumbai; promotional products in pune; branded merchandise in pune; promotional products in bangalore; branded merchandise in bangalore; promotional products in bengaluru; branded merchandise in bengaluru; promotional products in hyderabad; branded merchandise in hyderabad,/locations,AVAILABLE,Owner-confirmed offering/service area and useful distinct content; verified demand where available,Keep non-indexable research record; validate before creating or expanding a page,P3
