Keyword,Cluster,Intent,Priority,Target URL,Current/New Page,Primary/Secondary,Location,Implementation Status,Notes
corporate gifts India,Corporate Gifting,Commercial investigation,HIGH,https://printkee.com/,Current,Primary,India,Implemented,"Homepage is the broad national-intent page; avoid creating a competing generic landing page"
corporate gifting company,Corporate Gifting,Commercial investigation,HIGH,https://printkee.com/,Current,Secondary,India,Implemented,"Support with verified company and process information"
customized corporate gifts,Corporate Gifting,Transactional,HIGH,https://printkee.com/collection,Current,Primary,India,Implemented,"Collection page should remain product-led"
custom corporate gifts,Corporate Gifting,Transactional,HIGH,https://printkee.com/collection,Current,Secondary,India,Implemented,"Use natural variants in copy"
bulk corporate gifts,Corporate Gifting,Transactional,HIGH,https://printkee.com/collection,Current,Secondary,India,Implemented,"Do not state MOQ without approved data"
corporate gifts for employees,Corporate Gifting,Commercial investigation,HIGH,https://printkee.com/collection/welcome-kits,Current,Secondary,India,Implemented,"Welcome kits are the strongest current employee-gifting destination"
corporate gifts for clients,Corporate Gifting,Commercial investigation,MEDIUM,https://printkee.com/collection,Current,Secondary,India,Implemented,"Create a separate page only if a distinct approved assortment exists"
corporate gifts Delhi,Location,Local commercial,HIGH,https://printkee.com/delhi/corporate-gifts,Current,Primary,Delhi,Implemented,"Keep local copy factual and differentiated"
corporate gifts Delhi NCR,Location,Local commercial,HIGH,https://printkee.com/locations,Current,Primary,Delhi NCR,Implemented,"Location hub supports the regional cluster"
corporate gifts Noida,Location,Local commercial,MEDIUM,https://printkee.com/noida/corporate-gifts,Current,Primary,Noida,Implemented,"No invented office address"
corporate gifts Gurgaon,Location,Local commercial,MEDIUM,https://printkee.com/gurgaon/corporate-gifts,Current,Primary,Gurgaon,Implemented,"Gurugram variant permanently redirects here"
corporate gifts Ghaziabad,Location,Local commercial,MEDIUM,https://printkee.com/ghaziabad/corporate-gifts,Current,Primary,Ghaziabad,Implemented,"Review for unique local usefulness annually"
corporate gifts Faridabad,Location,Local commercial,MEDIUM,https://printkee.com/faridabad/corporate-gifts,Current,Primary,Faridabad,Implemented,"Review for unique local usefulness annually"
promotional products India,Promotional Products,Commercial investigation,HIGH,https://printkee.com/,Current,Secondary,India,Implemented,"Homepage owns broad promotional-product relevance"
promotional merchandise India,Promotional Products,Commercial investigation,HIGH,https://printkee.com/,Current,Secondary,India,Implemented,"Avoid a duplicate generic promotional landing page"
branded merchandise,Promotional Products,Commercial investigation,HIGH,https://printkee.com/,Current,Secondary,India,Implemented,"Strengthen with verified process and examples"
bulk promotional merchandise,Promotional Products,Transactional,MEDIUM,https://printkee.com/,Current,Secondary,India,Implemented,"Use category routes for product-specific searches"
employee welcome kits,Employee Kits,Commercial investigation,HIGH,https://printkee.com/collection/welcome-kits,Current,Primary,India,Implemented,"Primary onboarding-kit URL"
employee onboarding kits,Employee Kits,Commercial investigation,HIGH,https://printkee.com/collection/welcome-kits,Current,Secondary,India,Implemented,"Do not create another landing page"
employee joining kit,Employee Kits,Transactional,HIGH,https://printkee.com/collection/welcome-kits,Current,Secondary,India,Implemented,"Validate visible MOQ pricing and lead-time claims"
new employee welcome kit,Employee Kits,Commercial investigation,MEDIUM,https://printkee.com/collection/welcome-kits,Current,Secondary,India,Implemented,"Support with approved kit contents and process"
custom polo t shirts,Apparel,Transactional,HIGH,https://printkee.com/apparel-and-accessories/polo-t-shirts,Current,Primary,India,Implemented,"Title currently emphasizes Delhi manufacturing intent"
bulk t shirt printing,Apparel,Transactional,HIGH,https://printkee.com/apparel-and-accessories/polo-t-shirts,Current,Secondary,India,Implemented,"Avoid unsupported turnaround and price claims"
custom round neck t shirts,Apparel,Transactional,MEDIUM,https://printkee.com/apparel-and-accessories/round-neck-t-shirts,Current,Primary,India,Implemented,"Distinct from polo-shirt intent"
custom hoodies,Apparel,Transactional,MEDIUM,https://printkee.com/apparel-and-accessories/winter-wear,Current,Secondary,India,Implemented,"No separate page until product range justifies it"
corporate jackets,Apparel,Transactional,MEDIUM,https://printkee.com/apparel-and-accessories/winter-wear,Current,Secondary,India,Implemented,"Use product-specific approved material details"
custom pens,Office and Writing,Transactional,HIGH,https://printkee.com/office-and-writing/pen-and-writing-set,Current,Primary,India,Implemented,"Strong commercial subcategory"
custom notebooks with logo,Office and Writing,Transactional,HIGH,https://printkee.com/office-and-writing/notebooks-and-diary-sets,Current,Primary,India,Implemented,"Preserve notebook/diary intent on one page"
corporate diaries,Office and Writing,Commercial investigation,MEDIUM,https://printkee.com/office-and-writing/notebooks-and-diary-sets,Current,Secondary,India,Implemented,"Add only verified format/material details"
branded stationery,Office and Writing,Commercial investigation,MEDIUM,https://printkee.com/office-and-writing,Current,Secondary,India,Implemented,"Category hub owns the broad term"
custom backpacks with logo,Bags,Transactional,HIGH,https://printkee.com/bags-and-travel/backpacks,Current,Primary,India,Implemented,"Use approved material and capacity data"
custom tote bags,Bags,Transactional,MEDIUM,https://printkee.com/bags-and-travel/tote-bags,Current,Primary,India,Implemented,"Eco claims need material evidence"
custom water bottles,Drinkware,Transactional,HIGH,https://printkee.com/drink-ware/sipper,Current,Primary,India,Implemented,"Sipper naming may under-match bottle terminology; assess in GSC"
custom mugs with logo,Drinkware,Transactional,MEDIUM,https://printkee.com/drink-ware/coffee-mug,Current,Primary,India,Implemented,"Keep coffee and ceramic routes differentiated"
corporate tech gifts,Technology,Commercial investigation,HIGH,https://printkee.com/technology-accessories,Current,Primary,India,Implemented,"Category hub covers the cluster"
custom power banks,Technology,Transactional,HIGH,https://printkee.com/technology-accessories/power-banks,Current,Primary,India,Implemented,"Add capacity and compatibility only from approved product data"
wireless chargers with logo,Technology,Transactional,MEDIUM,https://printkee.com/technology-accessories/wireless-charging,Current,Primary,India,Implemented,"Avoid generic compatibility claims"
eco friendly corporate gifts,Eco-Friendly Gifts,Commercial investigation,HIGH,https://printkee.com/eco-products,Current,Primary,India,Implemented,"Substantiate material and sustainability claims"
Diwali corporate gifts,Seasonal Gifting,Commercial investigation,HIGH,https://printkee.com/diwali-special,Current,Primary,India,Implemented,"Keep one evergreen campaign URL and refresh annually"
employee Diwali gifts,Seasonal Gifting,Commercial investigation,MEDIUM,https://printkee.com/diwali-special,Current,Secondary,India,Implemented,"Guide pages support informational intent"
corporate gifting guide,Content Support,Informational,MEDIUM,Not assigned,New,Primary,India,Planned,"Create only after Search Console validates demand and approved process facts are available"
employee onboarding kit guide,Content Support,Informational,MEDIUM,Not assigned,New,Primary,India,Planned,"Link to the welcome-kits commercial page; do not duplicate its sales intent"
printing vs embroidery,Content Support,Informational,MEDIUM,Not assigned,New,Primary,India,Planned,"Useful apparel-support topic if production team approves technical details"
