Primary Keyword,Secondary Keywords,Intent,Page Type,URL,Category,Location,Buyer Type,Industry,Index Status,Priority,Notes
"corporate gifts India","corporate gifting; promotional merchandise","Commercial investigation","HOME","/","","India","","","INDEXABLE","HIGH","Existing homepage owns broad national intent"
"custom corporate gifts","customized corporate gifts; bulk corporate gifts","Transactional","CORE_CATEGORY","/collection","collection","India","","","INDEXABLE","HIGH","Existing product-led collection"
"employee welcome kits","joining kits; onboarding kits","Commercial investigation","CORE_CATEGORY","/collection/welcome-kits","welcome-kits","India","employees","","INDEXABLE","HIGH","Existing authority; avoid duplicate page"
"corporate gifts Delhi","custom corporate gifts Delhi","Local commercial","LOCATION","/delhi/corporate-gifts","","Delhi","","","INDEXABLE","HIGH","Existing verified city route"
"corporate gifts Noida","custom corporate gifts Noida","Local commercial","LOCATION","/noida/corporate-gifts","","Noida","","","INDEXABLE","HIGH","Existing verified city route"
"corporate gifts Gurgaon","custom corporate gifts Gurgaon; corporate gifts Gurugram","Local commercial","LOCATION","/gurgaon/corporate-gifts","","Gurgaon","","","INDEXABLE","HIGH","Existing route; Gurugram redirects here"
"corporate gifts Mumbai","corporate gifting Mumbai","Local commercial","CATEGORY_LOCATION","/corporate-gifts/mumbai","corporate-gifts","Mumbai","","","QUALITY_REVIEW","MEDIUM","Do not publish until unique location data/product fit are approved"
"employee gifts Delhi","employee appreciation gifts Delhi","Commercial investigation","CATEGORY_LOCATION","/employee-gifts/delhi","employee-gifts","Delhi","employees","","QUALITY_REVIEW","MEDIUM","Candidate only"
"welcome kits Noida","employee onboarding kits Noida","Commercial investigation","CATEGORY_LOCATION","/welcome-kits/noida","welcome-kits","Noida","employees","","QUALITY_REVIEW","MEDIUM","Candidate only"
"custom hoodies for coaching institutes","coaching institute hoodies; printed coaching hoodies","Transactional","CATEGORY_BUYER","/custom-hoodies/coaching-institutes","custom-hoodies","","coaching institutes","education","QUALITY_REVIEW","MEDIUM","Requires relevant products and approved content"
"custom hoodies for coaching institutes Delhi","printed coaching hoodies Delhi","Local commercial","CATEGORY_BUYER_LOCATION","/custom-hoodies/coaching-institutes/delhi","custom-hoodies","Delhi","coaching institutes","education","QUALITY_REVIEW","LOW","Candidate only; strict similarity review required"
"corporate Diwali gifts Delhi","Diwali gifts for employees Delhi","Seasonal commercial","CATEGORY_LOCATION","/corporate-diwali-gifts/delhi","diwali-special","Delhi","employees","","QUALITY_REVIEW","MEDIUM","Seasonal content must be current and verified"
