Location,Canonical URL,Index Status,Notes
"Delhi","/delhi/corporate-gifts","INDEXABLE","Existing city page"
"Noida","/noida/corporate-gifts","INDEXABLE","Existing city page"
"Greater Noida","/greater-noida/corporate-gifts","INDEXABLE","Existing city page"
"Gurgaon","/gurgaon/corporate-gifts","INDEXABLE","Existing city page"
"Faridabad","/faridabad/corporate-gifts","INDEXABLE","Existing city page"
"Ghaziabad","/ghaziabad/corporate-gifts","INDEXABLE","Existing city page"
"Mumbai","","QUALITY_REVIEW","Requires verified location-specific content and product fit before publication"
"Pune","","QUALITY_REVIEW","Requires verified location-specific content and product fit before publication"
"Bangalore","","QUALITY_REVIEW","Requires verified location-specific content and product fit before publication"
"Hyderabad","","QUALITY_REVIEW","Requires verified location-specific content and product fit before publication"
"Chennai","","QUALITY_REVIEW","Requires verified location-specific content and product fit before publication"
"Kolkata","","QUALITY_REVIEW","Requires verified location-specific content and product fit before publication"
"Ahmedabad","","QUALITY_REVIEW","Requires verified location-specific content and product fit before publication"
"Lucknow","","QUALITY_REVIEW","Requires verified location-specific content and product fit before publication"
