Sheet Header,Mapped App Path,Product Count,Product Names (| separated)
POLO T-SHIRT,/apparel-and-accessories/polo-t-shirts,14,Personalized Polo T-Shirts | Branding T-Shirt | Customized T-Shirt | promotional Collar T-Shirt | Custom T-Shirt | Custom Polo T-Shirt | Event T-Shirt | Custom T-Shirt in Delhi | Corporate Polo T-Shirt | T-shirt Printing | Custom T-Shirt Printing | Personalized T-Shirt | Promotional cotton T-Shirt | promotional sports T-Shirts
Round Neck T-Shirts,/apparel-and-accessories/round-neck-t-shirts,14,Round Neck T-Shirts | Round Neck Cotton T-Shirt | Round Neck Dry Fit T-Shirt | Promotional Round Neck T-Shirts | Customized Round Neck T-Shirt | Cotton Round Neck T-Shirt | Printed Round Neck T-Shirt | Corporate Round Neck T-Shirt | Dryfit Round Neck T-Shirts | Logo Round Neck T-Shirts | Custom Round T-Shirt Printing | Personalized Round Neck T-Shirts | men's Round Neck T-Shirt | Crew Neck T-Shirt
Caps,/apparel-and-accessories/caps,14,Custom Cotton Cap | Custom Sports Cap | Embroidered Caps | Printing Caps | Custom cap | Cotton Cap | Caps Printing | Customised Cap | Personalised Cap | Customizable cap | Promotional Plain Caps | Branding cap | Logo Printed cap | Cotton Cap Printing
Corporate Shirts,/apparel-and-accessories/corporate-shirts,14,Personalized Shirts | Branding Shirt | Customized Shirts | promotional Shirts | Custom Shirt | Formal Shirt | Event Shirts | Custom Dress Shirts | Corporate Shirts | Printing Shirt | Custom Shirt Printing | Embroidered Dress Shirts | Promotional Cotton Shirts | Logo printed Shirt
Ties,/apparel-and-accessories/ties,14,Cotton Ties Printing | Custom Cotton Ties | Custom Ties | Formal Ties | Printing Ties | Embroidered Ties | Cotton Ties | Embroidered Ties | Customized Tie | Personalised Ties | Customizable Ties | Promotional Plain Ties | Branding Ties | Logo Printed Ties
Aprons,/apparel-and-accessories/aprons,14,Personalized Aron | Branding Apron | Customized Apron | promotional Apron | Custom Apron | Cotton Apron Printing | Custom Cotton Apron | Custom Apron in Delhi | Chef Apron | Printing Apron | Custom Apron Printing | Custom Logo Apron | Promotional Cotton Apron | Logo Printed Apron
Winter Wear,/apparel-and-accessories/winter-wear,14,Customized Jackets | Branding Winter Wear | Customized Winter Wear | Personalized Jacket | Custom Winter Wear | Custom Hoodies | Custom Jackets | Personalised Hoodies | Customised Hoodies | Custom Zipper Jackets | Custom Winter Wear Printing | Personalized Dry Jacket | High Neck Jacket | Promotional Sports Winter Wear
Backpacks,/bags-and-travel/backpacks,12,Branding Laptop Backpack | Customized Laptop Backpack | Laptop Bag Printing | Personalized Laptop Backpack | Custom Laptop Backpack | Promotional Laptop Backpack | Custom Logo Laptop Backpack | Custom Backpack | Custom Logo Backpack | Printing Backpack | Promotional Corporate Bags | Logo Printed Backpack
Foldable Bags,/bags-and-travel/foldable-bags,12,Branding Foldable Bag | Customized Foldable Bag | Foldable Bag Printing | Personalized Foldable Bag | Custom Foldable Bag | Promotional Foldable Bag | Custom Logo Foldable Bag | Custom Printing Foldable Bag | Printing Logo Foldable Bag | Printing Foldable Bag | Promotional Corporate Foldable Bag | Logo printed Foldable Bag
Duffle Bags,/bags-and-travel/duffle-bags,12,Branding Duffle Bag | Customized Duffle Bag | Duffle Bag Printing | Personalized Duffle Bag | Custom Printing Duffle Bag | Promotional Duffle Bag | Custom Logo Duffle Bag | Custom Duffle Bag | Custom Logo Duffle Bag | Printing Duffle Bag | Promotional Corporate Duffle Bag | Logo printed Duffle Bag
Tote Bags,/bags-and-travel/tote-bags,12,Branding Tote Bag | Customized Tote Bag | Tote Bag Printing | Personalized Tote Bag | Custom Printing Tote Bag | Promotional Tote Bag | Logo printed Tote Bag | Custom Tote Bag | Custom Logo Tote Bag | Printing Tote Bag | Promotional Tote Bag | Logo printed Tote Bag
Sipper,/drink-ware/sipper,8,Branding Sipper | Customized Sipper | Custom Sipper | Personalized Sipper | Custom Printing Sipper | Promotional Sipper | Logo printed Sipper | Custom Logo Sipper
Bamboo Bottle,/drink-ware/bamboo-bottle,8,Branding Bamboo Bottle | Customized Bamboo Bottle | Custom Bamboo Bottle | Personalized Bamboo Bottle | Custom Printing Bamboo Bottle | Promotional Bamboo Bottle | Logo printed Bamboo Bottle | Custom Logo Bamboo Bottle
Coffee Mug,/drink-ware/coffee-mug,8,Branding Coffee Mug | Customized Coffee Mug | Custom Coffee Mug | Personalized Coffee Mug | Custom Printing Coffee Mug | Promotional Coffee Mug | Logo printed Coffee Mug | Custom Logo Coffee Mug
Welcome Kits,/collection/welcome-kits,8,New Joining Welcome Kits | Employee Welcome Kits | Custom Welcome Kits | Personalized Welcome Kits | Custom Printing Welcome Kits | Promotional Welcome Kits | Logo printed Welcome Kits | Custom Logo Welcome Kits
Keychains,/collection/keychains,8,Branding Keychains | Customized Keychains | Custom Keychains | Personalized Keychains | Custom Printing Keychains | Promotional Keychains | Logo printed Keychains | Custom Logo Keychains
File and Folder,/office-and-writing/file-and-folder,8,Printing File and Folder | Customized File Folders | Custom File and Folder | Custom Printed File and Folder | Personalized Office Folder and Folder | Branding File and Folder | Logo printed File and Folder | Custom Logo File and Folder
Notebook & Diary Sets,/office-and-writing/notebooks-and-diary-sets,8,Printing Notebook | Customized Notebooks | Custom Notebook | Custom printed Notebook | Personalized Notebook | Branding Notebooks | Logo printed Notebooks | Custom Logo Notebooks
Pen & Writing Set,/office-and-writing/pen-and-writing-set,8,Printing Pen | Customized Pen | Custom Pen | Custom printed Pen | Personalized Pen | Branding Pen | Logo printed Pen | Custom Logo Pen
Lanyard & ID Card,/office-and-writing/lanyard-and-id-card,8,Printing Lanyard & id card | Customized Lanyard & id card | Custom Lanyard & id card | Custom printed Lanyard & id card | Personalized Lanyard & id card | Branding Lanyard & id card | Logo printed Lanyard & id card | Custom Logo Lanyard & id card
Wireless Charging,/technology-accessories/wireless-charging,8,Printing Wireless Charging | Customized Wireless Charging | Custom Wireless Charging | Custom printed Wireless Charging | Personalized Wireless Charging | Branding Wireless Charging | Logo printed Wireless Charging | Custom Logo Wireless Charging
Computer Accessories,/technology-accessories/computer-accessories,8,Printing Computer Accessories | Customized Computer Accessories | Custom Computer Accessories | Custom printed Computer Accessories | Personalized Computer Accessories | Branding Computer Accessories | Logo printed Computer Accessories | Custom Logo Computer Accessories
Power Banks,/technology-accessories/power-banks,8,Printing Power Bank | Promotional Power Bank | Custom Power Bank | Custom printed Power Bank | Personalized Power Bank | Branding Power Bank | Customised Power Bank | Logo printed Power Bank
Desktop & Mousepad,/technology-accessories/desktop-and-mousepad,10,Printing Mouse pad | Promotional Mouse pad | Custom Mouse pad | Custom printed Mouse pad | Personalized Mouse pad | Branding Mouse pad | Customised Mouse pad | Custom Logo Mouse pad | Logo printed Mouse pad | Mouse pad Printing
keyboard,** NO MATCH (new?) **,10,Printing Keyboard | Promotional Keyboard | Custom Keyboard | Custom printed Keyboard | Personalized Keyboard | Branding Keyboard | Customised Keyboard | Custom Logo Keyboard | Logo printed Keyboard | Keyboard Printing
Mouse,** NO MATCH (new?) **,10,Branding Mouse | Customized Mouse | Custom Mouse | Personalized Mouse | Custom Printing Mouse | Promotional Mouse | Logo printed Mouse | Custom Logo Mouse | Printing Mouse | Mouse Printing
Wall clock,** NO MATCH (maybe /collection/promotional-clocks?) **,10,Branding Wall Clock | Customized Wall Clock | Custom Wall Clock | Personalized Wall Clock | Custom Printing Wall Clock | Promotional Wall Clock | Logo printed Wall Clock | Custom Logo Wall Clock | Printing Wall Clock | Wall Clock Printing
Ceramic Mug,/drink-ware/ceramic-mug,10,Branding Ceramic Mug | Customized Ceramic Mug | Custom Ceramic Mug | Personalized Ceramic Mug | Custom Printing Ceramic Mug | Promotional Ceramic Mug | Logo printed Ceramic Mug | Custom Logo Ceramic Mug | Promotional Ceramic Mug | Printing Ceramic Mug
Cork Sheet,/eco-products/cork-sheet,10,Branding Cork Sheet Board | Customized Natural Cork Sheet | Custom Eco Cork Board | Personalized Cork Notice Board | Custom Printing Pin Cork Sheet | Promotional Cork Display Board | Premium Cork Sheet | Logo printed Cork Board | Custom Logo Cork Pin Board | Promotional Office Cork Sheet
Cork Corporate Gifting Combo,/eco-products/cork-corporate-gifting-combo,10,Branding Cork Gift Set | Customized Eco Cork Combo | Custom Cork Gifting Box | Personalized Premium Cork Kit | Custom Printing Cork Gift Combo | Promotional Eco Gift Set | Logo printed Cork Office Kit | Custom Logo Sustainable Cork Set | Promotional Cork Hamper Box | Printing Premium Cork Kit
Cork Coaster,/eco-products/cork-coaster,10,Cork Drink Coaster | Eco Cork Coaster | Coffee Cork Coaster | Printed Cork Coaster | Custom Cork Coaster | Personalized Cork Coaster | Branded Cork Coaster | Wooden Cork Coaster | Cork Table Coaster | Logo printed Cork Coaster
Cork Plant Decorate,/eco-products/cork-plant-decorate,10,Cork Plant Holder | Cork Plant Decor | Cork Planter Pot | Cork Succulent Pot | Cork Flower Pot | Cork Desk Planter | Eco Cork Planter | Mini Cork Planter | Cork Plant Pot | Decorative Cork Planter
Cork Serving Decorate,/eco-products/cork-serving-decorate,10,Branding Cork Serving Tray | Custom Cork Serving Board | Cork Serving Platter | Cork Snack Tray | Cork Table Decor | Decorative Cork Tray | Cork Tea Tray | Cork Food Tray | Eco Cork Tray | Cork Serving Plate
Cork Horeca Range,/eco-products/cork-horeca-range,11,Cork Restaurant Decor | Cork Cafe Accessories | Cork Hospitality Products | Cork Table Accessories | Cork Serving Collection | Eco Horeca Products | Cork Hospitality Decor | Cork Bar Accessories | Premium Cork Collection | Cork Hotel Collection | Eco Horeca Products
Cork Premium Lighting,/eco-products/cork-premium-lighting,11,Cork Table Lamp | Cork Pendant Light | Cork Ceiling Light | Cork Decorative Lamp | Cork Lighting Decor | Premium Cork Lamp | Cork Hanging Light | Cork Night Lamp | Modern Cork Lighting | Designer Cork Lamp | Cork LED Lamp
Cork Laptop Bag and Wallet,/eco-products/cork-laptop-bag-and-wallet,11,Cork Laptop Bag | Custom Cork Office Bag | Cork Messenger Bag | Cork Laptop Sleeve | Cork Travel Bag | Cork Leather Wallet | Cork Card Holder | Cork Money Wallet | Cork Laptop Sleeve | Eco Cork Wallet | Cork Business Bag
Cork Premium Gift Boxes,/eco-products/cork-premium-gift-boxes,11,Cork Gift Box | Premium Cork Box | Cork Packaging Box | Cork Hamper Box | Custom Cork Box | Cork Gift Packaging | Cork Keepsake Box | Luxury Cork Box | Cork Corporate Box | Cork Present Box | Cork Storage Box
Cork Desk Top Accessories,/eco-products/cork-desk-top-accessories,11,Cork Pen Stand | Cork Office Organizer | Cork Table Organizer | Cork Desk Holder | Cork Office Decor | Cork Stationery Holder | Cork Desktop Organizer | Cork Desk Stand | Eco Desk Organizer | Cork Workspace Decor | Cork Office Accessories
Cork Laptop Bag and Wallet (DUPLICATE HEADER),/eco-products/cork-laptop-bag-and-wallet,11,Cork Laptop Bag | Cork Office Bag | Cork Messenger Bag | Cork Laptop Sleeve | Cork Business Bag | Cork Travel Bag | Cork Executive Bag | Cork Leather Wallet | Cork Card Wallet | Cork Money Wallet | Eco Cork Wallet
Cork Yoga Accessories,/eco-products/cork-yoga-accessories,10,Cork Yoga Mat | Cork Yoga Block | Cork Yoga Roller | Cork Fitness Mat | Cork Exercise Block | Cork Meditation Mat | Cork Yoga Wheel | Cork Pilates Mat | Eco Yoga Mat | Natural Cork Mat
