Type,Category Name,Subcategory Name,Meta Title,Meta Description,
Category,Apparel and Accessories,,Custom Apparel & Accessories for Corporate Branding,"Discover premium custom apparel and accessories for branding, promotions and corporate gifting across India.",
Subcategory,Apparel and Accessories,Promotional T-Shirt Manufacturers in Delhi,Custom Polo T-Shirts for Corporate Branding & Promotions,"custom polo t-shirts with logo printing for corporate uniforms, events, promotions and gifting. Bulk order support, quality fabric and fast delivery across India.",
Subcategory,Apparel and Accessories,Promotional Round Neck T-Shirts ,Custom Round Neck T-Shirts for Corporate Branding & Events,"Premium round neck t-shirts with custom logo printing for corporate branding, events and staff uniforms. Best bulk prices, top quality and fast India-wide delivery.",
Subcategory,Apparel and Accessories,Custom Cap Manufacturer in Delhi NCR,Custom Caps for Brand Promotion, Events & Corporate Use,"Premium custom caps with logo embroidery and printing for events, marketing, corporate gifting and outdoor branding. Fast delivery and affordable bulk order pricing."
Subcategory,Apparel and Accessories,Promotional Hat in Delhi,Promotional Hats with Custom Logo for Events & Branding,"Premium promotional hats with custom logo printing for corporate branding, outdoor events and marketing campaigns. Bulk order support with fast delivery across India.",
Subcategory,Apparel and Accessories,Customized Formal Shirt in Delhi,Corporate Shirts with Custom Logo for Office Uniforms,"Premium corporate shirts for office uniforms with custom logo printing and embroidery. Ideal for branding and promotions, with bulk order support and fast delivery",
Subcategory,Apparel and Accessories,Promotional Tie in Delhi,Custom Corporate Ties for Office Uniforms & Brand Identity,"Premium corporate ties with custom branding for office uniforms, events and corporate gifting. Bulk order support with reliable delivery across India for all branding needs.",
Subcategory,Apparel and Accessories,Promotional Apron in Delhi,Custom Printed Aprons for Events, Kitchens & Branding,"Premium round neck t-shirts with custom logo printing for corporate branding, events and staff uniforms. Best bulk prices, reliable quality and hassle-free pan India supply."
Subcategory,Apparel and Accessories,Promotional Winter Wear in Delhi,Branded Winter Wear for Employees & Promotional Gifting,"Premium winter wear with custom logo printing for employees, gifting and outdoor events. Soft fabric, bulk order support and fast delivery across India.",
Category,Office and Writing,,Office & Writing Essentials for Corporate Branding,"Explore custom office and writing essentials including pens, files, notebooks and ID accessories for corporate branding and gifting.",
Subcategory,Office and Writing,Custom Files & Folder for Office,Custom Files & Folders for Office Branding and Gifting,"Branded office files and folders for employee kits and promotional gifting. High-quality material, custom printing and bulk supply for corporates across India.",
Subcategory,Office and Writing,Custom Pen & Writing Set in Delhi NCR,Customized Pen & Writing Sets for Corporate Gifts,"Elegant writing sets for premium corporate gifting, events, and branding. Custom logo printing, bulk pricing, and fast delivery across India.",
Subcategory,Office and Writing,Custom Lanyard & ID Card in Delhi NCR,Custom Printed Lanyards & ID Cards for Offices & Events,"High-quality lanyards and ID cards for offices, events and branding. Logo printing available with bulk orders and fast delivery across India.",
Subcategory,Office and Writing,Customized Notebooks & Diaries in Delhi ,Custom Notebooks & Diary Sets for Corporate Gifting,"Premium notebooks and diaries with logo printing for office, clients and events. Perfect for corporate gifting with bulk order support and fast delivery across India.",
Category,Collection,,Exclusive Corporate Gift Collections,"Explore exclusive corporate gift collections curated for onboarding, events and promotional gifting with customization options.",
Subcategory,Collection,Customized Welcome Kit in Delhi,Custom Welcome Kits for Corporate Onboarding & Events,"Personalized welcome kits with branded products for new employees, events and promotional gifting. Bulk pricing and India-wide fast delivery available.",
Subcategory,Collection,Promotional Clock in Delhi,Custom Logo Promotional Clocks for Office & Brand Gifting,"Elegant promotional clocks with custom logo printing for offices, events, and brand gifting. Bulk orders and fast delivery across India.",
Subcategory,Collection,Custom Keychain in Delhi,Custom Keychains for Corporate Branding & Promotional Gifts,"Branded keychains for events, advertising and gifting. Durable quality, multiple designs and logo customization available. Bulk order pricing and fast India-wide delivery for corporates.",
Category,Bags and Travel,,Custom Bags & Travel Accessories for Corporate Branding,"Explore custom backpacks, tote bags, duffle bags and travel accessories for corporate gifting, promotions and branding.",
Subcategory,Bags and Travel,Backpacks Manufacturers in Delhi NCR,Custom Backpacks for Corporate Gifting, Travel & Promotions,"Durable custom backpacks for employees, events and corporate gifting. Premium printing, bulk order support and fast delivery across India to boost brand visibility."
Subcategory,Bags and Travel,Foldable Bag Manufacturers in Delhi,Branded Foldable Bags for Corporate Gifting & Promotions,"Easy-to-carry foldable bags with custom logo printing for events, giveaways and eco-friendly branding. Best quality for bulk orders with fast delivery across India.",
Subcategory,Bags and Travel, Custom Duffle Bag Manufacturers in Delhi ,Custom Duffle Bags for Corporate Travel & Brand Promotions,"Premium duffle bags with custom branding for corporate teams, travel gifting and event promotions. Bulk order pricing with reliable delivery all over India.",
Subcategory,Bags and Travel,Tote Bags Manufacturers in Delhi,Custom Logo Tote Bags for Branding & Eco-Friendly Gifting,"tote bags with custom logo printing for events, trade shows and corporate gifting. Eco-friendly materials, bulk order pricing and fast delivery across India.",
Category,Technology Accessories,,Custom Technology Accessories for Corporate Gifting & Branding,"Discover custom technology accessories including power banks, wireless chargers and computer accessories for corporate gifting.",
Subcategory,Technology Accessories,Custom Wireless Charger ,Wireless Charging Accessories with Custom Branding,"Modern wireless chargers for promotional gifting and office accessories. Custom branding, premium build quality and bulk delivery options across India.",
Subcategory,Technology Accessories,Custom Computer Accessories in Delhi NCR,Custom Computer Accessories for Office Branding,"Custom computer accessories for corporate gifting and office branding. Bulk orders, logo printing and fast delivery across India for employee welcome kits.",
Subcategory,Technology Accessories,Custom Power Bank in Delhi NCR,Branded Power Banks for Corporate & Promotional Gifts,"Premium power banks with custom logo printing. Perfect for corporate gifting, events and branding. Bulk pricing and fast nationwide delivery.",
Subcategory,Technology Accessories,Custom Desktop & Mousepad ,Custom Mousepads & Desktop Accessories for Branding,High-quality mousepads and desktop accessories for promotional gifting and office branding. Custom printing with bulk order support and fast India delivery.,
Category,Eco Products,,Eco-Friendly Products for Sustainable Corporate Gifting,"Explore eco-friendly cork products, desk accessories, lighting, yoga items and sustainable gifting solutions with custom branding.",
Subcategory,Eco Products,Custom Cork Sheet ,Cork Sheets for Eco-Friendly Corporate Branding Solutions,"Premium cork sheets for sustainable innovation, office décor & product designing. Eco-friendly material available with competitive bulk pricing and fast delivery across India.",
Subcategory,Eco Products,Custom Cork Corporate Gifting Combos ,Cork Corporate Gift Combos for Sustainable Brand Promotion,"Eco-friendly cork gifting combos with custom branding, ideal for corporate events and employee welcome kits. Bulk order pricing with fast delivery",
Subcategory,Eco Products,Promotional Cork Coaster in Delhi NCR,Custom Cork Coasters for Branding & Promotional Gifting,"Stylish cork coasters with custom logo printing for offices, cafés & events. Eco-friendly promotional product with reliable bulk supply and timely delivery.",
Subcategory,Eco Products,Custom Cork Plant Decorate in Delhi NCR,Cork Plant Decor Items with Custom Branding for Offices,"Eco-friendly cork plant décor for office spaces, events and gifting. Unique design with custom branding and premium quality available for reliable bulk delivery.",
Subcategory,Eco Products,Custom Cork Serving Decoratives ,Custom Cork Serving Decoratives ,"Custom-branded cork serving décor for restaurants, events and premium corporate gifting. Eco-friendly, stylish and available with reliable bulk customization options.",
Subcategory,Eco Products,Custom Cork Horeca Range in Delhi NCR,Premium Cork HoReCa Products for Hotels, Bars & Restaurants,"High-quality sustainable cork products for hotels, bars, and restaurants. Custom branding, durable finish, bulk supplies, and fast delivery across India."
Subcategory,Eco Products,Custom Cork Premium Lighting ,Premium Cork Lighting for Eco-Friendly Office & Home,"Stylish premium cork lighting for office and home décor. Eco-friendly, modern design, custom branding, and bulk delivery",
Subcategory,Eco Products,Custom Cork Premium Gift Box ,Cork Premium Gift Boxes for Sustainable Corporate Gifting,Eco-friendly and durable cork gift boxes ideal for premium gifting and brand promotions. Custom logo available with bulk orders and quick India delivery.,
Subcategory,Eco Products,Custom Cork Desk Top Accessories ,Cork Desk Accessories for Offices & Sustainable Brand Gifting,"Stylish cork desktop accessories for employee kits, workstation décor and branding gifts. Eco-friendly, durable and available for bulk orders across India.",
Subcategory,Eco Products,Custom Cork Laptop Bags & Wallets,Cork Laptop Bags & Wallets for Premium Eco Corporate Gifts,"Trendy cork laptop bags and wallets with custom branding for corporate gifting. Strong build, eco-conscious design and bulk delivery anywhere in India.",
Subcategory,Eco Products,Custom Cork Yoga Accessories ,Eco-Friendly Cork Yoga Accessories for Fitness Branding,"Anti-slip cork yoga accessories perfect for wellness branding, gyms and corporate gifting. Sustainable products with bulk order support and fast delivery.",
Category,Drink Ware,,Custom Drinkware for Corporate Branding & Promotional Gifting,"Explore branded sippers, mugs, bamboo bottles and ceramic drinkware for corporate gifting and daily promotional use.",
Subcategory,Drink Ware,Custom Sippers in Delhi,Custom Sipper Bottles for Branding & Promotional Gifting,"Premium sipper bottles with custom logo printing for branding, events & corporate gifting. Bulk orders with fast delivery across India.",
Subcategory,Drink Ware,Custom Bamboo Bottles  in Delhi,Customized Bamboo Bottles for Corporate Gifting,"Eco-friendly bamboo bottles with custom branding for corporate gifting, events & employee welcome kits. Bulk order pricing with fast delivery across India",
Subcategory,Drink Ware,Custom Coffee Mugs in Delhi,Custom Coffee Mugs for Office Branding & Corporate Gifts,"Premium coffee mugs with custom logo printing for employee gifting, events & office branding. Bulk order pricing with fast delivery across India. Request a quote today!",
Subcategory,Drink Ware,Custom Ceramic Mugs ,Custom Ceramic Mugs for Promotions & Corporate Branding,"Premium ceramic mugs with custom logo printing for corporate gifting, events & office branding. Bulk order pricing with fast and reliable delivery across India.",
Category,Custom Trophies & Mementos,,Custom Trophies & Mementos for Corporate Recognition,"Premium trophies and mementos for awards, sports events and corporate recognition with custom engraving and fast delivery.",
Subcategory,Custom Trophies & Mementos,Custom Trophy and Momento,Custom Trophies & Mementos for Awards and Corporate Events,Premium trophies and mementos designed for recognition events and corporate awards. Logo engraving and customization available with fast delivery across India.,
