Date,Clicks,Impressions,CTR,Position
2026-06-29,3,190,1.58%,18.5
2026-06-30,3,211,1.42%,19.1
2026-07-01,2,158,1.27%,13.7
2026-07-02,3,158,1.9%,15.6
2026-07-03,4,150,2.67%,13.3
2026-07-04,3,171,1.75%,15.1
2026-07-05,2,146,1.37%,11.4
2026-07-06,3,254,1.18%,11.2
2026-07-07,4,150,2.67%,12.3
2026-07-08,3,247,1.21%,19
2026-07-09,8,191,4.19%,14.5
2026-07-10,7,219,3.2%,13.5
2026-07-11,1,167,0.6%,10.3
2026-07-12,3,187,1.6%,12.7
2026-07-13,3,223,1.35%,18.2
2026-07-14,1,214,0.47%,11.7
2026-07-15,9,192,4.69%,11.2
2026-07-16,5,194,2.58%,12.2
2026-07-17,5,186,2.69%,11.4
2026-07-18,3,175,1.71%,10.1
2026-07-19,5,182,2.75%,9.9
2026-07-20,4,202,1.98%,12.6
2026-07-21,7,189,3.7%,9.8
2026-07-22,2,186,1.08%,11.5
2026-07-23,7,196,3.57%,13.2
2026-07-24,3,180,1.67%,14.4
2026-07-25,4,130,3.08%,13.6
2026-07-26,2,138,1.45%,13
2026-07-27,7,203,3.45%,16
2026-07-28,4,210,1.9%,15
2026-07-29,3,161,1.86%,13.2
2026-07-30,3,190,1.58%,13.9
2026-07-31,4,166,2.41%,14.9
2026-08-01,6,182,3.3%,12.2
2026-08-02,1,181,0.55%,18.1
2026-08-03,4,203,1.97%,16.1
2026-08-04,4,236,1.69%,16.3
2026-08-05,4,229,1.75%,13.5
2026-08-06,4,288,1.39%,16.7
2026-08-07,5,217,2.3%,18
2026-08-08,2,173,1.16%,13.7
2026-08-09,1,185,0.54%,15.3
2026-08-10,5,235,2.13%,16.4
2026-08-11,8,305,2.62%,19.7
2026-08-12,7,206,3.4%,15.7
2026-08-13,3,191,1.57%,18.2
2026-08-14,7,196,3.57%,19.7
2026-08-15,3,132,2.27%,17.5
2026-08-16,6,174,3.45%,19.3
2026-08-17,7,281,2.49%,24.5
2026-08-18,8,210,3.81%,17.3
2026-08-19,3,183,1.64%,16.5
2026-08-20,7,195,3.59%,17.9
2026-08-21,0,164,0%,24.3
2026-08-22,5,157,3.18%,16.8
2026-08-23,1,126,0.79%,19.3
2026-08-24,6,266,2.26%,28.3
2026-08-25,0,182,0%,23.4
2026-08-26,8,181,4.42%,20.5
2026-08-27,3,165,1.82%,21
2026-08-28,5,155,3.23%,23.6
2026-08-29,3,145,2.07%,28.9
2026-08-30,2,156,1.28%,23.6
2026-08-31,4,195,2.05%,20.3
2026-09-01,3,242,1.24%,28.1
2026-09-02,5,199,2.51%,15.9
2026-09-03,6,229,2.62%,13.6
2026-09-04,6,241,2.49%,20.2
2026-09-05,5,134,3.73%,18.3
2026-09-06,0,140,0%,13.3
2026-09-07,5,339,1.47%,30.8
2026-09-08,4,227,1.76%,24.9
2026-09-09,2,146,1.37%,14.5
2026-09-10,2,223,0.9%,18.2
2026-09-11,7,231,3.03%,17
2026-09-12,4,194,2.06%,14.5
2026-09-13,1,197,0.51%,16.8
2026-09-14,3,213,1.41%,19.2
2026-09-15,1,189,0.53%,15.6
2026-09-16,11,280,3.93%,26.5
2026-09-17,6,166,3.61%,10.9
2026-09-18,3,153,1.96%,16.4
2026-09-19,3,114,2.63%,18.3
2026-09-20,1,118,0.85%,14.5
2026-09-21,3,131,2.29%,17.2
2026-09-22,3,133,2.26%,28
2026-09-23,3,113,2.65%,20.5
2026-09-24,2,100,2%,21.6
2026-09-25,0,164,0%,32.4
2026-09-26,3,102,2.94%,24.8
2026-09-27,1,98,1.02%,23.6
2026-09-28,3,100,3%,25.1