Country,Clicks,Impressions,CTR,Position
India,261,11804,2.21%,20.8
United States,24,3402,0.71%,8.99
United Kingdom,12,246,4.88%,10.16
Canada,10,116,8.62%,7.09
Germany,7,108,6.48%,8.28
United Arab Emirates,6,229,2.62%,7.64
Australia,6,112,5.36%,10.16
Israel,4,8,50%,11.5
Sri Lanka,3,12,25%,6
Netherlands,2,45,4.44%,8.4
Singapore,2,45,4.44%,10.53
Saudi Arabia,2,24,8.33%,15.62
Nepal,2,23,8.7%,10
Bahrain,2,12,16.67%,5
Malaysia,1,35,2.86%,20.63
France,1,34,2.94%,13.26
Hong Kong,1,28,3.57%,6.07
Thailand,1,25,4%,27.64
Spain,1,18,5.56%,16.72
New Zealand,1,17,5.88%,12.65
Sweden,1,12,8.33%,6.67
Portugal,1,11,9.09%,9.09
Poland,1,10,10%,10.3
Lithuania,1,9,11.11%,7.11
Austria,1,6,16.67%,5.83
Cyprus,1,5,20%,7.4
Myanmar (Burma),1,4,25%,7.75
Mongolia,1,2,50%,5.5
Barbados,1,1,100%,7
Vietnam,0,74,0%,21.58
Brazil,0,72,0%,22.26
Philippines,0,48,0%,24.04
Indonesia,0,45,0%,17.8
Bangladesh,0,35,0%,17.31
Ireland,0,34,0%,17.15
Pakistan,0,33,0%,18.39
Mexico,0,24,0%,14.38
Japan,0,23,0%,12.39
Russia,0,23,0%,16.65
Turkey,0,15,0%,31.8
South Africa,0,13,0%,11.85
Italy,0,13,0%,12.54
Kenya,0,12,0%,15.33
Switzerland,0,10,0%,7.7
Qatar,0,10,0%,9.5
Argentina,0,10,0%,15.6
Morocco,0,10,0%,26.2
China,0,9,0%,5.11
Tanzania,0,9,0%,8.22
South Korea,0,8,0%,7.12
Greece,0,8,0%,7.88
Finland,0,8,0%,9
Ukraine,0,8,0%,9.5
Denmark,0,7,0%,7
Iran,0,7,0%,9.71
Colombia,0,7,0%,11.29
Taiwan,0,7,0%,11.86
Belgium,0,7,0%,12
Romania,0,7,0%,12.14
Nigeria,0,6,0%,5.17
Ghana,0,6,0%,8.5
Oman,0,6,0%,29.5
Kuwait,0,5,0%,6
Maldives,0,5,0%,8.2
Mauritius,0,5,0%,8.6
Algeria,0,5,0%,12.8
Jordan,0,5,0%,27.6
Fiji,0,4,0%,6
Congo - Kinshasa,0,4,0%,12
Uzbekistan,0,4,0%,17.5
Chile,0,4,0%,17.75
Rwanda,0,3,0%,2.67
Suriname,0,3,0%,5
Venezuela,0,3,0%,6
Peru,0,3,0%,7
Egypt,0,3,0%,13
Bolivia,0,3,0%,14.33
Jamaica,0,3,0%,15
Iraq,0,3,0%,23.67
Hungary,0,3,0%,26.33
Albania,0,2,0%,4.5
El Salvador,0,2,0%,4.5
Bulgaria,0,2,0%,6
South Sudan,0,2,0%,9.5
Slovakia,0,2,0%,9.5
Serbia,0,2,0%,16.5
Cambodia,0,2,0%,19
Uganda,0,2,0%,25
Armenia,0,1,0%,1
Estonia,0,1,0%,2
Zimbabwe,0,1,0%,2
Dominican Republic,0,1,0%,5
Moldova,0,1,0%,5
Libya,0,1,0%,6
Malta,0,1,0%,6
Panama,0,1,0%,6
Bahamas,0,1,0%,8
Latvia,0,1,0%,8
Puerto Rico,0,1,0%,8
Bhutan,0,1,0%,9
Gambia,0,1,0%,9
Guyana,0,1,0%,9
Macedonia,0,1,0%,9
Paraguay,0,1,0%,9
Guadeloupe,0,1,0%,11
Papua New Guinea,0,1,0%,11
Trinidad & Tobago,0,1,0%,11
Congo - Brazzaville,0,1,0%,12
Norway,0,1,0%,12
Palestine,0,1,0%,13
Belarus,0,1,0%,14
Croatia,0,1,0%,24
Czechia,0,1,0%,47