Top pages,Clicks,Impressions,CTR,Position
https://printkee.com/,75,1495,5.02%,27.13
https://printkee.com/office-and-writing/file-and-folder,65,1258,5.17%,13.23
https://printkee.com/apparel-and-accessories/aprons,18,1499,1.2%,17.39
https://printkee.com/bags-and-travel/duffle-bags,18,855,2.11%,9.6
https://printkee.com/apparel-and-accessories/ties,17,323,5.26%,13.49
https://printkee.com/office-and-writing/lanyard-and-id-card,15,1159,1.29%,23.75
https://printkee.com/collection/welcome-kits,13,603,2.16%,15.73
https://printkee.com/bags-and-travel/tote-bags,13,306,4.25%,18.98
https://printkee.com/technology-accessories/wireless-charging,12,442,2.71%,8.91
https://printkee.com/apparel-and-accessories/winter-wear,8,346,2.31%,9.52
https://printkee.com/technology-accessories/desktop-and-mousepad,7,351,1.99%,11.32
https://printkee.com/apparel-and-accessories/hats,7,278,2.52%,22.36
https://printkee.com/drink-ware,7,216,3.24%,19.72
https://printkee.com/eco-products/cork-sheet,7,193,3.63%,9.31
https://printkee.com/apparel-and-accessories/caps,7,177,3.95%,9.92
https://printkee.com/bags-and-travel/backpacks,6,417,1.44%,13.56
https://printkee.com/office-and-writing/pen-and-writing-set,6,209,2.87%,27.84
https://printkee.com/eco-products/cork-coaster,4,224,1.79%,18.26
https://printkee.com/technology-accessories/power-banks,4,158,2.53%,10.27
https://printkee.com/trophy-and-momento/trophy-and-momento,3,244,1.23%,12.47
https://printkee.com/apparel-and-accessories,3,194,1.55%,35.77
https://printkee.com/diwali-special,3,77,3.9%,10.44
https://printkee.com/eco-products/cork-horeca-range,3,25,12%,16.28
https://printkee.com/brands/boat,2,234,0.85%,9.81
https://printkee.com/technology-accessories/computer-accessories,2,170,1.18%,5.56
https://printkee.com/trophy-and-momento,2,146,1.37%,10.88
https://printkee.com/drink-ware/bamboo-bottle,2,129,1.55%,9.28
https://printkee.com/eco-products,2,112,1.79%,6.34
https://printkee.com/brands/fuzo,2,85,2.35%,11.96
https://printkee.com/eco-products/cork-premium-gift-boxes,2,45,4.44%,14.27
https://printkee.com/eco-products/cork-premium-gift-boxes/cork-gift-box,2,20,10%,13.65
https://printkee.com/apparel-and-accessories/hats/classic-fedora-hat,2,4,50%,14.5
https://printkee.com/brands/portronics,1,2496,0.04%,11.24
https://printkee.com/collection,1,405,0.25%,42.72
https://printkee.com/office-and-writing/lanyard-and-id-card/premium-polyester-lanyard-id-card,1,213,0.47%,7.23
https://printkee.com/eco-products/cork-yoga-accessories,1,180,0.56%,40.21
https://printkee.com/collection/keychains,1,147,0.68%,15.96
https://printkee.com/eco-products/cork-laptop-bag-and-wallet,1,105,0.95%,8.54
https://printkee.com/drink-ware/sipper,1,81,1.23%,9.91
https://printkee.com/eco-products/cork-desk-top-accessories,1,80,1.25%,17.34
https://printkee.com/bags-and-travel/foldable-bags,1,67,1.49%,8.93
https://printkee.com/drink-ware/coffee-mug,1,51,1.96%,13.71
https://printkee.com/bags-and-travel,1,37,2.7%,7.24
https://printkee.com/apparel-and-accessories/corporate-shirts,1,34,2.94%,18.12
https://printkee.com/eco-products/cork-serving-decorate,1,23,4.35%,18.48
https://printkee.com/office-and-writing/lanyard-and-id-card/tubular-lanyard-printed-id-card,1,21,4.76%,7.86
https://printkee.com/collection/welcome-kits/premium-corporate-welcome-kit,1,18,5.56%,37.44
https://printkee.com/eco-products/cork-premium-lighting,1,12,8.33%,14.92
https://printkee.com/office-and-writing/lanyard-and-id-card/eco-friendly-lanyard-id-card,1,8,12.5%,9.38
https://printkee.com/apparel-and-accessories/aprons/custom-printed-apron,1,8,12.5%,58.12
https://printkee.com/drink-ware/steel mug/premium-corporate-gift-mug,1,6,16.67%,6.17
https://printkee.com/collection/keychains/eco-friendly-bamboo-keychain,1,6,16.67%,17
https://printkee.com/drink-ware/ceramic-mug/matte-finish-ceramic-mug,1,5,20%,8.2
https://printkee.com/bags-and-travel/backpacks/anti-theft-laptop-backpack,1,2,50%,11
https://printkee.com/drink-ware/ceramic-mug,0,270,0%,40.11
https://printkee.com/office-and-writing/notebooks-and-diary-sets,0,177,0%,16.29
https://printkee.com/apparel-and-accessories/polo-t-shirts,0,173,0%,16.06
https://printkee.com/contact,0,162,0%,11.18
https://printkee.com/about,0,131,0%,3.61
https://printkee.com/collection/welcome-kits/executive-employee-welcome-kit,0,127,0%,47.21
https://printkee.com/collection/promotional-clocks,0,92,0%,19.66
https://printkee.com/brands/noise,0,66,0%,17.61
https://printkee.com/brands,0,56,0%,7.48
https://printkee.com/office-and-writing,0,49,0%,7.67
https://printkee.com/office-and-writing/lanyard-and-id-card/woven-branded-lanyard-pvc-id-card,0,42,0%,25.12
https://printkee.com/technology-accessories/computer-accessories/professional-mechanical-keyboard,0,41,0%,4.98
https://printkee.com/collection/welcome-kits/eco-friendly-welcome-kit,0,35,0%,36.06
https://printkee.com/trophy-and-momento/trophy-and-momento/premium-acrylic-award-trophy,0,28,0%,8.79
https://printkee.com/delhi/corporate-gifts,0,28,0%,54.25
https://printkee.com/trophy-and-momento/trophy-and-momento/golden-excellence-award-trophy,0,26,0%,3.88
https://printkee.com/office-and-writing/notebooks-and-diary-sets/a5-premium-hardcover-notebook,0,26,0%,32.27
https://printkee.com/apparel-and-accessories/winter-wear/corporate-bomber-jacket,0,22,0%,66.45
https://printkee.com/office-and-writing/notebooks-and-diary-sets/premium-notebook-diary-gift-set,0,21,0%,5.33
https://printkee.com/gurgaon/corporate-gifts,0,21,0%,50.71
https://printkee.com/sitemap,0,18,0%,3.67
https://printkee.com/eco-products/cork-plant-decorate,0,18,0%,20.06
https://printkee.com/bags-and-travel/tote-bags/premium-cotton-tote-bag,0,18,0%,56.22
https://printkee.com/apparel-and-accessories/round-neck-t-shirts,0,17,0%,17.71
https://printkee.com/collection/keychains/metal-ring-keychain,0,16,0%,13.25
https://printkee.com/noida/corporate-gifts,0,16,0%,36.88
https://printkee.com/eco-products/cork-sheet/2mm-medium-grain-cork-sheet,0,15,0%,8.13
https://printkee.com/technology-accessories/wireless-charging/wireless-charger-stand,0,14,0%,13.57
https://printkee.com/trophy-and-momento/trophy-and-momento/shield-style-award-trophy,0,13,0%,5.69
https://printkee.com/office-and-writing/pen-and-writing-set/economy-ball-pen,0,12,0%,6.58
https://printkee.com/technology-accessories/computer-accessories/standard-wired-office-keyboard,0,11,0%,2.73
https://printkee.com/technology-accessories,0,11,0%,9.55
https://printkee.com/office-and-writing/file-and-folder/leather-executive-file-folder,0,11,0%,11.27
https://printkee.com/drink-ware/sipper/premium-stainless-steel-sipper-bottle,0,10,0%,11.9
https://printkee.com/blog/corporate-diwali-gifts-buying-guide-2026,0,10,0%,72.8
https://printkee.com/brands/swiss-military,0,9,0%,6.89
https://printkee.com/bags-and-travel/backpacks/professional-laptop-backpack,0,9,0%,12.33
https://printkee.com/office-and-writing/lanyard-and-id-card/satin-lanyard-transparent-id-card,0,8,0%,5.12
https://printkee.com/services,0,8,0%,5.5
https://printkee.com/collection/keychains/acrylic-printed-keychain,0,8,0%,37.75
https://printkee.com/eco-products/cork-yoga-accessories/yoga-mat-cork-fabric-eva,0,7,0%,4.43
https://printkee.com/collection/promotional-clocks/premium-metal-wall-clock,0,7,0%,8.14
https://printkee.com/eco-products/cork-corporate-gifting-combo,0,7,0%,12.14
https://printkee.com/eco-products/cork-corporate-gifting-combo/corporate-cork-gift-combo-d,0,7,0%,29
https://printkee.com/eco-products/cork-yoga-accessories/cork-fabric-yoga-mat-latex,0,6,0%,6.33
https://printkee.com/blog/best-corporate-diwali-gifts-delhi-ncr-2026,0,6,0%,8
https://printkee.com/drink-ware/coffee-mug/magic-suction-mug-with-stainless-steel-inside,0,6,0%,8.67
https://printkee.com/apparel-and-accessories/corporate-shirts/white-corporate-shirt,0,6,0%,24.83
https://printkee.com/eco-products/cork-yoga-accessories/cork-rubberized-yoga-mat-latex,0,5,0%,2
https://printkee.com/apparel-and-accessories/aprons/kitchen-apron,0,5,0%,3.6
https://printkee.com/technology-accessories/computer-accessories/classic-optical-usb-mouse,0,5,0%,4
https://printkee.com/drink-ware/bamboo-bottle/classic-eco-friendly-bamboo-bottle,0,5,0%,4.4
https://printkee.com/technology-accessories/computer-accessories/multi-device-bluetooth-keyboard,0,5,0%,11.8
https://printkee.com/eco-products/cork-premium-gift-boxes/cork-gift-boxes,0,5,0%,23
https://printkee.com/office-and-writing/lanyard-and-id-card/double-layer-printed-lanyard-id-card,0,5,0%,41.2
https://printkee.com/collection/promotional-clocks/modern-promotional-desk-clock,0,4,0%,6.5
https://printkee.com/apparel-and-accessories/polo-t-shirts/personalized-polo-t-shirts,0,4,0%,8.25
https://printkee.com/bags-and-travel/tote-bags/executive-canvas-tote-bag,0,4,0%,45.5
https://printkee.com/bags-and-travel/backpacks/economy-corporate-backpackhttps://printkee.com/bags-and-travel/backpacks/__CANONICAL__,0,3,0%,3
https://printkee.com/collection/keychains/custom-name-keychain,0,3,0%,3
https://printkee.com/apparel-and-accessories/hats/reversible-bucket-hat,0,3,0%,3.33
https://printkee.com/office-and-writing/file-and-folder/mesh-zipper-document-bag,0,3,0%,3.33
https://printkee.com/technology-accessories/wireless-charging/3-in-1-wireless-charging-dock,0,3,0%,5.33
https://printkee.com/apparel-and-accessories/polo-t-shirts/black-polo-t-shirt,0,3,0%,5.67
https://printkee.com/office-and-writing/notebooks-and-diary-sets/executive-a5-pu-leather-diary,0,3,0%,5.67
https://printkee.com/office-and-writing/file-and-folder/expandable-accordion-file-folder,0,3,0%,6
https://printkee.com/greater-noida/corporate-gifts,0,3,0%,6.33
https://printkee.com/apparel-and-accessories/polo-t-shirts/promotional-collar-t-shirts,0,3,0%,7.67
https://printkee.com/apparel-and-accessories/caps/classic-light-grey-baseball-cap,0,3,0%,8
https://printkee.com/collection/promotional-clocks/classic-round-promotional-wall-clock,0,3,0%,8.67
https://printkee.com/apparel-and-accessories/aprons/canvas-apron,0,3,0%,9.67
https://printkee.com/office-and-writing/file-and-folder/a4-file-storage-box,0,3,0%,12
https://printkee.com/eco-products/cork-premium-lighting/cork-hanging-lamp,0,3,0%,12.33
https://printkee.com/eco-products/cork-sheet/1mm-medium-grain-cork-sheet,0,3,0%,20.33
https://printkee.com/eco-products/cork-premium-gift-boxes/cork-wine-gift-box,0,3,0%,21.67
https://printkee.com/eco-products/cork-laptop-bag-and-wallet/cork-laptop-bag,0,3,0%,23.33
https://printkee.com/technology-accessories/wireless-charging/magsafe-compatible-wireless-charger,0,3,0%,30.67
https://printkee.com/apparel-and-accessories/winter-wear/classic-corporate-jacket,0,3,0%,42.33
https://printkee.com/eco-products/cork-yoga-accessories/fully-rubberized-3mm-yoga-mat,0,2,0%,3
https://printkee.com/technology-accessories/computer-accessories/compact-wireless-keyboard,0,2,0%,3.5
https://printkee.com/collection/keychains/rectangle-metal-keychain,0,2,0%,4
https://printkee.com/blogs,0,2,0%,5.5
https://printkee.com/apparel-and-accessories/ties/polyester-corporate-tie,0,2,0%,8.5
https://printkee.com/eco-products/cork-premium-lighting/square-shaped-cork-table-lamp,0,2,0%,8.5
https://printkee.com/technology-accessories/power-banks/20000mah-fast-charging-power-bank,0,2,0%,9
https://printkee.com/eco-products/cork-corporate-gifting-combo/corporate-cork-gift-combo-b,0,2,0%,14
https://printkee.com/apparel-and-accessories/winter-wear/premium-logo-hoodie,0,2,0%,33
https://printkee.com/bags-and-travel/tote-bags/natural-jute-tote-bag,0,2,0%,40
https://printkee.com/bags-and-travel/duffle-bags/classic-sports-duffle-bag,0,1,0%,1
https://printkee.com/eco-products/cork-coaster/natural-cork-coasters,0,1,0%,1
https://printkee.com/eco-products/cork-premium-lighting/cork-decorative-table-lamp,0,1,0%,1
https://printkee.com/office-and-writing/file-and-folder/plastic-a4-clip-file,0,1,0%,1
https://printkee.com/technology-accessories/desktop-and-mousepad/xl-desktop-mouse-pad,0,1,0%,1
https://printkee.com/technology-accessories/wireless-charging/fast-charging-wireless-pad,0,1,0%,1
https://printkee.com/apparel-and-accessories/ties/red-power-tie,0,1,0%,2
https://printkee.com/apparel-and-accessories/ties/striped-office-tie,0,1,0%,2
https://printkee.com/drink-ware/sipper/fruit-infuser-sipper-bottle,0,1,0%,4
https://printkee.com/drink-ware/sipper/thermos-style-vacuum-sipper-bottle,0,1,0%,4
https://printkee.com/apparel-and-accessories/aprons/bib-apron,0,1,0%,5
https://printkee.com/apparel-and-accessories/corporate-shirts/purple-corporate-shirt,0,1,0%,6
https://printkee.com/apparel-and-accessories/hats/knit-beanie-winter-hat,0,1,0%,7
https://printkee.com/apparel-and-accessories/hats/sports-visor-cap,0,1,0%,7
https://printkee.com/eco-products/cork-desk-top-accessories/cork-desktop-calendar,0,1,0%,7
https://printkee.com/technology-accessories/desktop-and-mousepad/extended-gaming-mouse-pad,0,1,0%,7
https://printkee.com/apparel-and-accessories/caps/classic-navy-baseball-cap,0,1,0%,8
https://printkee.com/apparel-and-accessories/winter-wear/executive-softshell-jacket,0,1,0%,8
https://printkee.com/apparel-and-accessories/winter-wear/waterproof-corporate-jacket,0,1,0%,9
https://printkee.com/drink-ware/steel mug,0,1,0%,9
https://printkee.com/eco-products/cork-desk-top-accessories/cork-pen-pencil-holder,0,1,0%,9
https://printkee.com/eco-products/cork-horeca-range/cork-juice-dispenser,0,1,0%,9
https://printkee.com/blog/__CANONICAL__,0,1,0%,10
https://printkee.com/eco-products/cork-horeca-range/cork-credit-card-holder,0,1,0%,10
https://printkee.com/eco-products/cork-horeca-range/round-shape-cork-ice-storage-box,0,1,0%,10
https://printkee.com/apparel-and-accessories/round-neck-t-shirts/light-grey-round-neck-t-shirt,0,1,0%,11
https://printkee.com/eco-products/cork-serving-decorate/cork-serving-tray,0,1,0%,11
https://printkee.com/office-and-writing/pen-and-writing-set/premium-metal-ball-pen,0,1,0%,11
https://printkee.com/technology-accessories/power-banks/solar-portable-power-bank-10000mah,0,1,0%,11
https://printkee.com/technology-accessories/power-banks/wireless-charging-power-bank-10000mah,0,1,0%,11
https://printkee.com/drink-ware/coffee-mug/classic-ceramic-coffee-mug,0,1,0%,12
https://printkee.com/apparel-and-accessories/caps/classic-yellow-baseball-cap,0,1,0%,13
https://printkee.com/brands/jack-and-jones,0,1,0%,13
https://printkee.com/apparel-and-accessories/winter-wear/performance-tech-hoodie,0,1,0%,17
https://printkee.com/eco-products/cork-desk-top-accessories/cork-fabric-diary,0,1,0%,23
https://printkee.com/eco-products/cork-premium-lighting/tall-cork-table-lamp,0,1,0%,29
https://printkee.com/apparel-and-accessories/polo-t-shirts/event-t-shirts,0,1,0%,40
https://printkee.com/drink-ware/ceramic-mug/color-inside-ceramic-mug,0,1,0%,51
https://printkee.com/bags-and-travel/foldable-bags/compact-foldable-shopping-bag,0,1,0%,62