Top queries,Clicks,Impressions,CTR,Position
printkee,41,68,60.29%,1.07
customized files for office,4,72,5.56%,6.78
customized files,4,51,7.84%,6.61
apron printing,2,42,4.76%,10.79
duffle bag customized,2,26,7.69%,9.46
customized office files,2,10,20%,8.9
custom file folders,1,57,1.75%,10.39
custom winter jackets,1,53,1.89%,13.36
custom files,1,47,2.13%,6.79
boat corporate gifting,1,32,3.12%,10.06
customised files,1,31,3.23%,9.9
printed cork sheets,1,27,3.7%,8.7
customized duffle bags,1,20,5%,7.85
customized file,1,13,7.69%,7.77
customized winter jackets,1,9,11.11%,10.78
custom tie,1,9,11.11%,13.33
tote bags manufacturers in delhi,1,6,16.67%,15
custom file printing,1,4,25%,9.25
file customize,1,4,25%,18.5
cork laptop sleeve,1,3,33.33%,10.67
i want in india,1,1,100%,2
custom file folder printing,1,1,100%,7
bulk lanyard order,1,1,100%,9
custom printed ties,1,1,100%,12
fuzo india,1,1,100%,23
corporate merchandise,0,200,0%,30.41
printed aprons,0,171,0%,30.33
portronics logo,0,112,0%,10.38
%portronics logo official,0,105,0%,8.57
custom aprons with logo,0,103,0%,26.81
branded aprons,0,92,0%,20.38
custom aprons,0,92,0%,23.33
+portronics logo official,0,91,0%,8.4
custom folders,0,89,0%,47.4
portronics logo png,0,76,0%,11.5
portronics,0,76,0%,18.12
customised winter wear,0,64,0%,5.86
apron with logo,0,62,0%,10.34
is portronics indian company,0,60,0%,11.73
mf global services,0,56,0%,9.46
branded merchandise india,0,56,0%,18.2
personalised apron,0,56,0%,33.89
customized duffle bag,0,55,0%,9.71
portronics brand,0,48,0%,17.88
lanyard printing,0,47,0%,38
promotional clock,0,46,0%,26.87
cork yoga mat,0,45,0%,58.49
employee onboarding kit supplier india,0,43,0%,33
customised duffle bag,0,40,0%,8.5
corporate mugs,0,39,0%,48.64
customised aprons,0,37,0%,11.41
print custom employee welcome kits branded materials pricing,0,36,0%,4.19
custom backpacks with logo,0,36,0%,12.94
bulk lanyard printing,0,36,0%,14.42
custom backpacks,0,35,0%,26.57
custom duffle bag,0,32,0%,7.94
lanyard printing hsn code,0,31,0%,8.68
personalized welcome kits,0,31,0%,34.61
portronics wiki,0,30,0%,5.8
corporate merchandise india,0,30,0%,41.07
branded promotional item supplier,0,30,0%,41.8
bulk folders with logo,0,30,0%,47.43
apron with logo printed,0,27,0%,10.33
custom corporate merchandise,0,27,0%,29.37
duffle bag printed,0,26,0%,9.77
custom printed ties india,0,25,0%,7.8
custom promotional products,0,25,0%,53.68
portronics products,0,24,0%,20.58
promotional products supplier,0,24,0%,51.21
customize duffle bag,0,23,0%,8.65
custom promotional items,0,23,0%,55.04
custom wireless charger,0,22,0%,8.95
drink wear,0,22,0%,10.36
branded apron,0,22,0%,10.82
headwear suppliers,0,22,0%,45.59
durable cork coasters for corporate gifting,0,21,0%,10.05
portronics corporate gifting,0,21,0%,10.57
custom duffle bags,0,21,0%,15.9
top id card lanyard manufacturers,0,21,0%,43.76
corporate welcome kit,0,21,0%,59.19
bespoke artwork on duffle bags in delhi,0,20,0%,5.8
duffle bag custom,0,19,0%,12.47
custom ties,0,19,0%,14.37
customised aprons india,0,19,0%,18.95
custom polo shirts bulk,0,19,0%,42.11
portronics logo stylized p,0,18,0%,9.22
portronics bulk order,0,18,0%,11
personalised business merchandise,0,18,0%,43.5
premium corporate welcome kit,0,18,0%,44.72
customized wireless charger,0,17,0%,8.41
event merchandise india,0,17,0%,8.41
personalised wireless charger,0,17,0%,9.47
custom cork coasters,0,17,0%,12.29
portronics which country brand,0,17,0%,14.59
id card lanyard printing,0,17,0%,19.12
personalised corporate merchandise,0,17,0%,35
customized welcome kit,0,17,0%,40.06
fuzo logo,0,16,0%,8.75
custom printed file folders india,0,16,0%,13.44
portronics official website,0,16,0%,24.5
corporate ties,0,16,0%,30.19
hats manufacturers,0,16,0%,40.69
promotional merchandise company,0,16,0%,44.19
custom corporate apparel,0,16,0%,47.94
personalised business items,0,16,0%,48.5
duffle bag manufacturers in delhi,0,15,0%,8.27
kee ring,0,15,0%,11.2
fuzo,0,15,0%,15.67
corporate coasters,0,15,0%,42.4
tote bag manufacturer,0,15,0%,43.33
custom company merchandise,0,15,0%,44.8
custom corporate mugs,0,15,0%,45.2
portronics company is from which country,0,14,0%,7
cork laptop bag,0,14,0%,10.5
cap manufacturers in gurgaon,0,14,0%,14.43
custom backpack india,0,14,0%,16.43
custom tote bags manufacturer,0,14,0%,34.14
custom lanyard id card printing,0,14,0%,35.29
corporate logo mugs,0,14,0%,37.93
personalised company merchandise,0,14,0%,42.64
mug corporate,0,14,0%,47.71
corporate branded notebooks,0,14,0%,57.29
personalised corporate mugs,0,14,0%,59
aprons with logo,0,13,0%,12.69
custom logo printed wireless chargers,0,13,0%,21.54
personalized aprons,0,13,0%,30.92
branded welcome kits,0,13,0%,33
promotional kits supplier in india,0,13,0%,34.54
corporate pens,0,13,0%,42
personalized company items,0,13,0%,51
company branded apparel,0,13,0%,55.69
corporate coffee mugs,0,13,0%,56.31
personalized promotional products,0,13,0%,59.46
custom products,0,13,0%,61.77
portronics brand logo,0,12,0%,2.58
is portronics an indian company,0,12,0%,9.75
printed power bank,0,12,0%,10.42
is portronics a indian company,0,12,0%,10.5
high quality corporate merchandise,0,12,0%,29.17
promotional kits exporter in india,0,12,0%,30.83
corporate mugs with logo,0,12,0%,41.17
personalized merchandise,0,12,0%,41.75
customized employee welcome kits,0,12,0%,45.58
customized lanyard keychain printing,0,12,0%,46.42
corporate branded mugs,0,12,0%,50.75
custom business gifts,0,12,0%,51.17
corporate branded coffee mugs,0,12,0%,53.75
corporate logo coasters,0,12,0%,54.58
corporate branded apparel,0,12,0%,57.08
personalized company swag,0,12,0%,65.42
customised file,0,11,0%,8.18
customised tie,0,11,0%,9.73
printed cork coasters,0,11,0%,10.18
portronics company,0,11,0%,23.82
promotional kits manufacturer in india,0,11,0%,30.27
apron print on demand,0,11,0%,40.27
lanyard for id card,0,11,0%,45.55
coffee mugs with corporate logo,0,11,0%,53.55
custom giveaway items,0,11,0%,60.82
cork printing,0,10,0%,7.1
customize file,0,10,0%,9.1
printed cotton bags suppliers in delhi,0,10,0%,9.5
personalized wireless charger,0,10,0%,9.9
custom file folder,0,10,0%,11.4
custom printed backpack,0,10,0%,14.4
custom aprons near me,0,10,0%,14.7
fuzo products,0,10,0%,17.9
company logo mouse pad,0,10,0%,34.8
notebooks corporate gifts,0,10,0%,43.4
corporate welcome kits india,0,10,0%,44
buy promotional products,0,10,0%,50.4
corporate logo coffee mugs,0,10,0%,55.1
corporate welcome kits,0,10,0%,56.9
corporate gifts delhi,0,10,0%,63.9
portronics brand logo image,0,9,0%,6
portronics country of origin,0,9,0%,9.33
+portronics logo official p logo,0,9,0%,10.11
apron logo printing,0,9,0%,10.78
portronics brand logo letter p,0,9,0%,10.89
portronics origin country,0,9,0%,15.22
corporate personalised notebooks,0,9,0%,43.33
customized welcome kit for employees,0,9,0%,45.89
premium corporate merchandise,0,9,0%,48
custom branded promotional products,0,9,0%,48.33
custom business promotional items,0,9,0%,57.78
custom company swag,0,9,0%,66.44
cork desk accessories,0,8,0%,7.38
duffle bag with company logo,0,8,0%,8.12
mouse pad in 10 minutes delivery,0,8,0%,10
portronics is indian company,0,8,0%,12.38
personalized duffle bags,0,8,0%,16.75
promotional pen sets,0,8,0%,25.75
custom made aprons,0,8,0%,27.88
apron custom made,0,8,0%,28.25
lanyard printing near me,0,8,0%,33.62
travel tote bags manufacturers in india,0,8,0%,34.12
custom drinkware,0,8,0%,34.88
mousepad printing,0,8,0%,44.62
corporate branded coasters,0,8,0%,45.12
branded merchandise,0,8,0%,48.62
custom logo promotional products,0,8,0%,53.62
corporate drinkware gifts,0,8,0%,55
customised file folder with name,0,7,0%,8
custom tie with logo,0,7,0%,8.86
coffee mugs near me,0,7,0%,9.29
branded aprons with logo,0,7,0%,9.57
acrylic trophy hsn code,0,7,0%,11
custom lanyard printing,0,7,0%,14.71
corporate branded merchandise,0,7,0%,30.29
custom corporate awards,0,7,0%,31.43
corporate pen printing,0,7,0%,31.86
pens with logo,0,7,0%,32.14
personalized corporate awards,0,7,0%,33.57
custom hats,0,7,0%,41.43
branded desk accessories exporter,0,7,0%,44
custom lanyards,0,7,0%,47
id card lanyard,0,7,0%,47.43
promotional wear,0,7,0%,48.71
custom printed cotton bags,0,7,0%,48.86
personalised products for business,0,7,0%,48.86
corporate gifts gurgaon,0,7,0%,51.57
personalized business items,0,7,0%,52.57
promotional products with custom logo,0,7,0%,53.57
personalised business promotional items,0,7,0%,53.71
branded promo products software,0,7,0%,57.29
promotional products online,0,7,0%,61
portronics which country,0,6,0%,5.5
promotional duffel bag,0,6,0%,9.67
backpack with logo print,0,6,0%,10.33
is portronics indian brand,0,6,0%,10.5
customize file folders,0,6,0%,10.67
customized file folder,0,6,0%,11
printed lanyard cards,0,6,0%,11.33
customized tie,0,6,0%,13.17
corporate backpacks in bulk,0,6,0%,14.67
custom corporate shirt,0,6,0%,22
lanyard printing services in delhi,0,6,0%,27
promotional tote bags supplier,0,6,0%,27.67
tote bag manufacturers,0,6,0%,33.67
custom file,0,6,0%,33.83
promotional clocks,0,6,0%,34.5
customized apron,0,6,0%,35
thank you mugs bulk,0,6,0%,36.33
branded merchandise for employees,0,6,0%,39
corporate pens with logo,0,6,0%,39.83
custom event products,0,6,0%,39.83
business pens,0,6,0%,43.83
logo pens,0,6,0%,45
mugs for corporate gifts,0,6,0%,46.83
bulk coffee mugs with logo,0,6,0%,47.17
custom printed hats,0,6,0%,49.83
personalized company logo items,0,6,0%,53.33
corporate promotional items,0,6,0%,55.17
custom printed lanyards,0,6,0%,56.17
corporate branded clothing,0,6,0%,62.33
corporate branded jackets,0,6,0%,71.17
portronics logo official,0,5,0%,5.2
noise brand logo,0,5,0%,7.4
custom file folders with logo,0,5,0%,8.6
duffle bag custom logo,0,5,0%,8.6
duffle bag with logo,0,5,0%,8.6
promotional duffle bags,0,5,0%,9
custom tie printing,0,5,0%,9.6
logo duffle bag,0,5,0%,9.6
apron printing near me,0,5,0%,9.8
customizable duffle bag,0,5,0%,11
custom embroidered ties,0,5,0%,17.6
promotional backpacks for corporate,0,5,0%,17.6
custom coffee,0,5,0%,18.8
portronics website,0,5,0%,22.6
custom kitchen apron,0,5,0%,24.4
noise brand,0,5,0%,25.4
company branded merchandise,0,5,0%,26.8
tie printing,0,5,0%,27.4
id card and lanyard printing near me,0,5,0%,27.8
portronics accessories,0,5,0%,28.4
canvas tote bags delhi,0,5,0%,30.4
promotional corporate,0,5,0%,31
branded corporate items,0,5,0%,32.8
eco friendly welcome kit,0,5,0%,35.4
id cards lanyards suppliers,0,5,0%,35.6
corporate logo merchandise,0,5,0%,36.6
customised backpack,0,5,0%,37.4
custom corporate coasters,0,5,0%,39.4
branded corporate wear,0,5,0%,43
customized backpacks,0,5,0%,43
t shirt printing in roorkee,0,5,0%,43
company logo coasters,0,5,0%,43.2
custom marketing gifts,0,5,0%,43.4
custom tote bags,0,5,0%,44.2
corporate promotional merchandise,0,5,0%,44.6
company branded coasters,0,5,0%,46.8
custom pens,0,5,0%,46.8
customized corporate merchandise,0,5,0%,46.8
custom branded apparel,0,5,0%,47.4
custom logo hats,0,5,0%,47.8
custom advertising products,0,5,0%,50.2
promotional products suppliers,0,5,0%,53.8
personalized business promotional products,0,5,0%,54.8
branded corporate clothing,0,5,0%,55
custom logo items,0,5,0%,55
custom promotional merchandise,0,5,0%,55.4
custom swag,0,5,0%,56
cheap custom promotional products,0,5,0%,56.4
branded corporate apparel,0,5,0%,56.6
promotional products bangalore,0,5,0%,56.6
corporate gifts delhi ncr,0,5,0%,58.4
customisable corporate gifts,0,5,0%,58.4
corporate gifting drinkware,0,5,0%,58.6
custom promotional materials,0,5,0%,59.6
customizable products,0,5,0%,64
gst on memento,0,4,0%,1
digital welcome kit,0,4,0%,3.5
branded file,0,4,0%,4.75
catering aprons with logo,0,4,0%,6
yes,0,4,0%,6
portronics belongs to which country,0,4,0%,7.75
wireless charger custom logo,0,4,0%,7.75
cork coaster printing,0,4,0%,8
custom keychains india,0,4,0%,8.25
portroncs,0,4,0%,8.5
portronics logo p,0,4,0%,8.5
cork lamps,0,4,0%,8.75
printed power banks,0,4,0%,8.75
logo aprons,0,4,0%,9.25
portronics brand logo looks like p in square,0,4,0%,9.25
customizable file folders,0,4,0%,9.5
logo printed aprons,0,4,0%,9.75
portronics logo svg,0,4,0%,10
fuzo company,0,4,0%,10.25
apron printed with logo,0,4,0%,10.5
aprons with logo printed,0,4,0%,10.75
custom duffel bags,0,4,0%,11
customized ties,0,4,0%,12.25
embroidered duffle bags,0,4,0%,12.75
custom cork yoga mat,0,4,0%,13.25
tote bag quick delivery,0,4,0%,13.25
cork wallets india,0,4,0%,14
backpack printing,0,4,0%,14.5
custom welcome kit,0,4,0%,14.5
notebook merchandise,0,4,0%,19
promotional backpacks,0,4,0%,21.25
noise official website,0,4,0%,22.75
+bulk +pens +with +logo,0,4,0%,23.5
custom mens aprons,0,4,0%,26.5
backpack print on demand,0,4,0%,27.5
custom tote bags wholesale,0,4,0%,27.5
print on demand backpacks,0,4,0%,29.5
custom branded products,0,4,0%,30.25
portronics company origin,0,4,0%,31.25
custom apron,0,4,0%,32
corporate white shirt,0,4,0%,32.75
long service award memento,0,4,0%,33
promotional gifts india,0,4,0%,33.25
customised id card,0,4,0%,35.5
print on demand aprons,0,4,0%,36.25
corporate promotional pens,0,4,0%,37
personalised corporate pens,0,4,0%,37
personalized business giveaways,0,4,0%,37
embroidered ties,0,4,0%,41
personalised duffle bag,0,4,0%,41.75
employee welcome kits india,0,4,0%,42.5
id card ribbon printing,0,4,0%,42.75
lanyard manufacturer in delhi,0,4,0%,44
cork promotional products,0,4,0%,44.25
corporate clothing and gifts,0,4,0%,46
corporate logo items,0,4,0%,46.25
corporate products,0,4,0%,47
custom 7800mah tork portronics power bank- orange,0,4,0%,48
customized pens for business,0,4,0%,50
merchandise corporate gifts,0,4,0%,51.75
custom print lanyards,0,4,0%,52
corporate gifts in gurgaon,0,4,0%,53.25
corporate gifts noida,0,4,0%,54.5
custom promo products,0,4,0%,57.75
personalized business promotional items,0,4,0%,58.5
personalized business swag,0,4,0%,58.5
corporate gifts in delhi,0,4,0%,59.75
branded mugs for business,0,4,0%,62.5
corporate mugs no minimum order,0,4,0%,69
lanyard hsn code 18 gst rate,0,3,0%,1.67
"where to order personalized company merchandise and souvenirs online in 
india?",0,3,0%,5.33
id card lanyard hsn code and gst rate,0,3,0%,6
personalised cork coasters,0,3,0%,6
portronics logo p inside square,0,3,0%,6
lanyard hsn code and gst rate,0,3,0%,6.67
custom duffle bags with logo,0,3,0%,7
customized cork coasters,0,3,0%,7
custom winter jacket,0,3,0%,8
personalised wireless phone charger,0,3,0%,8
promotional duffle bag,0,3,0%,8
%portronics logo official p,0,3,0%,8.33
premium welcome kit,0,3,0%,8.33
apron bulk order,0,3,0%,8.67
custom cork coaster,0,3,0%,8.67
custom gel pen,0,3,0%,8.67
printed cork,0,3,0%,8.67
logo wireless charger,0,3,0%,9
+portronics logo official p,0,3,0%,9.33
in india,0,3,0%,9.33
personalized duffle bag,0,3,0%,9.33
custom winter clothes,0,3,0%,9.67
promotional drinkware,0,3,0%,9.67
wireless charger customized,0,3,0%,9.67
custom files and folders,0,3,0%,10
branded lanyard,0,3,0%,10.33
cork bags india,0,3,0%,10.33
tote bags fast delivery,0,3,0%,10.33
business apron,0,3,0%,10.67
branded drinkware,0,3,0%,12.33
duffle bag manufacturer,0,3,0%,13.33
mouse pad manufacturers in delhi,0,3,0%,13.33
portronics company country,0,3,0%,13.67
custom printed duffle bags,0,3,0%,14
custom printed backpacks,0,3,0%,14.33
customized file folders,0,3,0%,21.67
trophies mementos,0,3,0%,26.33
tote bag manufacturers in delhi,0,3,0%,27.33
mouse pad manufacturer in delhi,0,3,0%,27.67
lanyards for id cards,0,3,0%,30.67
apron customized,0,3,0%,31.67
hat printing,0,3,0%,31.67
customised apron for men,0,3,0%,35.33
custom corporate pens,0,3,0%,35.67
custom keychains in bulk,0,3,0%,35.67
custom employee welcome boxes,0,3,0%,37.67
id card lanyard supplier,0,3,0%,38.33
custom id card holder,0,3,0%,39.67
id cards lanyard visiting card printing services,0,3,0%,40.33
promo wear,0,3,0%,42
apron with name,0,3,0%,42.33
custom yoga mats india,0,3,0%,42.33
cork promotional items,0,3,0%,42.67
personalised pens for business,0,3,0%,42.67
custom logo ceramic mugs,0,3,0%,43.33
custom pens with logo,0,3,0%,43.33
personalized ink pens for business,0,3,0%,43.67
corporate apparel,0,3,0%,44
corporate gifts mugs,0,3,0%,44
personalised marketing gifts,0,3,0%,46
bamboo bottle manufacturer in india,0,3,0%,47
best corporate pens,0,3,0%,47
personalized bulk items,0,3,0%,47.33
personalised yoga mat,0,3,0%,47.67
custom bucket hats,0,3,0%,49.33
customised merchandise,0,3,0%,50.67
personalised branded gifts,0,3,0%,50.67
bulk promotional items,0,3,0%,51
other headwear supplier,0,3,0%,52.67
portronics company owner,0,3,0%,52.67
corporate keychains,0,3,0%,56
bulk id card printing india,0,3,0%,56.67
custom corporate gifting,0,3,0%,58
merchandise companies,0,3,0%,59
printed business gifts,0,3,0%,60.67
customized gifts bulk,0,3,0%,61
personalised company gifts,0,3,0%,68.67
2021 diary with company logo,0,3,0%,76
cotton apron hsn code and gst rate,0,2,0%,1
premium corporate branding,0,2,0%,1.5
promotional cap manufacturers in delhi,0,2,0%,3
cork coasters custom,0,2,0%,5.5
portronics is from which country,0,2,0%,5.5
cork print,0,2,0%,6
portronics packaging,0,2,0%,6
portronics pico bluetooth speaker () reviews,0,2,0%,6
noise gift wrap kya hota hai,0,2,0%,6.5
duffle bags customized,0,2,0%,7
corporate duffle bag,0,2,0%,7.5
custom logo tie,0,2,0%,7.5
duffle bags with logo,0,2,0%,7.5
protronics logo,0,2,0%,7.5
bulk lanyards,0,2,0%,8
large cork coasters,0,2,0%,8
custom travel backpack,0,2,0%,8.5
customizable cork coasters,0,2,0%,8.5
customizable wireless charger,0,2,0%,8.5
logo printed backpacks,0,2,0%,8.5
apron customized near me,0,2,0%,9
cork coasters wholesale,0,2,0%,9
customized folders with logo,0,2,0%,9
hat customization near me,0,2,0%,9
order apron with logo,0,2,0%,9
personalised charging pad,0,2,0%,9
portronics is indian brand,0,2,0%,9
apron customization,0,2,0%,9.5
branded file folders,0,2,0%,9.5
custom mugs near me,0,2,0%,9.5
custom weekender bag,0,2,0%,9.5
engraved duffle bag,0,2,0%,9.5
lanyard and id card printing,0,2,0%,9.5
wireless charging pad with logo,0,2,0%,9.5
custom backpack,0,2,0%,10
portronics is a indian brand,0,2,0%,10
promotional aprons,0,2,0%,10
%portronics logo official p logo,0,2,0%,10.5
custom embroidered duffle bags,0,2,0%,10.5
custom printed files,0,2,0%,10.5
customized gel pens,0,2,0%,10.5
duffle bag personalized,0,2,0%,10.5
portronics logo p square,0,2,0%,10.5
printed duffle bag,0,2,0%,10.5
aprons customized with logo,0,2,0%,11
custom made ties,0,2,0%,11
duffle bag manufacturers,0,2,0%,12
portronics is an indian company,0,2,0%,12
polo shirts embroidery near me,0,2,0%,12.5
custom mouse pad near me,0,2,0%,13
custom ties with logo,0,2,0%,13
printed duffle bags,0,2,0%,13
tote bag manufacturers delhi,0,2,0%,13
protonics logo,0,2,0%,13.5
sublimated duffle bags suppliers,0,2,0%,13.5
lanyard printing in delhi,0,2,0%,14
custom hats near me,0,2,0%,14.5
portronics electronics,0,2,0%,14.5
custom wireless charger manufacturer,0,2,0%,15
portronics product,0,2,0%,15.5
monkkee diary,0,2,0%,16
print logo on apron,0,2,0%,16
boat headphones logo,0,2,0%,16.5
ties with logos,0,2,0%,17
boat earphones logo,0,2,0%,18
mouse pad manufacturers near me,0,2,0%,19
personalized file folders,0,2,0%,19
custom gel pens,0,2,0%,19.5
customize apron,0,2,0%,19.5
travel tote bag manufacturers,0,2,0%,19.5
customised ties,0,2,0%,20.5
portronics meaning,0,2,0%,21
tie with logo,0,2,0%,21
custom logo backpacks,0,2,0%,21.5
custom trophies,0,2,0%,21.5
wireless charger with logo,0,2,0%,22.5
corporate merchandise store,0,2,0%,25
apron customised,0,2,0%,25.5
cork coasters,0,2,0%,26
custom baseball duffle bags,0,2,0%,26
id card less printing,0,2,0%,26
portronics wikipedia,0,2,0%,26
lanyards bulk,0,2,0%,26.5
boat myshopify,0,2,0%,27
bulk custom lanyards,0,2,0%,27
portronics country,0,2,0%,27
branded merchandise company,0,2,0%,27.5
cheap pens with logo in bulk,0,2,0%,27.5
portronics all products,0,2,0%,28.5
portronics support,0,2,0%,28.5
customized momentos,0,2,0%,29
trophies and mementos,0,2,0%,29.5
chef aprons with logo,0,2,0%,30
noise sponsorship,0,2,0%,30
porronics,0,2,0%,31
customize id card holder,0,2,0%,31.5
custom mousepad printing,0,2,0%,32
cork planters,0,2,0%,32.5
shop portronics products online,0,2,0%,33
custom business notebooks,0,2,0%,35.5
customised apron for women,0,2,0%,36.5
cork lined serving tray,0,2,0%,37
portronics headquarters,0,2,0%,37
company pens with logo,0,2,0%,38.5
print on cork,0,2,0%,38.5
wholesale custom hats,0,2,0%,38.5
customized id card holder,0,2,0%,39
embroidered tie,0,2,0%,39.5
custom printed folders,0,2,0%,40
ink pens with logo,0,2,0%,40.5
personalized giveaways for business,0,2,0%,40.5
personalised company pens,0,2,0%,41.5
corporate notebooks,0,2,0%,42
custom lanyards printing,0,2,0%,42
custom tie manufacturers,0,2,0%,42
portronics order tracking,0,2,0%,42
logo tie,0,2,0%,42.5
customize hats,0,2,0%,43.5
branded merchandise suppliers,0,2,0%,44
mouse pad printing,0,2,0%,44.5
cork tray,0,2,0%,45
pvc cards and lanyard,0,2,0%,45
welcome kits,0,2,0%,45.5
pens for business gifts,0,2,0%,46
customized corporate giveaways,0,2,0%,46.5
noise gift card,0,2,0%,46.5
customized hats,0,2,0%,47
id card tag printing,0,2,0%,47
personalized pens for businesses,0,2,0%,47
corporate promotional materials,0,2,0%,47.5
corporate promotional products,0,2,0%,47.5
personalized bulk,0,2,0%,47.5
personalized company logo gifts,0,2,0%,48
+order +custom +pens +online,0,2,0%,48.5
custom bulk gifts,0,2,0%,49
customized items corporation,0,2,0%,49
personalized company pens,0,2,0%,49
corporate promo items,0,2,0%,49.5
branded folders,0,2,0%,50
custom branded corporate gifts,0,2,0%,50.5
custom made corporate gifts,0,2,0%,51
headwear manufacturers,0,2,0%,51
promotional keychain printing,0,2,0%,51
promotional products india,0,2,0%,51
custom company gifts,0,2,0%,52
corporate gifting in noida,0,2,0%,52.5
bulk custom gifts,0,2,0%,53
custom corporate,0,2,0%,53
custom employee welcome kit,0,2,0%,53
promotional products tote bags,0,2,0%,53
custom printing promotional products,0,2,0%,53.5
global corporate merchandise,0,2,0%,53.5
portronics digital pvt ltd,0,2,0%,53.5
potronics,0,2,0%,54
promotional corporate merchandise,0,2,0%,54
customized promotional product,0,2,0%,55.5
order company merch,0,2,0%,56
lanyards printing,0,2,0%,56.5
portronics digital pvt. ltd,0,2,0%,56.5
employee merchandise store,0,2,0%,57
corporate printed gifts,0,2,0%,57.5
custom printed lanyard,0,2,0%,57.5
custom swag kits,0,2,0%,58
cotton tote bag manufacturers in india,0,2,0%,58.5
branded merch,0,2,0%,59
bulk customized gifts,0,2,0%,61
multicolour lanyard printing,0,2,0%,61
branded promotional clothing,0,2,0%,61.5
printed promotional items,0,2,0%,65
printed corporate gifts,0,2,0%,67.5
cork mat,0,2,0%,70
cork garden,0,2,0%,71.5
corporate jackets,0,2,0%,75.5
premium desk accessories manufacturer,0,2,0%,76.5
cdr file maker near me,0,1,0%,1
coaster hsn code and gst rate,0,1,0%,1
lanyard hsn code,0,1,0%,1
lanyard printing hsn code and gst rate,0,1,0%,1
magic mug printing near me,0,1,0%,1
medal gst rate,0,1,0%,1
polaroid photo print shop near me,0,1,0%,1
portronics brand country,0,1,0%,1
portronics company which country,0,1,0%,1
portronics means,0,1,0%,1
show some pictures,0,1,0%,1
sublimation photo mug,0,1,0%,1
what is portronics,0,1,0%,1
which wireless chargers are best for logo printing?,0,1,0%,1
branded computer accessories for employees,0,1,0%,2
duffle bags custom,0,1,0%,2
give me more name,0,1,0%,2
image,0,1,0%,2
numbers,0,1,0%,2
photronics stock,0,1,0%,2
portronics brand origin,0,1,0%,2
which company is this,0,1,0%,2
apron,0,1,0%,3
beste luxus-geschenkideen zu diwali,0,1,0%,3
bulk,0,1,0%,3
business,0,1,0%,3
business logo coffee mugs,0,1,0%,3
custom notebook printing india,0,1,0%,3
corporate,0,1,0%,4
corporate gift wireless charger,0,1,0%,4
lanyard gst rate,0,1,0%,4
power bank printing,0,1,0%,4
ya kya ha,0,1,0%,4
yes please,0,1,0%,4
বিস্তারিত জানা,0,1,0%,4
custom backpack with logo,0,1,0%,5
custom bags,0,1,0%,5
custom branded equipment,0,1,0%,5
custom hat maker near me,0,1,0%,5
customized backpack india,0,1,0%,5
duffle bag print,0,1,0%,5
noise india logo,0,1,0%,5
personalized wireless chargers,0,1,0%,5
portronics india,0,1,0%,5
print on mug,0,1,0%,5
branded mousepads,0,1,0%,6
custom aprons bulk,0,1,0%,6
custom business folders,0,1,0%,6
custom company ties,0,1,0%,6
custom duffel bag,0,1,0%,6
laptop wrap near me,0,1,0%,6
merchandise for companies,0,1,0%,6
portonics logo,0,1,0%,6
portronics apollo 30 () reviews,0,1,0%,6
portronics apollo one 20w bluetooth speaker () reviews,0,1,0%,6
portronics beem 200+ mini wireless led projector () reviews,0,1,0%,6
portronics beem 480 smart led projector () reviews,0,1,0%,6
portronics freedom fold foldable wireless charger () reviews,0,1,0%,6
portronics key11 combo rechargeable wireless keyboard & mouse () reviews,0,1,0%,6
portronics key2 wireless keyboard & mouse combo () reviews,0,1,0%,6
portronics key5 combo wireless keyboard & mouse () reviews,0,1,0%,6
portronics konnect recoil 100w charging cable () reviews,0,1,0%,6
portronics logo p in square,0,1,0%,6
portronics luxcell wireless mini 20k () reviews,0,1,0%,6
portronics my buddy k9 adjustable laptop stand () reviews,0,1,0%,6
portronics ruffpad 16 lite lcd writing pad () reviews,0,1,0%,6
portronics talk three wearable bluetooth speaker () reviews,0,1,0%,6
portronics toad one bluetooth mouse () reviews,0,1,0%,6
portronics uniconnect usb extension cable () reviews,0,1,0%,6
portronics vader pro wireless mouse () reviews,0,1,0%,6
portronics vayu 5.0 lite corded tyre inflator () reviews,0,1,0%,6
portronics vlogmate 3 dual wireless collar lapel microphone () reviews,0,1,0%,6
portronics voltclock wireless charger () reviews,0,1,0%,6
print on apron,0,1,0%,6
كيف,0,1,0%,6
"""momento shield"" sellers india",0,1,0%,7
business apparel near me,0,1,0%,7
company branded notebooks,0,1,0%,7
custom aprons for business,0,1,0%,7
custom hat shaping near me,0,1,0%,7
custom made duffle bags,0,1,0%,7
custom notebook india,0,1,0%,7
custom size duffle bags,0,1,0%,7
custom tote bag manufacturer,0,1,0%,7
customised coffee,0,1,0%,7
customized duffel bags,0,1,0%,7
duffle bag with name embroidered,0,1,0%,7
full color,0,1,0%,7
id card strap printing,0,1,0%,7
20 backpacks,0,1,0%,8
bulk aprons with logo,0,1,0%,8
bulk backpacks with logo,0,1,0%,8
cork boxes,0,1,0%,8
custom backpack embroidery,0,1,0%,8
custom ceramic mugs bulk,0,1,0%,8
custom foldable bag,0,1,0%,8
custom foldable bags,0,1,0%,8
custom promotional backpacks,0,1,0%,8
custom wireless chargers,0,1,0%,8
designer wireless charger,0,1,0%,8
drinkware company,0,1,0%,8
event welcome kit,0,1,0%,8
for a corporate event,0,1,0%,8
mousepad printing near me,0,1,0%,8
order aprons with logo,0,1,0%,8
personalised folders for business,0,1,0%,8
portronics p logo on products,0,1,0%,8
printing on cork,0,1,0%,8
promotional duffel bags,0,1,0%,8
tote bags bulk custom,0,1,0%,8
wireless charger corporate gift,0,1,0%,8
wireless chargers with logo,0,1,0%,8
apron with custom logo,0,1,0%,9
branded mousepad,0,1,0%,9
custom bagpack,0,1,0%,9
custom branded backpack,0,1,0%,9
custom print backpack,0,1,0%,9
embroidery cap near me,0,1,0%,9
id lanyard printing,0,1,0%,9
is portronics an indian brand,0,1,0%,9
por gifts,0,1,0%,9
portronics 'p' logo on products,0,1,0%,9
portronics desk gadgets,0,1,0%,9
portronics indian company,0,1,0%,9
portronics symbol,0,1,0%,9
power bank bulk order,0,1,0%,9
printed duffel bag,0,1,0%,9
promotional duffel bags with logo,0,1,0%,9
tie customisation,0,1,0%,9
tote bags for marketing,0,1,0%,9
tìm hình ảnh này,0,1,0%,9
wireless charger with company logo,0,1,0%,9
wireless charging pad with company logo,0,1,0%,9
%portronics logo official stylized p,0,1,0%,10
custom branded drinkware,0,1,0%,10
custom cork,0,1,0%,10
custom made duffle bag,0,1,0%,10
custom office folders,0,1,0%,10
custom winter coat,0,1,0%,10
customized apron near me,0,1,0%,10
momento and trophy difference,0,1,0%,10
portronics brand logo png,0,1,0%,10
portronics from which country,0,1,0%,10
portronics monogram p logo,0,1,0%,10
portronics official logo p,0,1,0%,10
premium acrylic trophy,0,1,0%,10
premium lanyard printing,0,1,0%,10
product name?,0,1,0%,10
promotional apron,0,1,0%,10
promotional wireless charger,0,1,0%,10
team duffle bags,0,1,0%,10
ties with logo,0,1,0%,10
apron catering,0,1,0%,11
apron for company,0,1,0%,11
backpack with company logo,0,1,0%,11
branded merchandise quick delivery,0,1,0%,11
cooperate gifting,0,1,0%,11
custom apron with logo,0,1,0%,11
custom branded wireless charger,0,1,0%,11
custom cork mat,0,1,0%,11
custom duffle bag with logo,0,1,0%,11
custom hats and apparel,0,1,0%,11
custom lanyard with id holder,0,1,0%,11
custom print backpacks,0,1,0%,11
customised apron near me,0,1,0%,11
customize winter jacket,0,1,0%,11
customized mouse pad near me,0,1,0%,11
difference between momento and trophy,0,1,0%,11
duffle bags personalized,0,1,0%,11
personalised merchandise,0,1,0%,11
personalized overnight bags,0,1,0%,11
portronics logo icon,0,1,0%,11
portronics logo p in a square,0,1,0%,11
portronics logo p symbol,0,1,0%,11
potronics logo,0,1,0%,11
printed drinkware,0,1,0%,11
where can i get custom embroidered sports team hats near me?,0,1,0%,11
acrylic momento hsn code,0,1,0%,12
apron branded,0,1,0%,12
cap manufacturer in gurgaon,0,1,0%,12
customize duffle bags,0,1,0%,12
customize tie,0,1,0%,12
customized charger,0,1,0%,12
customized file cover,0,1,0%,12
id card lace printing,0,1,0%,12
logo apron,0,1,0%,12
personalized apparel accessories,0,1,0%,12
personalized gel pens,0,1,0%,12
personalized wireless phone charger,0,1,0%,12
portronics manufacturing plant in india,0,1,0%,12
printed mugs near me,0,1,0%,12
branded merchandise solutions,0,1,0%,13
bulk business gifts,0,1,0%,13
business aprons with logo,0,1,0%,13
company backpacks with logo,0,1,0%,13
company branded ties,0,1,0%,13
custom printed tie,0,1,0%,13
customized lanyard for id card,0,1,0%,13
fuzo corporate gifts,0,1,0%,13
id card strap customized,0,1,0%,13
printed file folders,0,1,0%,13
bulk custom notebooks,0,1,0%,14
custom welcome box,0,1,0%,14
lanyard id card printing,0,1,0%,14
monogrammed sports bags,0,1,0%,14
personalized duffle bags for women,0,1,0%,14
portronics wholesale,0,1,0%,14
branded mouse pads,0,1,0%,15
boat airdopes logo,0,1,0%,16
branded keychains bulk,0,1,0%,16
corporate merchandise company,0,1,0%,16
premium trophy,0,1,0%,16
custom coasters cork,0,1,0%,17
custom computer backpacks,0,1,0%,17
employee gifting solutions,0,1,0%,17
boat earbuds logo,0,1,0%,18
corporate apparel near me,0,1,0%,18
custom brand merchandise,0,1,0%,18
promotional products near me,0,1,0%,18
custom hats with logo near me,0,1,0%,19
employee welcome kit india,0,1,0%,19
make hats near me,0,1,0%,19
momento customize,0,1,0%,19
customize file cover,0,1,0%,20
merchandise notebooks,0,1,0%,20
personalized backpacks wholesale,0,1,0%,20
portronics meaning in english,0,1,0%,20
print your own backpack,0,1,0%,20
about portronics,0,1,0%,21
custom branding products,0,1,0%,21
portronics items,0,1,0%,21
power bank bulk purchase,0,1,0%,21
protonixs,0,1,0%,21
silver id card,0,1,0%,21
backpacks with logo,0,1,0%,22
boat company products,0,1,0%,22
contact us make it yours custom tech accessories,0,1,0%,22
corporate diwali gifts for employees,0,1,0%,22
mouse pad printing near me,0,1,0%,22
corporate backpacks bulk supplier,0,1,0%,23
porteonics,0,1,0%,23
portronics company wikipedia,0,1,0%,23
boat company logo,0,1,0%,24
cork desk,0,1,0%,24
corporate merchandise solutions,0,1,0%,24
noice logo,0,1,0%,24
personalized sports bag,0,1,0%,24
portronics com,0,1,0%,24
portronics made in which country,0,1,0%,24
boat original logo,0,1,0%,25
cleaning apron with logo,0,1,0%,25
document folder printing,0,1,0%,25
potromics,0,1,0%,25
aprons with company logo,0,1,0%,26
customised momentos,0,1,0%,26
customized aprons,0,1,0%,26
monogrammed gym bag,0,1,0%,26
promotional lanyards,0,1,0%,26
apron prints,0,1,0%,27
black aprons with logo,0,1,0%,27
corporate shirt printing,0,1,0%,27
custom branded aprons,0,1,0%,27
custom branded wireless chargers,0,1,0%,27
customised folder,0,1,0%,27
customizable apron,0,1,0%,27
hats and shirts for business,0,1,0%,27
lanyards wholesale,0,1,0%,27
mouse pad with logo,0,1,0%,27
personalised wireless charging pad,0,1,0%,27
promotional coasters,0,1,0%,27
apron with print,0,1,0%,28
branding accessories,0,1,0%,28
custom printed apron,0,1,0%,28
custom printed aprons,0,1,0%,28
kee creation,0,1,0%,28
portronics warrenty claim,0,1,0%,28
apron logo,0,1,0%,29
custom lanyards with card holder,0,1,0%,29
imprinted aprons,0,1,0%,29
portronics products online,0,1,0%,29
sustainable onboarding gift ideas,0,1,0%,29
want to buy,0,1,0%,29
company lanyard,0,1,0%,30
custom duffle bags with names,0,1,0%,30
custom lanyards wholesale,0,1,0%,30
custom pens bulk,0,1,0%,30
custom recognition awards,0,1,0%,30
monogrammed hats,0,1,0%,30
name tag lanyards near me,0,1,0%,30
one off apparel,0,1,0%,30
printing on backpacks,0,1,0%,30
what is product name with por,0,1,0%,30
+bulk +order +personalized +pens,0,1,0%,31
banks power sticker,0,1,0%,31
corporate lanyards wholesale,0,1,0%,31
custom hats and t shirts,0,1,0%,31
customique,0,1,0%,32
boat product portfolio,0,1,0%,33
bulk personalized lanyards,0,1,0%,33
custom notebook premium,0,1,0%,33
customized lanyards bulk,0,1,0%,33
portronics digital,0,1,0%,33
bulk keychains personalized,0,1,0%,34
custom caps near me,0,1,0%,34
custom football duffel bags,0,1,0%,34
custom toque,0,1,0%,34
embroidered aprons,0,1,0%,34
noise company logo,0,1,0%,34
promo pens with logo,0,1,0%,34
cap manufacturers in rohini,0,1,0%,35
corkyogis,0,1,0%,35
custom bucket hats fast delivery,0,1,0%,35
custom tie down,0,1,0%,35
customized folders,0,1,0%,35
diwali 2026 gifts,0,1,0%,35
logo ties,0,1,0%,35
sublimation duffle bag suppliers,0,1,0%,35
where to order custom hats,0,1,0%,35
www.portronics.com,0,1,0%,35
branded onboarding kits wholesale,0,1,0%,36
bulk hats custom,0,1,0%,36
company logo notebooks,0,1,0%,36
cork organizer,0,1,0%,36
custom logo folders,0,1,0%,36
customised apron,0,1,0%,36
customizable hats in bulk,0,1,0%,36
portronics electric kettle,0,1,0%,36
portronics gift card,0,1,0%,36
round cork tray,0,1,0%,36
support portronics,0,1,0%,36
apron printed,0,1,0%,37
custom pen set,0,1,0%,37
lanyard and card,0,1,0%,37
personalized key chains bulk,0,1,0%,37
cork box,0,1,0%,38
portronics.com,0,1,0%,38
custom hats for restaurants,0,1,0%,39
custom printed drinkware,0,1,0%,39
customized drinkware pens bags,0,1,0%,39
id card and lanyard,0,1,0%,39
order branded items,0,1,0%,39
promotional printed lanyards,0,1,0%,39
promotional travel bags with logo,0,1,0%,39
tote bag maker,0,1,0%,39
chef apron with logo,0,1,0%,40
custom folders with logo,0,1,0%,40
customized corporate gifts india,0,1,0%,40
personalized business folders,0,1,0%,40
personalized corporate gifts india,0,1,0%,40
print ties,0,1,0%,40
ties logo,0,1,0%,40
ceramic mug logo,0,1,0%,42
company lanyards,0,1,0%,42
merchandise branding company,0,1,0%,42
promotional keychains with logo,0,1,0%,42
company branded gear,0,1,0%,43
custom giveaways,0,1,0%,43
customized yoga mat,0,1,0%,43
id card rope printing,0,1,0%,43
outdoor & travel accessories for corporate gifting,0,1,0%,43
promotional tote bags,0,1,0%,43
business lanyards,0,1,0%,44
ceramic mugs with logo,0,1,0%,44
company merchandise,0,1,0%,44
corporate folders,0,1,0%,44
corporate lanyards,0,1,0%,44
custom bulk keychains,0,1,0%,44
customised corporate gifts india,0,1,0%,44