Country,City,Keyword Count,Existing URL,Recommended Hub,Decision,Representative Keywords,Unique Value Required,Unsupported Claims Prohibited
Australia,N/A,9,NONE,/corporate-gifting,DEFER - INTERNATIONAL SERVICE VALIDATION,corporate gifting australia; custom corporate gifts australia; promotional products australia; custom t shirt printing australia; bulk t shirts australia; custom packaging australia; business card printing australia; custom stickers australia,"Verified service coverage, ordering/delivery constraints, locally relevant FAQs, real examples, and product links","Office, local manufacturing, guaranteed delivery, testimonials, or worldwide service without evidence"
Canada,N/A,9,NONE,/corporate-gifting,DEFER - INTERNATIONAL SERVICE VALIDATION,corporate gifting canada; custom corporate gifts canada; promotional products canada; custom t shirt printing canada; bulk t shirts canada; custom packaging canada; business card printing canada; custom stickers canada,"Verified service coverage, ordering/delivery constraints, locally relevant FAQs, real examples, and product links","Office, local manufacturing, guaranteed delivery, testimonials, or worldwide service without evidence"
Germany,N/A,9,NONE,/corporate-gifting,DEFER - INTERNATIONAL SERVICE VALIDATION,corporate gifting germany; custom corporate gifts germany; promotional products germany; custom t shirt printing germany; bulk t shirts germany; custom packaging germany; business card printing germany; custom stickers germany,"Verified service coverage, ordering/delivery constraints, locally relevant FAQs, real examples, and product links","Office, local manufacturing, guaranteed delivery, testimonials, or worldwide service without evidence"
India,Ahmedabad,24,NONE,/locations,RESEARCH ONLY - DO NOT PUBLISH DOORWAY PAGE,corporate gifts in ahmedabad; corporate gifting companies in ahmedabad; promotional products in ahmedabad; custom t shirts in ahmedabad; t shirt printing in ahmedabad; custom hoodies in ahmedabad; t shirt manufacturers in ahmedabad; custom mugs in ahmedabad,"Verified service coverage, ordering/delivery constraints, locally relevant FAQs, real examples, and product links","Office, local manufacturing, guaranteed delivery, testimonials, or worldwide service without evidence"
India,Bengaluru,48,NONE,/locations,RESEARCH ONLY - DO NOT PUBLISH DOORWAY PAGE,corporate gifts in bangalore; corporate gifting companies in bangalore; promotional products in bangalore; custom t shirts in bangalore; t shirt printing in bangalore; custom hoodies in bangalore; t shirt manufacturers in bangalore; custom mugs in bangalore,"Verified service coverage, ordering/delivery constraints, locally relevant FAQs, real examples, and product links","Office, local manufacturing, guaranteed delivery, testimonials, or worldwide service without evidence"
India,Chandigarh,24,NONE,/locations,RESEARCH ONLY - DO NOT PUBLISH DOORWAY PAGE,corporate gifts in chandigarh; corporate gifting companies in chandigarh; promotional products in chandigarh; custom t shirts in chandigarh; t shirt printing in chandigarh; custom hoodies in chandigarh; t shirt manufacturers in chandigarh; custom mugs in chandigarh,"Verified service coverage, ordering/delivery constraints, locally relevant FAQs, real examples, and product links","Office, local manufacturing, guaranteed delivery, testimonials, or worldwide service without evidence"
India,Chennai,24,NONE,/locations,RESEARCH ONLY - DO NOT PUBLISH DOORWAY PAGE,corporate gifts in chennai; corporate gifting companies in chennai; promotional products in chennai; custom t shirts in chennai; t shirt printing in chennai; custom hoodies in chennai; t shirt manufacturers in chennai; custom mugs in chennai,"Verified service coverage, ordering/delivery constraints, locally relevant FAQs, real examples, and product links","Office, local manufacturing, guaranteed delivery, testimonials, or worldwide service without evidence"
India,Delhi,24,/delhi/corporate-gifts,/locations,EXISTING LOCATION PAGE - MONITOR,corporate gifts in delhi; corporate gifting companies in delhi; promotional products in delhi; custom t shirts in delhi; t shirt printing in delhi; custom hoodies in delhi; t shirt manufacturers in delhi; custom mugs in delhi,"Verified service coverage, ordering/delivery constraints, locally relevant FAQs, real examples, and product links","Office, local manufacturing, guaranteed delivery, testimonials, or worldwide service without evidence"
India,Faridabad,24,/faridabad/corporate-gifts,/locations,EXISTING LOCATION PAGE - MONITOR,corporate gifts in faridabad; corporate gifting companies in faridabad; promotional products in faridabad; custom t shirts in faridabad; t shirt printing in faridabad; custom hoodies in faridabad; t shirt manufacturers in faridabad; custom mugs in faridabad,"Verified service coverage, ordering/delivery constraints, locally relevant FAQs, real examples, and product links","Office, local manufacturing, guaranteed delivery, testimonials, or worldwide service without evidence"
India,Ghaziabad,24,/ghaziabad/corporate-gifts,/locations,EXISTING LOCATION PAGE - MONITOR,corporate gifts in ghaziabad; corporate gifting companies in ghaziabad; promotional products in ghaziabad; custom t shirts in ghaziabad; t shirt printing in ghaziabad; custom hoodies in ghaziabad; t shirt manufacturers in ghaziabad; custom mugs in ghaziabad,"Verified service coverage, ordering/delivery constraints, locally relevant FAQs, real examples, and product links","Office, local manufacturing, guaranteed delivery, testimonials, or worldwide service without evidence"
India,Greater Noida,24,/greater-noida/corporate-gifts,/locations,EXISTING LOCATION PAGE - MONITOR,corporate gifts in greater noida; corporate gifting companies in greater noida; promotional products in greater noida; custom t shirts in greater noida; t shirt printing in greater noida; custom hoodies in greater noida; t shirt manufacturers in greater noida; custom mugs in greater noida,"Verified service coverage, ordering/delivery constraints, locally relevant FAQs, real examples, and product links","Office, local manufacturing, guaranteed delivery, testimonials, or worldwide service without evidence"
India,Gurugram (Gurgaon),48,/gurgaon/corporate-gifts,/locations,EXISTING LOCATION PAGE - MONITOR,corporate gifts in gurgaon; corporate gifting companies in gurgaon; promotional products in gurgaon; custom t shirts in gurgaon; t shirt printing in gurgaon; custom hoodies in gurgaon; t shirt manufacturers in gurgaon; custom mugs in gurgaon,"Verified service coverage, ordering/delivery constraints, locally relevant FAQs, real examples, and product links","Office, local manufacturing, guaranteed delivery, testimonials, or worldwide service without evidence"
India,Hyderabad,24,NONE,/locations,RESEARCH ONLY - DO NOT PUBLISH DOORWAY PAGE,corporate gifts in hyderabad; corporate gifting companies in hyderabad; promotional products in hyderabad; custom t shirts in hyderabad; t shirt printing in hyderabad; custom hoodies in hyderabad; t shirt manufacturers in hyderabad; custom mugs in hyderabad,"Verified service coverage, ordering/delivery constraints, locally relevant FAQs, real examples, and product links","Office, local manufacturing, guaranteed delivery, testimonials, or worldwide service without evidence"
India,Indore,24,NONE,/locations,RESEARCH ONLY - DO NOT PUBLISH DOORWAY PAGE,corporate gifts in indore; corporate gifting companies in indore; promotional products in indore; custom t shirts in indore; t shirt printing in indore; custom hoodies in indore; t shirt manufacturers in indore; custom mugs in indore,"Verified service coverage, ordering/delivery constraints, locally relevant FAQs, real examples, and product links","Office, local manufacturing, guaranteed delivery, testimonials, or worldwide service without evidence"
India,Jaipur,24,NONE,/locations,RESEARCH ONLY - DO NOT PUBLISH DOORWAY PAGE,corporate gifts in jaipur; corporate gifting companies in jaipur; promotional products in jaipur; custom t shirts in jaipur; t shirt printing in jaipur; custom hoodies in jaipur; t shirt manufacturers in jaipur; custom mugs in jaipur,"Verified service coverage, ordering/delivery constraints, locally relevant FAQs, real examples, and product links","Office, local manufacturing, guaranteed delivery, testimonials, or worldwide service without evidence"
India,Kanpur,24,NONE,/locations,RESEARCH ONLY - DO NOT PUBLISH DOORWAY PAGE,corporate gifts in kanpur; corporate gifting companies in kanpur; promotional products in kanpur; custom t shirts in kanpur; t shirt printing in kanpur; custom hoodies in kanpur; t shirt manufacturers in kanpur; custom mugs in kanpur,"Verified service coverage, ordering/delivery constraints, locally relevant FAQs, real examples, and product links","Office, local manufacturing, guaranteed delivery, testimonials, or worldwide service without evidence"
India,Kochi,24,NONE,/locations,RESEARCH ONLY - DO NOT PUBLISH DOORWAY PAGE,corporate gifts in kochi; corporate gifting companies in kochi; promotional products in kochi; custom t shirts in kochi; t shirt printing in kochi; custom hoodies in kochi; t shirt manufacturers in kochi; custom mugs in kochi,"Verified service coverage, ordering/delivery constraints, locally relevant FAQs, real examples, and product links","Office, local manufacturing, guaranteed delivery, testimonials, or worldwide service without evidence"
India,Kolkata,24,NONE,/locations,RESEARCH ONLY - DO NOT PUBLISH DOORWAY PAGE,corporate gifts in kolkata; corporate gifting companies in kolkata; promotional products in kolkata; custom t shirts in kolkata; t shirt printing in kolkata; custom hoodies in kolkata; t shirt manufacturers in kolkata; custom mugs in kolkata,"Verified service coverage, ordering/delivery constraints, locally relevant FAQs, real examples, and product links","Office, local manufacturing, guaranteed delivery, testimonials, or worldwide service without evidence"
India,Lucknow,24,NONE,/locations,RESEARCH ONLY - DO NOT PUBLISH DOORWAY PAGE,corporate gifts in lucknow; corporate gifting companies in lucknow; promotional products in lucknow; custom t shirts in lucknow; t shirt printing in lucknow; custom hoodies in lucknow; t shirt manufacturers in lucknow; custom mugs in lucknow,"Verified service coverage, ordering/delivery constraints, locally relevant FAQs, real examples, and product links","Office, local manufacturing, guaranteed delivery, testimonials, or worldwide service without evidence"
India,Mumbai,24,NONE,/locations,RESEARCH ONLY - DO NOT PUBLISH DOORWAY PAGE,corporate gifts in mumbai; corporate gifting companies in mumbai; promotional products in mumbai; custom t shirts in mumbai; t shirt printing in mumbai; custom hoodies in mumbai; t shirt manufacturers in mumbai; custom mugs in mumbai,"Verified service coverage, ordering/delivery constraints, locally relevant FAQs, real examples, and product links","Office, local manufacturing, guaranteed delivery, testimonials, or worldwide service without evidence"
India,New Delhi,24,/delhi/corporate-gifts,/locations,EXISTING LOCATION PAGE - MONITOR,corporate gifts in new delhi; corporate gifting companies in new delhi; promotional products in new delhi; custom t shirts in new delhi; t shirt printing in new delhi; custom hoodies in new delhi; t shirt manufacturers in new delhi; custom mugs in new delhi,"Verified service coverage, ordering/delivery constraints, locally relevant FAQs, real examples, and product links","Office, local manufacturing, guaranteed delivery, testimonials, or worldwide service without evidence"
India,Noida,24,/noida/corporate-gifts,/locations,EXISTING LOCATION PAGE - MONITOR,corporate gifts in noida; corporate gifting companies in noida; promotional products in noida; custom t shirts in noida; t shirt printing in noida; custom hoodies in noida; t shirt manufacturers in noida; custom mugs in noida,"Verified service coverage, ordering/delivery constraints, locally relevant FAQs, real examples, and product links","Office, local manufacturing, guaranteed delivery, testimonials, or worldwide service without evidence"
India,Pune,24,NONE,/locations,RESEARCH ONLY - DO NOT PUBLISH DOORWAY PAGE,corporate gifts in pune; corporate gifting companies in pune; promotional products in pune; custom t shirts in pune; t shirt printing in pune; custom hoodies in pune; t shirt manufacturers in pune; custom mugs in pune,"Verified service coverage, ordering/delivery constraints, locally relevant FAQs, real examples, and product links","Office, local manufacturing, guaranteed delivery, testimonials, or worldwide service without evidence"
India,Surat,24,NONE,/locations,RESEARCH ONLY - DO NOT PUBLISH DOORWAY PAGE,corporate gifts in surat; corporate gifting companies in surat; promotional products in surat; custom t shirts in surat; t shirt printing in surat; custom hoodies in surat; t shirt manufacturers in surat; custom mugs in surat,"Verified service coverage, ordering/delivery constraints, locally relevant FAQs, real examples, and product links","Office, local manufacturing, guaranteed delivery, testimonials, or worldwide service without evidence"
Qatar,N/A,9,NONE,/corporate-gifting,DEFER - INTERNATIONAL SERVICE VALIDATION,corporate gifting qatar; custom corporate gifts qatar; promotional products qatar; custom t shirt printing qatar; bulk t shirts qatar; custom packaging qatar; business card printing qatar; custom stickers qatar,"Verified service coverage, ordering/delivery constraints, locally relevant FAQs, real examples, and product links","Office, local manufacturing, guaranteed delivery, testimonials, or worldwide service without evidence"
Saudi Arabia,N/A,9,NONE,/corporate-gifting,DEFER - INTERNATIONAL SERVICE VALIDATION,corporate gifting saudi arabia; custom corporate gifts saudi arabia; promotional products saudi arabia; custom t shirt printing saudi arabia; bulk t shirts saudi arabia; custom packaging saudi arabia; business card printing saudi arabia; custom stickers saudi arabia,"Verified service coverage, ordering/delivery constraints, locally relevant FAQs, real examples, and product links","Office, local manufacturing, guaranteed delivery, testimonials, or worldwide service without evidence"
Singapore,N/A,9,NONE,/corporate-gifting,DEFER - INTERNATIONAL SERVICE VALIDATION,corporate gifting singapore; custom corporate gifts singapore; promotional products singapore; custom t shirt printing singapore; bulk t shirts singapore; custom packaging singapore; business card printing singapore; custom stickers singapore,"Verified service coverage, ordering/delivery constraints, locally relevant FAQs, real examples, and product links","Office, local manufacturing, guaranteed delivery, testimonials, or worldwide service without evidence"
United Arab Emirates,Dubai,9,NONE,/corporate-gifting,DEFER - INTERNATIONAL SERVICE VALIDATION,corporate gifting dubai; custom corporate gifts dubai; promotional products dubai; custom t shirt printing dubai; bulk t shirts dubai; custom packaging dubai; business card printing dubai; custom stickers dubai,"Verified service coverage, ordering/delivery constraints, locally relevant FAQs, real examples, and product links","Office, local manufacturing, guaranteed delivery, testimonials, or worldwide service without evidence"
United Arab Emirates,N/A,9,NONE,/corporate-gifting,DEFER - INTERNATIONAL SERVICE VALIDATION,corporate gifting uae; custom corporate gifts uae; promotional products uae; custom t shirt printing uae; bulk t shirts uae; custom packaging uae; business card printing uae; custom stickers uae,"Verified service coverage, ordering/delivery constraints, locally relevant FAQs, real examples, and product links","Office, local manufacturing, guaranteed delivery, testimonials, or worldwide service without evidence"
United Kingdom,N/A,18,NONE,/corporate-gifting,DEFER - INTERNATIONAL SERVICE VALIDATION,corporate gifting uk; custom corporate gifts uk; promotional products uk; custom t shirt printing uk; bulk t shirts uk; custom packaging uk; business card printing uk; custom stickers uk,"Verified service coverage, ordering/delivery constraints, locally relevant FAQs, real examples, and product links","Office, local manufacturing, guaranteed delivery, testimonials, or worldwide service without evidence"
United States,N/A,18,NONE,/corporate-gifting,DEFER - INTERNATIONAL SERVICE VALIDATION,corporate gifting usa; custom corporate gifts usa; promotional products usa; custom t shirt printing usa; bulk t shirts usa; custom packaging usa; business card printing usa; custom stickers usa,"Verified service coverage, ordering/delivery constraints, locally relevant FAQs, real examples, and product links","Office, local manufacturing, guaranteed delivery, testimonials, or worldwide service without evidence"
