Original Keyword,Normalized Keyword,Previous URL,Mapped URL,Keyword Disposition,Disposition Reason
custom t shirts,custom t shirt,/apparel-and-accessories/round-neck-t-shirts,/t-shirts,MERGED INTO EXISTING CLUSTER,"A close spelling, modifier, audience or location variant shares the canonical intent of the recommended page."
customized t shirts,custom t shirt,/apparel-and-accessories/round-neck-t-shirts,/t-shirts,MERGED INTO EXISTING CLUSTER,"A close spelling, modifier, audience or location variant shares the canonical intent of the recommended page."
personalized t shirts,custom t shirt,/apparel-and-accessories/round-neck-t-shirts,/t-shirts/personalized-t-shirts,MERGED INTO EXISTING CLUSTER,"A close spelling, modifier, audience or location variant shares the canonical intent of the recommended page."
promotional t shirts,promotional t shirt,/apparel-and-accessories/round-neck-t-shirts,/t-shirts/promotional-t-shirts,MERGED INTO EXISTING CLUSTER,"A close spelling, modifier, audience or location variant shares the canonical intent of the recommended page."
corporate t shirts,corporate t shirt,/apparel-and-accessories/round-neck-t-shirts,/t-shirts/corporate-t-shirts,MERGED INTO EXISTING CLUSTER,"A close spelling, modifier, audience or location variant shares the canonical intent of the recommended page."
corporate logo t shirts,corporate logo t shirt,/apparel-and-accessories/round-neck-t-shirts,/t-shirts/corporate-t-shirts,MERGED INTO EXISTING CLUSTER,"A close spelling, modifier, audience or location variant shares the canonical intent of the recommended page."
logo t shirts,logo t shirt,/apparel-and-accessories/round-neck-t-shirts,/t-shirts/logo-printed-t-shirts,MERGED INTO EXISTING CLUSTER,"A close spelling, modifier, audience or location variant shares the canonical intent of the recommended page."
branded t shirts,branded t shirt,/apparel-and-accessories/round-neck-t-shirts,/t-shirts,MERGED INTO EXISTING CLUSTER,"A close spelling, modifier, audience or location variant shares the canonical intent of the recommended page."
digital printed t shirts,digital printed t shirt,/apparel-and-accessories/round-neck-t-shirts,/t-shirts/logo-printed-t-shirts,MERGED INTO EXISTING CLUSTER,"A close spelling, modifier, audience or location variant shares the canonical intent of the recommended page."
t shirt printing,t shirt printing,/apparel-and-accessories/round-neck-t-shirts,/t-shirts/logo-printed-t-shirts,MERGED INTO EXISTING CLUSTER,"A close spelling, modifier, audience or location variant shares the canonical intent of the recommended page."
custom tshirts,custom t shirt,/apparel-and-accessories/round-neck-t-shirts,/t-shirts,MERGED INTO EXISTING CLUSTER,"A close spelling, modifier, audience or location variant shares the canonical intent of the recommended page."
custom t shirts india,custom t shirt india,/apparel-and-accessories/round-neck-t-shirts,/t-shirts,MERGED INTO EXISTING CLUSTER,"A close spelling, modifier, audience or location variant shares the canonical intent of the recommended page."
custom t shirts near me,custom t shirt near me,/apparel-and-accessories/round-neck-t-shirts,/t-shirts,MERGED INTO EXISTING CLUSTER,"A close spelling, modifier, audience or location variant shares the canonical intent of the recommended page."
custom t shirts online,custom t shirt online,/apparel-and-accessories/round-neck-t-shirts,/t-shirts,MERGED INTO EXISTING CLUSTER,"A close spelling, modifier, audience or location variant shares the canonical intent of the recommended page."
custom t shirts wholesale,custom t shirt wholesale,/apparel-and-accessories/round-neck-t-shirts,/t-shirts,MERGED INTO EXISTING CLUSTER,Mapped to the relevant product/category intent; 'wholesale' is not adopted as a Printkee business claim without evidence.
custom t shirts bulk order,custom t shirt bulk order,/apparel-and-accessories/round-neck-t-shirts,/t-shirts/bulk-t-shirt-printing,MERGED INTO EXISTING CLUSTER,"A close spelling, modifier, audience or location variant shares the canonical intent of the recommended page."
custom t shirts supplier,custom t shirt supplier,/apparel-and-accessories/round-neck-t-shirts,/t-shirts,MERGED INTO EXISTING CLUSTER,"A close spelling, modifier, audience or location variant shares the canonical intent of the recommended page."
custom t shirts manufacturer,custom t shirt manufacturer,/apparel-and-accessories/round-neck-t-shirts,/t-shirts,MERGED INTO EXISTING CLUSTER,Mapped to the relevant product/category intent; 'manufacturer' is not adopted as a Printkee business claim without evidence.
custom t shirts price,custom t shirt price,/apparel-and-accessories/round-neck-t-shirts,/t-shirts,MERGED INTO EXISTING CLUSTER,"A close spelling, modifier, audience or location variant shares the canonical intent of the recommended page."
custom t shirts with logo,custom t shirt with logo,/apparel-and-accessories/round-neck-t-shirts,/t-shirts/logo-printed-t-shirts,ASSIGNED TO EXISTING URL,The existing canonical page is the strongest supported owner for this search intent.
customized t shirts india,custom t shirt india,/apparel-and-accessories/round-neck-t-shirts,/t-shirts,MERGED INTO EXISTING CLUSTER,"A close spelling, modifier, audience or location variant shares the canonical intent of the recommended page."
customized t shirts near me,custom t shirt near me,/apparel-and-accessories/round-neck-t-shirts,/t-shirts,MERGED INTO EXISTING CLUSTER,"A close spelling, modifier, audience or location variant shares the canonical intent of the recommended page."
customized t shirts online,custom t shirt online,/apparel-and-accessories/round-neck-t-shirts,/t-shirts,MERGED INTO EXISTING CLUSTER,"A close spelling, modifier, audience or location variant shares the canonical intent of the recommended page."
customized t shirts wholesale,custom t shirt wholesale,/apparel-and-accessories/round-neck-t-shirts,/t-shirts,MERGED INTO EXISTING CLUSTER,Mapped to the relevant product/category intent; 'wholesale' is not adopted as a Printkee business claim without evidence.
customized t shirts bulk order,custom t shirt bulk order,/apparel-and-accessories/round-neck-t-shirts,/t-shirts/bulk-t-shirt-printing,MERGED INTO EXISTING CLUSTER,"A close spelling, modifier, audience or location variant shares the canonical intent of the recommended page."
customized t shirts supplier,custom t shirt supplier,/apparel-and-accessories/round-neck-t-shirts,/t-shirts,MERGED INTO EXISTING CLUSTER,"A close spelling, modifier, audience or location variant shares the canonical intent of the recommended page."
customized t shirts manufacturer,custom t shirt manufacturer,/apparel-and-accessories/round-neck-t-shirts,/t-shirts,MERGED INTO EXISTING CLUSTER,Mapped to the relevant product/category intent; 'manufacturer' is not adopted as a Printkee business claim without evidence.
customized t shirts price,custom t shirt price,/apparel-and-accessories/round-neck-t-shirts,/t-shirts,MERGED INTO EXISTING CLUSTER,"A close spelling, modifier, audience or location variant shares the canonical intent of the recommended page."
customized t shirts with logo,custom t shirt with logo,/apparel-and-accessories/round-neck-t-shirts,/t-shirts/logo-printed-t-shirts,ASSIGNED TO EXISTING URL,The existing canonical page is the strongest supported owner for this search intent.
personalized t shirts india,custom t shirt india,/apparel-and-accessories/round-neck-t-shirts,/t-shirts/personalized-t-shirts,MERGED INTO EXISTING CLUSTER,"A close spelling, modifier, audience or location variant shares the canonical intent of the recommended page."
personalized t shirts near me,custom t shirt near me,/apparel-and-accessories/round-neck-t-shirts,/t-shirts/personalized-t-shirts,MERGED INTO EXISTING CLUSTER,"A close spelling, modifier, audience or location variant shares the canonical intent of the recommended page."
personalized t shirts online,custom t shirt online,/apparel-and-accessories/round-neck-t-shirts,/t-shirts/personalized-t-shirts,MERGED INTO EXISTING CLUSTER,"A close spelling, modifier, audience or location variant shares the canonical intent of the recommended page."
personalized t shirts wholesale,custom t shirt wholesale,/apparel-and-accessories/round-neck-t-shirts,/t-shirts/personalized-t-shirts,MERGED INTO EXISTING CLUSTER,Mapped to the relevant product/category intent; 'wholesale' is not adopted as a Printkee business claim without evidence.
personalized t shirts bulk order,custom t shirt bulk order,/apparel-and-accessories/round-neck-t-shirts,/t-shirts/personalized-t-shirts,MERGED INTO EXISTING CLUSTER,"A close spelling, modifier, audience or location variant shares the canonical intent of the recommended page."
personalized t shirts supplier,custom t shirt supplier,/apparel-and-accessories/round-neck-t-shirts,/t-shirts/personalized-t-shirts,MERGED INTO EXISTING CLUSTER,"A close spelling, modifier, audience or location variant shares the canonical intent of the recommended page."
personalized t shirts manufacturer,custom t shirt manufacturer,/apparel-and-accessories/round-neck-t-shirts,/t-shirts/personalized-t-shirts,MERGED INTO EXISTING CLUSTER,Mapped to the relevant product/category intent; 'manufacturer' is not adopted as a Printkee business claim without evidence.
personalized t shirts price,custom t shirt price,/apparel-and-accessories/round-neck-t-shirts,/t-shirts/personalized-t-shirts,MERGED INTO EXISTING CLUSTER,"A close spelling, modifier, audience or location variant shares the canonical intent of the recommended page."
personalized t shirts with logo,custom t shirt with logo,/apparel-and-accessories/round-neck-t-shirts,/t-shirts/personalized-t-shirts,ASSIGNED TO EXISTING URL,The existing canonical page is the strongest supported owner for this search intent.
promotional t shirts india,promotional t shirt india,/apparel-and-accessories/round-neck-t-shirts,/t-shirts/promotional-t-shirts,MERGED INTO EXISTING CLUSTER,"A close spelling, modifier, audience or location variant shares the canonical intent of the recommended page."
promotional t shirts near me,promotional t shirt near me,/apparel-and-accessories/round-neck-t-shirts,/t-shirts/promotional-t-shirts,MERGED INTO EXISTING CLUSTER,"A close spelling, modifier, audience or location variant shares the canonical intent of the recommended page."
promotional t shirts online,promotional t shirt online,/apparel-and-accessories/round-neck-t-shirts,/t-shirts/promotional-t-shirts,MERGED INTO EXISTING CLUSTER,"A close spelling, modifier, audience or location variant shares the canonical intent of the recommended page."
promotional t shirts wholesale,promotional t shirt wholesale,/apparel-and-accessories/round-neck-t-shirts,/t-shirts/promotional-t-shirts,MERGED INTO EXISTING CLUSTER,Mapped to the relevant product/category intent; 'wholesale' is not adopted as a Printkee business claim without evidence.
promotional t shirts bulk order,promotional t shirt bulk order,/apparel-and-accessories/round-neck-t-shirts,/t-shirts/promotional-t-shirts,MERGED INTO EXISTING CLUSTER,"A close spelling, modifier, audience or location variant shares the canonical intent of the recommended page."
promotional t shirts supplier,promotional t shirt supplier,/apparel-and-accessories/round-neck-t-shirts,/t-shirts/promotional-t-shirts,MERGED INTO EXISTING CLUSTER,"A close spelling, modifier, audience or location variant shares the canonical intent of the recommended page."
promotional t shirts manufacturer,promotional t shirt manufacturer,/apparel-and-accessories/round-neck-t-shirts,/t-shirts/promotional-t-shirts,MERGED INTO EXISTING CLUSTER,Mapped to the relevant product/category intent; 'manufacturer' is not adopted as a Printkee business claim without evidence.
promotional t shirts price,promotional t shirt price,/apparel-and-accessories/round-neck-t-shirts,/t-shirts/promotional-t-shirts,MERGED INTO EXISTING CLUSTER,"A close spelling, modifier, audience or location variant shares the canonical intent of the recommended page."
promotional t shirts with logo,promotional t shirt with logo,/apparel-and-accessories/round-neck-t-shirts,/t-shirts/promotional-t-shirts,MERGED INTO EXISTING CLUSTER,"A close spelling, modifier, audience or location variant shares the canonical intent of the recommended page."
corporate t shirts india,corporate t shirt india,/apparel-and-accessories/round-neck-t-shirts,/t-shirts/corporate-t-shirts,MERGED INTO EXISTING CLUSTER,"A close spelling, modifier, audience or location variant shares the canonical intent of the recommended page."
corporate t shirts near me,corporate t shirt near me,/apparel-and-accessories/round-neck-t-shirts,/t-shirts/corporate-t-shirts,MERGED INTO EXISTING CLUSTER,"A close spelling, modifier, audience or location variant shares the canonical intent of the recommended page."
corporate t shirts online,corporate t shirt online,/apparel-and-accessories/round-neck-t-shirts,/t-shirts/corporate-t-shirts,MERGED INTO EXISTING CLUSTER,"A close spelling, modifier, audience or location variant shares the canonical intent of the recommended page."
corporate t shirts wholesale,corporate t shirt wholesale,/apparel-and-accessories/round-neck-t-shirts,/t-shirts/corporate-t-shirts,MERGED INTO EXISTING CLUSTER,Mapped to the relevant product/category intent; 'wholesale' is not adopted as a Printkee business claim without evidence.
corporate t shirts bulk order,corporate t shirt bulk order,/apparel-and-accessories/round-neck-t-shirts,/t-shirts/corporate-t-shirts,MERGED INTO EXISTING CLUSTER,"A close spelling, modifier, audience or location variant shares the canonical intent of the recommended page."
corporate t shirts supplier,corporate t shirt supplier,/apparel-and-accessories/round-neck-t-shirts,/t-shirts/corporate-t-shirts,MERGED INTO EXISTING CLUSTER,"A close spelling, modifier, audience or location variant shares the canonical intent of the recommended page."
corporate t shirts manufacturer,corporate t shirt manufacturer,/apparel-and-accessories/round-neck-t-shirts,/t-shirts/corporate-t-shirts,MERGED INTO EXISTING CLUSTER,Mapped to the relevant product/category intent; 'manufacturer' is not adopted as a Printkee business claim without evidence.
corporate t shirts price,corporate t shirt price,/apparel-and-accessories/round-neck-t-shirts,/t-shirts/corporate-t-shirts,MERGED INTO EXISTING CLUSTER,"A close spelling, modifier, audience or location variant shares the canonical intent of the recommended page."
corporate t shirts with logo,corporate t shirt with logo,/apparel-and-accessories/round-neck-t-shirts,/t-shirts/corporate-t-shirts,MERGED INTO EXISTING CLUSTER,"A close spelling, modifier, audience or location variant shares the canonical intent of the recommended page."
corporate logo t shirts india,corporate logo t shirt india,/apparel-and-accessories/round-neck-t-shirts,/t-shirts/corporate-t-shirts,MERGED INTO EXISTING CLUSTER,"A close spelling, modifier, audience or location variant shares the canonical intent of the recommended page."
corporate logo t shirts near me,corporate logo t shirt near me,/apparel-and-accessories/round-neck-t-shirts,/t-shirts/corporate-t-shirts,MERGED INTO EXISTING CLUSTER,"A close spelling, modifier, audience or location variant shares the canonical intent of the recommended page."
corporate logo t shirts online,corporate logo t shirt online,/apparel-and-accessories/round-neck-t-shirts,/t-shirts/corporate-t-shirts,MERGED INTO EXISTING CLUSTER,"A close spelling, modifier, audience or location variant shares the canonical intent of the recommended page."
corporate logo t shirts wholesale,corporate logo t shirt wholesale,/apparel-and-accessories/round-neck-t-shirts,/t-shirts/corporate-t-shirts,MERGED INTO EXISTING CLUSTER,Mapped to the relevant product/category intent; 'wholesale' is not adopted as a Printkee business claim without evidence.
corporate logo t shirts bulk order,corporate logo t shirt bulk order,/apparel-and-accessories/round-neck-t-shirts,/t-shirts/corporate-t-shirts,MERGED INTO EXISTING CLUSTER,"A close spelling, modifier, audience or location variant shares the canonical intent of the recommended page."
corporate logo t shirts supplier,corporate logo t shirt supplier,/apparel-and-accessories/round-neck-t-shirts,/t-shirts/corporate-t-shirts,MERGED INTO EXISTING CLUSTER,"A close spelling, modifier, audience or location variant shares the canonical intent of the recommended page."
corporate logo t shirts manufacturer,corporate logo t shirt manufacturer,/apparel-and-accessories/round-neck-t-shirts,/t-shirts/corporate-t-shirts,MERGED INTO EXISTING CLUSTER,Mapped to the relevant product/category intent; 'manufacturer' is not adopted as a Printkee business claim without evidence.
corporate logo t shirts price,corporate logo t shirt price,/apparel-and-accessories/round-neck-t-shirts,/t-shirts/corporate-t-shirts,MERGED INTO EXISTING CLUSTER,"A close spelling, modifier, audience or location variant shares the canonical intent of the recommended page."
corporate logo t shirts with logo,corporate logo t shirt with logo,/apparel-and-accessories/round-neck-t-shirts,/t-shirts/corporate-t-shirts,MERGED INTO EXISTING CLUSTER,"A close spelling, modifier, audience or location variant shares the canonical intent of the recommended page."
logo t shirts india,logo t shirt india,/apparel-and-accessories/round-neck-t-shirts,/t-shirts/logo-printed-t-shirts,MERGED INTO EXISTING CLUSTER,"A close spelling, modifier, audience or location variant shares the canonical intent of the recommended page."
logo t shirts near me,logo t shirt near me,/apparel-and-accessories/round-neck-t-shirts,/t-shirts/logo-printed-t-shirts,MERGED INTO EXISTING CLUSTER,"A close spelling, modifier, audience or location variant shares the canonical intent of the recommended page."
logo t shirts online,logo t shirt online,/apparel-and-accessories/round-neck-t-shirts,/t-shirts/logo-printed-t-shirts,MERGED INTO EXISTING CLUSTER,"A close spelling, modifier, audience or location variant shares the canonical intent of the recommended page."
logo t shirts wholesale,logo t shirt wholesale,/apparel-and-accessories/round-neck-t-shirts,/t-shirts/logo-printed-t-shirts,MERGED INTO EXISTING CLUSTER,Mapped to the relevant product/category intent; 'wholesale' is not adopted as a Printkee business claim without evidence.
logo t shirts bulk order,logo t shirt bulk order,/apparel-and-accessories/round-neck-t-shirts,/t-shirts/bulk-t-shirt-printing,MERGED INTO EXISTING CLUSTER,"A close spelling, modifier, audience or location variant shares the canonical intent of the recommended page."
logo t shirts supplier,logo t shirt supplier,/apparel-and-accessories/round-neck-t-shirts,/t-shirts/logo-printed-t-shirts,MERGED INTO EXISTING CLUSTER,"A close spelling, modifier, audience or location variant shares the canonical intent of the recommended page."
logo t shirts manufacturer,logo t shirt manufacturer,/apparel-and-accessories/round-neck-t-shirts,/t-shirts/logo-printed-t-shirts,MERGED INTO EXISTING CLUSTER,Mapped to the relevant product/category intent; 'manufacturer' is not adopted as a Printkee business claim without evidence.
logo t shirts price,logo t shirt price,/apparel-and-accessories/round-neck-t-shirts,/t-shirts/logo-printed-t-shirts,MERGED INTO EXISTING CLUSTER,"A close spelling, modifier, audience or location variant shares the canonical intent of the recommended page."
logo t shirts with logo,logo t shirt with logo,/apparel-and-accessories/round-neck-t-shirts,/t-shirts/logo-printed-t-shirts,MERGED INTO EXISTING CLUSTER,"A close spelling, modifier, audience or location variant shares the canonical intent of the recommended page."
branded t shirts india,branded t shirt india,/apparel-and-accessories/round-neck-t-shirts,/t-shirts,MERGED INTO EXISTING CLUSTER,"A close spelling, modifier, audience or location variant shares the canonical intent of the recommended page."
branded t shirts near me,branded t shirt near me,/apparel-and-accessories/round-neck-t-shirts,/t-shirts,MERGED INTO EXISTING CLUSTER,"A close spelling, modifier, audience or location variant shares the canonical intent of the recommended page."
branded t shirts online,branded t shirt online,/apparel-and-accessories/round-neck-t-shirts,/t-shirts,MERGED INTO EXISTING CLUSTER,"A close spelling, modifier, audience or location variant shares the canonical intent of the recommended page."
branded t shirts wholesale,branded t shirt wholesale,/apparel-and-accessories/round-neck-t-shirts,/t-shirts,MERGED INTO EXISTING CLUSTER,Mapped to the relevant product/category intent; 'wholesale' is not adopted as a Printkee business claim without evidence.
branded t shirts bulk order,branded t shirt bulk order,/apparel-and-accessories/round-neck-t-shirts,/t-shirts/bulk-t-shirt-printing,MERGED INTO EXISTING CLUSTER,"A close spelling, modifier, audience or location variant shares the canonical intent of the recommended page."
branded t shirts supplier,branded t shirt supplier,/apparel-and-accessories/round-neck-t-shirts,/t-shirts,MERGED INTO EXISTING CLUSTER,"A close spelling, modifier, audience or location variant shares the canonical intent of the recommended page."
branded t shirts manufacturer,branded t shirt manufacturer,/apparel-and-accessories/round-neck-t-shirts,/t-shirts,MERGED INTO EXISTING CLUSTER,Mapped to the relevant product/category intent; 'manufacturer' is not adopted as a Printkee business claim without evidence.
branded t shirts price,branded t shirt price,/apparel-and-accessories/round-neck-t-shirts,/t-shirts,MERGED INTO EXISTING CLUSTER,"A close spelling, modifier, audience or location variant shares the canonical intent of the recommended page."
branded t shirts with logo,branded t shirt with logo,/apparel-and-accessories/round-neck-t-shirts,/t-shirts/logo-printed-t-shirts,MERGED INTO EXISTING CLUSTER,"A close spelling, modifier, audience or location variant shares the canonical intent of the recommended page."
oversized t shirts online,oversized t shirt online,/apparel-and-accessories/round-neck-t-shirts,/t-shirts,MERGED INTO EXISTING CLUSTER,"A close spelling, modifier, audience or location variant shares the canonical intent of the recommended page."
oversized t shirts bulk order,oversized t shirt bulk order,/apparel-and-accessories/round-neck-t-shirts,/t-shirts/bulk-t-shirt-printing,MERGED INTO EXISTING CLUSTER,"A close spelling, modifier, audience or location variant shares the canonical intent of the recommended page."
oversized t shirts with logo,oversized t shirt with logo,/apparel-and-accessories/round-neck-t-shirts,/t-shirts/logo-printed-t-shirts,MERGED INTO EXISTING CLUSTER,"A close spelling, modifier, audience or location variant shares the canonical intent of the recommended page."
dry fit t shirts online,dry fit t shirt online,/apparel-and-accessories/round-neck-t-shirts,/t-shirts,MERGED INTO EXISTING CLUSTER,"A close spelling, modifier, audience or location variant shares the canonical intent of the recommended page."
dry fit t shirts bulk order,dry fit t shirt bulk order,/apparel-and-accessories/round-neck-t-shirts,/t-shirts/bulk-t-shirt-printing,MERGED INTO EXISTING CLUSTER,"A close spelling, modifier, audience or location variant shares the canonical intent of the recommended page."
dry fit t shirts with logo,dry fit t shirt with logo,/apparel-and-accessories/round-neck-t-shirts,/t-shirts/logo-printed-t-shirts,MERGED INTO EXISTING CLUSTER,"A close spelling, modifier, audience or location variant shares the canonical intent of the recommended page."
round neck t shirts online,round neck t shirt online,/apparel-and-accessories/round-neck-t-shirts,/t-shirts,MERGED INTO EXISTING CLUSTER,"A close spelling, modifier, audience or location variant shares the canonical intent of the recommended page."
round neck t shirts bulk order,round neck t shirt bulk order,/apparel-and-accessories/round-neck-t-shirts,/t-shirts/bulk-t-shirt-printing,MERGED INTO EXISTING CLUSTER,"A close spelling, modifier, audience or location variant shares the canonical intent of the recommended page."
round neck t shirts with logo,round neck t shirt with logo,/apparel-and-accessories/round-neck-t-shirts,/t-shirts/logo-printed-t-shirts,MERGED INTO EXISTING CLUSTER,"A close spelling, modifier, audience or location variant shares the canonical intent of the recommended page."
full sleeve t shirts online,full sleeve t shirt online,/apparel-and-accessories/round-neck-t-shirts,/t-shirts,MERGED INTO EXISTING CLUSTER,"A close spelling, modifier, audience or location variant shares the canonical intent of the recommended page."
full sleeve t shirts bulk order,full sleeve t shirt bulk order,/apparel-and-accessories/round-neck-t-shirts,/t-shirts/bulk-t-shirt-printing,MERGED INTO EXISTING CLUSTER,"A close spelling, modifier, audience or location variant shares the canonical intent of the recommended page."
full sleeve t shirts with logo,full sleeve t shirt with logo,/apparel-and-accessories/round-neck-t-shirts,/t-shirts/logo-printed-t-shirts,MERGED INTO EXISTING CLUSTER,"A close spelling, modifier, audience or location variant shares the canonical intent of the recommended page."
half sleeve t shirts online,half sleeve t shirt online,/apparel-and-accessories/round-neck-t-shirts,/t-shirts,MERGED INTO EXISTING CLUSTER,"A close spelling, modifier, audience or location variant shares the canonical intent of the recommended page."
half sleeve t shirts bulk order,half sleeve t shirt bulk order,/apparel-and-accessories/round-neck-t-shirts,/t-shirts/bulk-t-shirt-printing,MERGED INTO EXISTING CLUSTER,"A close spelling, modifier, audience or location variant shares the canonical intent of the recommended page."
half sleeve t shirts with logo,half sleeve t shirt with logo,/apparel-and-accessories/round-neck-t-shirts,/t-shirts/logo-printed-t-shirts,MERGED INTO EXISTING CLUSTER,"A close spelling, modifier, audience or location variant shares the canonical intent of the recommended page."
sports t shirts online,sports t shirt online,/apparel-and-accessories/round-neck-t-shirts,/t-shirts,MERGED INTO EXISTING CLUSTER,"A close spelling, modifier, audience or location variant shares the canonical intent of the recommended page."
sports t shirts bulk order,sports t shirt bulk order,/apparel-and-accessories/round-neck-t-shirts,/t-shirts/bulk-t-shirt-printing,MERGED INTO EXISTING CLUSTER,"A close spelling, modifier, audience or location variant shares the canonical intent of the recommended page."
sports t shirts with logo,sports t shirt with logo,/apparel-and-accessories/round-neck-t-shirts,/t-shirts/logo-printed-t-shirts,MERGED INTO EXISTING CLUSTER,"A close spelling, modifier, audience or location variant shares the canonical intent of the recommended page."
gym t shirts online,gym t shirt online,/apparel-and-accessories/round-neck-t-shirts,/t-shirts,MERGED INTO EXISTING CLUSTER,"A close spelling, modifier, audience or location variant shares the canonical intent of the recommended page."
gym t shirts bulk order,gym t shirt bulk order,/apparel-and-accessories/round-neck-t-shirts,/t-shirts/bulk-t-shirt-printing,MERGED INTO EXISTING CLUSTER,"A close spelling, modifier, audience or location variant shares the canonical intent of the recommended page."
gym t shirts with logo,gym t shirt with logo,/apparel-and-accessories/round-neck-t-shirts,/t-shirts/logo-printed-t-shirts,MERGED INTO EXISTING CLUSTER,"A close spelling, modifier, audience or location variant shares the canonical intent of the recommended page."
marathon t shirts online,marathon t shirt online,/apparel-and-accessories/round-neck-t-shirts,/t-shirts,MERGED INTO EXISTING CLUSTER,"A close spelling, modifier, audience or location variant shares the canonical intent of the recommended page."
marathon t shirts bulk order,marathon t shirt bulk order,/apparel-and-accessories/round-neck-t-shirts,/t-shirts/bulk-t-shirt-printing,MERGED INTO EXISTING CLUSTER,"A close spelling, modifier, audience or location variant shares the canonical intent of the recommended page."
marathon t shirts with logo,marathon t shirt with logo,/apparel-and-accessories/round-neck-t-shirts,/t-shirts/logo-printed-t-shirts,MERGED INTO EXISTING CLUSTER,"A close spelling, modifier, audience or location variant shares the canonical intent of the recommended page."
election t shirts online,election t shirt online,/apparel-and-accessories/round-neck-t-shirts,/t-shirts,MERGED INTO EXISTING CLUSTER,"A close spelling, modifier, audience or location variant shares the canonical intent of the recommended page."
election t shirts bulk order,election t shirt bulk order,/apparel-and-accessories/round-neck-t-shirts,/t-shirts/bulk-t-shirt-printing,MERGED INTO EXISTING CLUSTER,"A close spelling, modifier, audience or location variant shares the canonical intent of the recommended page."
election t shirts with logo,election t shirt with logo,/apparel-and-accessories/round-neck-t-shirts,/t-shirts/logo-printed-t-shirts,MERGED INTO EXISTING CLUSTER,"A close spelling, modifier, audience or location variant shares the canonical intent of the recommended page."
organic cotton t shirts online,organic cotton t shirt online,/apparel-and-accessories/round-neck-t-shirts,/t-shirts,MERGED INTO EXISTING CLUSTER,"A close spelling, modifier, audience or location variant shares the canonical intent of the recommended page."
organic cotton t shirts bulk order,organic cotton t shirt bulk order,/apparel-and-accessories/round-neck-t-shirts,/t-shirts/bulk-t-shirt-printing,MERGED INTO EXISTING CLUSTER,"A close spelling, modifier, audience or location variant shares the canonical intent of the recommended page."
organic cotton t shirts with logo,organic cotton t shirt with logo,/apparel-and-accessories/round-neck-t-shirts,/t-shirts/logo-printed-t-shirts,MERGED INTO EXISTING CLUSTER,"A close spelling, modifier, audience or location variant shares the canonical intent of the recommended page."
sublimation t shirts online,sublimation t shirt online,/apparel-and-accessories/round-neck-t-shirts,/t-shirts,MERGED INTO EXISTING CLUSTER,"A close spelling, modifier, audience or location variant shares the canonical intent of the recommended page."
sublimation t shirts bulk order,sublimation t shirt bulk order,/apparel-and-accessories/round-neck-t-shirts,/t-shirts/bulk-t-shirt-printing,MERGED INTO EXISTING CLUSTER,"A close spelling, modifier, audience or location variant shares the canonical intent of the recommended page."
sublimation t shirts with logo,sublimation t shirt with logo,/apparel-and-accessories/round-neck-t-shirts,/t-shirts/logo-printed-t-shirts,MERGED INTO EXISTING CLUSTER,"A close spelling, modifier, audience or location variant shares the canonical intent of the recommended page."
digital printed t shirts india,digital printed t shirt india,/apparel-and-accessories/round-neck-t-shirts,/t-shirts/logo-printed-t-shirts,MERGED INTO EXISTING CLUSTER,"A close spelling, modifier, audience or location variant shares the canonical intent of the recommended page."
digital printed t shirts near me,digital printed t shirt near me,/apparel-and-accessories/round-neck-t-shirts,/t-shirts/logo-printed-t-shirts,MERGED INTO EXISTING CLUSTER,"A close spelling, modifier, audience or location variant shares the canonical intent of the recommended page."
digital printed t shirts online,digital printed t shirt online,/apparel-and-accessories/round-neck-t-shirts,/t-shirts/logo-printed-t-shirts,MERGED INTO EXISTING CLUSTER,"A close spelling, modifier, audience or location variant shares the canonical intent of the recommended page."
digital printed t shirts wholesale,digital printed t shirt wholesale,/apparel-and-accessories/round-neck-t-shirts,/t-shirts/logo-printed-t-shirts,MERGED INTO EXISTING CLUSTER,Mapped to the relevant product/category intent; 'wholesale' is not adopted as a Printkee business claim without evidence.
digital printed t shirts bulk order,digital printed t shirt bulk order,/apparel-and-accessories/round-neck-t-shirts,/t-shirts/bulk-t-shirt-printing,MERGED INTO EXISTING CLUSTER,"A close spelling, modifier, audience or location variant shares the canonical intent of the recommended page."
digital printed t shirts supplier,digital printed t shirt supplier,/apparel-and-accessories/round-neck-t-shirts,/t-shirts/logo-printed-t-shirts,MERGED INTO EXISTING CLUSTER,"A close spelling, modifier, audience or location variant shares the canonical intent of the recommended page."
digital printed t shirts manufacturer,digital printed t shirt manufacturer,/apparel-and-accessories/round-neck-t-shirts,/t-shirts/logo-printed-t-shirts,MERGED INTO EXISTING CLUSTER,Mapped to the relevant product/category intent; 'manufacturer' is not adopted as a Printkee business claim without evidence.
digital printed t shirts price,digital printed t shirt price,/apparel-and-accessories/round-neck-t-shirts,/t-shirts/logo-printed-t-shirts,MERGED INTO EXISTING CLUSTER,"A close spelling, modifier, audience or location variant shares the canonical intent of the recommended page."
digital printed t shirts with logo,digital printed t shirt with logo,/apparel-and-accessories/round-neck-t-shirts,/t-shirts/logo-printed-t-shirts,MERGED INTO EXISTING CLUSTER,"A close spelling, modifier, audience or location variant shares the canonical intent of the recommended page."
polyester t shirts online,polyester t shirt online,/apparel-and-accessories/round-neck-t-shirts,/t-shirts,MERGED INTO EXISTING CLUSTER,"A close spelling, modifier, audience or location variant shares the canonical intent of the recommended page."
polyester t shirts bulk order,polyester t shirt bulk order,/apparel-and-accessories/round-neck-t-shirts,/t-shirts/bulk-t-shirt-printing,MERGED INTO EXISTING CLUSTER,"A close spelling, modifier, audience or location variant shares the canonical intent of the recommended page."
polyester t shirts with logo,polyester t shirt with logo,/apparel-and-accessories/round-neck-t-shirts,/t-shirts/logo-printed-t-shirts,MERGED INTO EXISTING CLUSTER,"A close spelling, modifier, audience or location variant shares the canonical intent of the recommended page."
v neck t shirts online,v neck t shirt online,/apparel-and-accessories/round-neck-t-shirts,/t-shirts,MERGED INTO EXISTING CLUSTER,"A close spelling, modifier, audience or location variant shares the canonical intent of the recommended page."
v neck t shirts bulk order,v neck t shirt bulk order,/apparel-and-accessories/round-neck-t-shirts,/t-shirts/bulk-t-shirt-printing,MERGED INTO EXISTING CLUSTER,"A close spelling, modifier, audience or location variant shares the canonical intent of the recommended page."
v neck t shirts with logo,v neck t shirt with logo,/apparel-and-accessories/round-neck-t-shirts,/t-shirts/logo-printed-t-shirts,MERGED INTO EXISTING CLUSTER,"A close spelling, modifier, audience or location variant shares the canonical intent of the recommended page."
yoga t shirts online,yoga t shirt online,/apparel-and-accessories/round-neck-t-shirts,/t-shirts,MERGED INTO EXISTING CLUSTER,"A close spelling, modifier, audience or location variant shares the canonical intent of the recommended page."
yoga t shirts bulk order,yoga t shirt bulk order,/apparel-and-accessories/round-neck-t-shirts,/t-shirts/bulk-t-shirt-printing,MERGED INTO EXISTING CLUSTER,"A close spelling, modifier, audience or location variant shares the canonical intent of the recommended page."
yoga t shirts with logo,yoga t shirt with logo,/apparel-and-accessories/round-neck-t-shirts,/t-shirts/logo-printed-t-shirts,MERGED INTO EXISTING CLUSTER,"A close spelling, modifier, audience or location variant shares the canonical intent of the recommended page."
t shirt printing india,t shirt printing india,/apparel-and-accessories/round-neck-t-shirts,/t-shirts/logo-printed-t-shirts,MERGED INTO EXISTING CLUSTER,"A close spelling, modifier, audience or location variant shares the canonical intent of the recommended page."
t shirt printing near me,t shirt printing near me,/apparel-and-accessories/round-neck-t-shirts,/t-shirts/logo-printed-t-shirts,MERGED INTO EXISTING CLUSTER,"A close spelling, modifier, audience or location variant shares the canonical intent of the recommended page."
t shirt printing online,t shirt printing online,/apparel-and-accessories/round-neck-t-shirts,/t-shirts/logo-printed-t-shirts,MERGED INTO EXISTING CLUSTER,"A close spelling, modifier, audience or location variant shares the canonical intent of the recommended page."
t shirt printing wholesale,t shirt printing wholesale,/apparel-and-accessories/round-neck-t-shirts,/t-shirts/logo-printed-t-shirts,MERGED INTO EXISTING CLUSTER,Mapped to the relevant product/category intent; 'wholesale' is not adopted as a Printkee business claim without evidence.
t shirt printing bulk order,t shirt printing bulk order,/apparel-and-accessories/round-neck-t-shirts,/t-shirts/bulk-t-shirt-printing,MERGED INTO EXISTING CLUSTER,"A close spelling, modifier, audience or location variant shares the canonical intent of the recommended page."
t shirt printing supplier,t shirt printing supplier,/apparel-and-accessories/round-neck-t-shirts,/t-shirts/logo-printed-t-shirts,MERGED INTO EXISTING CLUSTER,"A close spelling, modifier, audience or location variant shares the canonical intent of the recommended page."
t shirt printing price,t shirt printing price,/apparel-and-accessories/round-neck-t-shirts,/t-shirts/logo-printed-t-shirts,MERGED INTO EXISTING CLUSTER,"A close spelling, modifier, audience or location variant shares the canonical intent of the recommended page."
t shirt printing with logo,t shirt printing with logo,/apparel-and-accessories/round-neck-t-shirts,/t-shirts/logo-printed-t-shirts,MERGED INTO EXISTING CLUSTER,"A close spelling, modifier, audience or location variant shares the canonical intent of the recommended page."
custom tshirts india,custom t shirt india,/apparel-and-accessories/round-neck-t-shirts,/t-shirts,MERGED INTO EXISTING CLUSTER,"A close spelling, modifier, audience or location variant shares the canonical intent of the recommended page."
custom tshirts near me,custom t shirt near me,/apparel-and-accessories/round-neck-t-shirts,/t-shirts,MERGED INTO EXISTING CLUSTER,"A close spelling, modifier, audience or location variant shares the canonical intent of the recommended page."
custom tshirts online,custom t shirt online,/apparel-and-accessories/round-neck-t-shirts,/t-shirts,MERGED INTO EXISTING CLUSTER,"A close spelling, modifier, audience or location variant shares the canonical intent of the recommended page."
custom tshirts wholesale,custom t shirt wholesale,/apparel-and-accessories/round-neck-t-shirts,/t-shirts,MERGED INTO EXISTING CLUSTER,Mapped to the relevant product/category intent; 'wholesale' is not adopted as a Printkee business claim without evidence.
custom tshirts bulk order,custom t shirt bulk order,/apparel-and-accessories/round-neck-t-shirts,/t-shirts/bulk-t-shirt-printing,MERGED INTO EXISTING CLUSTER,"A close spelling, modifier, audience or location variant shares the canonical intent of the recommended page."
custom tshirts supplier,custom t shirt supplier,/apparel-and-accessories/round-neck-t-shirts,/t-shirts,MERGED INTO EXISTING CLUSTER,"A close spelling, modifier, audience or location variant shares the canonical intent of the recommended page."
custom tshirts manufacturer,custom t shirt manufacturer,/apparel-and-accessories/round-neck-t-shirts,/t-shirts,MERGED INTO EXISTING CLUSTER,Mapped to the relevant product/category intent; 'manufacturer' is not adopted as a Printkee business claim without evidence.
custom tshirts price,custom t shirt price,/apparel-and-accessories/round-neck-t-shirts,/t-shirts,MERGED INTO EXISTING CLUSTER,"A close spelling, modifier, audience or location variant shares the canonical intent of the recommended page."
custom tshirts with logo,custom t shirt with logo,/apparel-and-accessories/round-neck-t-shirts,/t-shirts/logo-printed-t-shirts,ASSIGNED TO EXISTING URL,The existing canonical page is the strongest supported owner for this search intent.
custom t shirts in delhi,custom t shirt in delhi,/apparel-and-accessories/round-neck-t-shirts,/t-shirts,MERGED INTO EXISTING CLUSTER,"A close spelling, modifier, audience or location variant shares the canonical intent of the recommended page."
t shirt printing in delhi,t shirt printing in delhi,/apparel-and-accessories/round-neck-t-shirts,/t-shirts/logo-printed-t-shirts,MERGED INTO EXISTING CLUSTER,"A close spelling, modifier, audience or location variant shares the canonical intent of the recommended page."
bulk t shirt printing in delhi,bulk t shirt printing in delhi,/apparel-and-accessories/round-neck-t-shirts,/t-shirts/bulk-t-shirt-printing,MERGED INTO EXISTING CLUSTER,"A close spelling, modifier, audience or location variant shares the canonical intent of the recommended page."
custom t shirts in new delhi,custom t shirt in delhi,/apparel-and-accessories/round-neck-t-shirts,/t-shirts,MERGED INTO EXISTING CLUSTER,"A close spelling, modifier, audience or location variant shares the canonical intent of the recommended page."
t shirt printing in new delhi,t shirt printing in delhi,/apparel-and-accessories/round-neck-t-shirts,/t-shirts/logo-printed-t-shirts,MERGED INTO EXISTING CLUSTER,"A close spelling, modifier, audience or location variant shares the canonical intent of the recommended page."
bulk t shirt printing in new delhi,bulk t shirt printing in delhi,/apparel-and-accessories/round-neck-t-shirts,/t-shirts/bulk-t-shirt-printing,MERGED INTO EXISTING CLUSTER,"A close spelling, modifier, audience or location variant shares the canonical intent of the recommended page."
custom t shirts in noida,custom t shirt in noida,/apparel-and-accessories/round-neck-t-shirts,/t-shirts,MERGED INTO EXISTING CLUSTER,"A close spelling, modifier, audience or location variant shares the canonical intent of the recommended page."
t shirt printing in noida,t shirt printing in noida,/apparel-and-accessories/round-neck-t-shirts,/t-shirts/logo-printed-t-shirts,MERGED INTO EXISTING CLUSTER,"A close spelling, modifier, audience or location variant shares the canonical intent of the recommended page."
bulk t shirt printing in noida,bulk t shirt printing in noida,/apparel-and-accessories/round-neck-t-shirts,/t-shirts/bulk-t-shirt-printing,MERGED INTO EXISTING CLUSTER,"A close spelling, modifier, audience or location variant shares the canonical intent of the recommended page."
custom t shirts in greater noida,custom t shirt in greater noida,/apparel-and-accessories/round-neck-t-shirts,/t-shirts,MERGED INTO EXISTING CLUSTER,"A close spelling, modifier, audience or location variant shares the canonical intent of the recommended page."
t shirt printing in greater noida,t shirt printing in greater noida,/apparel-and-accessories/round-neck-t-shirts,/t-shirts/logo-printed-t-shirts,MERGED INTO EXISTING CLUSTER,"A close spelling, modifier, audience or location variant shares the canonical intent of the recommended page."
bulk t shirt printing in greater noida,bulk t shirt printing in greater noida,/apparel-and-accessories/round-neck-t-shirts,/t-shirts/bulk-t-shirt-printing,MERGED INTO EXISTING CLUSTER,"A close spelling, modifier, audience or location variant shares the canonical intent of the recommended page."
custom t shirts in gurgaon,custom t shirt in gurugram,/apparel-and-accessories/round-neck-t-shirts,/t-shirts,MERGED INTO EXISTING CLUSTER,"A close spelling, modifier, audience or location variant shares the canonical intent of the recommended page."
t shirt printing in gurgaon,t shirt printing in gurugram,/apparel-and-accessories/round-neck-t-shirts,/t-shirts/logo-printed-t-shirts,MERGED INTO EXISTING CLUSTER,"A close spelling, modifier, audience or location variant shares the canonical intent of the recommended page."
bulk t shirt printing in gurgaon,bulk t shirt printing in gurugram,/apparel-and-accessories/round-neck-t-shirts,/t-shirts/bulk-t-shirt-printing,MERGED INTO EXISTING CLUSTER,"A close spelling, modifier, audience or location variant shares the canonical intent of the recommended page."
custom t shirts in gurugram,custom t shirt in gurugram,/apparel-and-accessories/round-neck-t-shirts,/t-shirts,MERGED INTO EXISTING CLUSTER,"A close spelling, modifier, audience or location variant shares the canonical intent of the recommended page."
t shirt printing in gurugram,t shirt printing in gurugram,/apparel-and-accessories/round-neck-t-shirts,/t-shirts/logo-printed-t-shirts,MERGED INTO EXISTING CLUSTER,"A close spelling, modifier, audience or location variant shares the canonical intent of the recommended page."
bulk t shirt printing in gurugram,bulk t shirt printing in gurugram,/apparel-and-accessories/round-neck-t-shirts,/t-shirts/bulk-t-shirt-printing,MERGED INTO EXISTING CLUSTER,"A close spelling, modifier, audience or location variant shares the canonical intent of the recommended page."
custom t shirts in faridabad,custom t shirt in faridabad,/apparel-and-accessories/round-neck-t-shirts,/t-shirts,MERGED INTO EXISTING CLUSTER,"A close spelling, modifier, audience or location variant shares the canonical intent of the recommended page."
t shirt printing in faridabad,t shirt printing in faridabad,/apparel-and-accessories/round-neck-t-shirts,/t-shirts/logo-printed-t-shirts,MERGED INTO EXISTING CLUSTER,"A close spelling, modifier, audience or location variant shares the canonical intent of the recommended page."
bulk t shirt printing in faridabad,bulk t shirt printing in faridabad,/apparel-and-accessories/round-neck-t-shirts,/t-shirts/bulk-t-shirt-printing,MERGED INTO EXISTING CLUSTER,"A close spelling, modifier, audience or location variant shares the canonical intent of the recommended page."
custom t shirts in ghaziabad,custom t shirt in ghaziabad,/apparel-and-accessories/round-neck-t-shirts,/t-shirts,MERGED INTO EXISTING CLUSTER,"A close spelling, modifier, audience or location variant shares the canonical intent of the recommended page."
t shirt printing in ghaziabad,t shirt printing in ghaziabad,/apparel-and-accessories/round-neck-t-shirts,/t-shirts/logo-printed-t-shirts,MERGED INTO EXISTING CLUSTER,"A close spelling, modifier, audience or location variant shares the canonical intent of the recommended page."
bulk t shirt printing in ghaziabad,bulk t shirt printing in ghaziabad,/apparel-and-accessories/round-neck-t-shirts,/t-shirts/bulk-t-shirt-printing,MERGED INTO EXISTING CLUSTER,"A close spelling, modifier, audience or location variant shares the canonical intent of the recommended page."
custom t shirt printing usa,custom t shirt printing usa,/apparel-and-accessories/round-neck-t-shirts,/t-shirts/logo-printed-t-shirts,DEFERRED - INTERNATIONAL VALIDATION,"Country-specific service, delivery, currency and localisation are not verified; retain as research only."
bulk t shirts usa,bulk t shirt usa,/apparel-and-accessories/round-neck-t-shirts,/t-shirts/bulk-t-shirt-printing,DEFERRED - INTERNATIONAL VALIDATION,"Country-specific service, delivery, currency and localisation are not verified; retain as research only."
custom t shirt printing united states,custom t shirt printing united states,/apparel-and-accessories/round-neck-t-shirts,/t-shirts/logo-printed-t-shirts,DEFERRED - INTERNATIONAL VALIDATION,"Country-specific service, delivery, currency and localisation are not verified; retain as research only."
bulk t shirts united states,bulk t shirt united states,/apparel-and-accessories/round-neck-t-shirts,/t-shirts/bulk-t-shirt-printing,DEFERRED - INTERNATIONAL VALIDATION,"Country-specific service, delivery, currency and localisation are not verified; retain as research only."
custom t shirt printing uk,custom t shirt printing uk,/apparel-and-accessories/round-neck-t-shirts,/t-shirts/logo-printed-t-shirts,DEFERRED - INTERNATIONAL VALIDATION,"Country-specific service, delivery, currency and localisation are not verified; retain as research only."
bulk t shirts uk,bulk t shirt uk,/apparel-and-accessories/round-neck-t-shirts,/t-shirts/bulk-t-shirt-printing,DEFERRED - INTERNATIONAL VALIDATION,"Country-specific service, delivery, currency and localisation are not verified; retain as research only."
custom t shirt printing united kingdom,custom t shirt printing united kingdom,/apparel-and-accessories/round-neck-t-shirts,/t-shirts/logo-printed-t-shirts,DEFERRED - INTERNATIONAL VALIDATION,"Country-specific service, delivery, currency and localisation are not verified; retain as research only."
bulk t shirts united kingdom,bulk t shirt united kingdom,/apparel-and-accessories/round-neck-t-shirts,/t-shirts/bulk-t-shirt-printing,DEFERRED - INTERNATIONAL VALIDATION,"Country-specific service, delivery, currency and localisation are not verified; retain as research only."
custom t shirt printing canada,custom t shirt printing canada,/apparel-and-accessories/round-neck-t-shirts,/t-shirts/logo-printed-t-shirts,DEFERRED - INTERNATIONAL VALIDATION,"Country-specific service, delivery, currency and localisation are not verified; retain as research only."
bulk t shirts canada,bulk t shirt canada,/apparel-and-accessories/round-neck-t-shirts,/t-shirts/bulk-t-shirt-printing,DEFERRED - INTERNATIONAL VALIDATION,"Country-specific service, delivery, currency and localisation are not verified; retain as research only."
custom t shirt printing australia,custom t shirt printing australia,/apparel-and-accessories/round-neck-t-shirts,/t-shirts/logo-printed-t-shirts,DEFERRED - INTERNATIONAL VALIDATION,"Country-specific service, delivery, currency and localisation are not verified; retain as research only."
bulk t shirts australia,bulk t shirt australia,/apparel-and-accessories/round-neck-t-shirts,/t-shirts/bulk-t-shirt-printing,DEFERRED - INTERNATIONAL VALIDATION,"Country-specific service, delivery, currency and localisation are not verified; retain as research only."
custom t shirt printing uae,custom t shirt printing uae,/apparel-and-accessories/round-neck-t-shirts,/t-shirts/logo-printed-t-shirts,DEFERRED - INTERNATIONAL VALIDATION,"Country-specific service, delivery, currency and localisation are not verified; retain as research only."
bulk t shirts uae,bulk t shirt uae,/apparel-and-accessories/round-neck-t-shirts,/t-shirts/bulk-t-shirt-printing,DEFERRED - INTERNATIONAL VALIDATION,"Country-specific service, delivery, currency and localisation are not verified; retain as research only."
custom t shirt printing dubai,custom t shirt printing dubai,/apparel-and-accessories/round-neck-t-shirts,/t-shirts/logo-printed-t-shirts,DEFERRED - INTERNATIONAL VALIDATION,"Country-specific service, delivery, currency and localisation are not verified; retain as research only."
bulk t shirts dubai,bulk t shirt dubai,/apparel-and-accessories/round-neck-t-shirts,/t-shirts/bulk-t-shirt-printing,DEFERRED - INTERNATIONAL VALIDATION,"Country-specific service, delivery, currency and localisation are not verified; retain as research only."
custom t shirt printing singapore,custom t shirt printing singapore,/apparel-and-accessories/round-neck-t-shirts,/t-shirts/logo-printed-t-shirts,DEFERRED - INTERNATIONAL VALIDATION,"Country-specific service, delivery, currency and localisation are not verified; retain as research only."
bulk t shirts singapore,bulk t shirt singapore,/apparel-and-accessories/round-neck-t-shirts,/t-shirts/bulk-t-shirt-printing,DEFERRED - INTERNATIONAL VALIDATION,"Country-specific service, delivery, currency and localisation are not verified; retain as research only."
custom t shirt printing saudi arabia,custom t shirt printing saudi arabia,/apparel-and-accessories/round-neck-t-shirts,/t-shirts/logo-printed-t-shirts,DEFERRED - INTERNATIONAL VALIDATION,"Country-specific service, delivery, currency and localisation are not verified; retain as research only."
bulk t shirts saudi arabia,bulk t shirt saudi arabia,/apparel-and-accessories/round-neck-t-shirts,/t-shirts/bulk-t-shirt-printing,DEFERRED - INTERNATIONAL VALIDATION,"Country-specific service, delivery, currency and localisation are not verified; retain as research only."
custom t shirt printing qatar,custom t shirt printing qatar,/apparel-and-accessories/round-neck-t-shirts,/t-shirts/logo-printed-t-shirts,DEFERRED - INTERNATIONAL VALIDATION,"Country-specific service, delivery, currency and localisation are not verified; retain as research only."
bulk t shirts qatar,bulk t shirt qatar,/apparel-and-accessories/round-neck-t-shirts,/t-shirts/bulk-t-shirt-printing,DEFERRED - INTERNATIONAL VALIDATION,"Country-specific service, delivery, currency and localisation are not verified; retain as research only."
custom t shirt printing germany,custom t shirt printing germany,/apparel-and-accessories/round-neck-t-shirts,/t-shirts/logo-printed-t-shirts,DEFERRED - INTERNATIONAL VALIDATION,"Country-specific service, delivery, currency and localisation are not verified; retain as research only."
bulk t shirts germany,bulk t shirt germany,/apparel-and-accessories/round-neck-t-shirts,/t-shirts/bulk-t-shirt-printing,DEFERRED - INTERNATIONAL VALIDATION,"Country-specific service, delivery, currency and localisation are not verified; retain as research only."
promotional t shirts under 500,promotional t shirt under 500,/apparel-and-accessories/round-neck-t-shirts,/t-shirts/promotional-t-shirts,MERGED INTO EXISTING CLUSTER,"A close spelling, modifier, audience or location variant shares the canonical intent of the recommended page."
promotional t shirts under 1000,promotional t shirt under 1000,/apparel-and-accessories/round-neck-t-shirts,/t-shirts/promotional-t-shirts,MERGED INTO EXISTING CLUSTER,"A close spelling, modifier, audience or location variant shares the canonical intent of the recommended page."
promotional t shirts for employees,promotional t shirt for employees,/apparel-and-accessories/round-neck-t-shirts,/t-shirts/corporate-t-shirts,MERGED INTO EXISTING CLUSTER,"A close spelling, modifier, audience or location variant shares the canonical intent of the recommended page."
promotional t shirts for clients,promotional t shirt for clients,/apparel-and-accessories/round-neck-t-shirts,/t-shirts/promotional-t-shirts,MERGED INTO EXISTING CLUSTER,"A close spelling, modifier, audience or location variant shares the canonical intent of the recommended page."
promotional t shirts for startups,promotional t shirt for startups,/apparel-and-accessories/round-neck-t-shirts,/t-shirts/promotional-t-shirts,MERGED INTO EXISTING CLUSTER,"A close spelling, modifier, audience or location variant shares the canonical intent of the recommended page."
promotional t shirts for events,promotional t shirt for events,/apparel-and-accessories/round-neck-t-shirts,/t-shirts/promotional-t-shirts,MERGED INTO EXISTING CLUSTER,"A close spelling, modifier, audience or location variant shares the canonical intent of the recommended page."
promotional t shirts in bulk,promotional t shirt in bulk,/apparel-and-accessories/round-neck-t-shirts,/t-shirts/promotional-t-shirts,MERGED INTO EXISTING CLUSTER,"A close spelling, modifier, audience or location variant shares the canonical intent of the recommended page."
promotional t shirts with company logo,promotional t shirt with company logo,/apparel-and-accessories/round-neck-t-shirts,/t-shirts/corporate-t-shirts,MERGED INTO EXISTING CLUSTER,"A close spelling, modifier, audience or location variant shares the canonical intent of the recommended page."
gsm for custom t shirts,gsm for custom t shirt,/apparel-and-accessories/round-neck-t-shirts,/t-shirts,MERGED INTO EXISTING CLUSTER,"A close spelling, modifier, audience or location variant shares the canonical intent of the recommended page."
