Keyword,Cluster,Intent,Current GSC Position,Target URL,Existing/New,Priority,Content Required,Authority Required,Notes
corporate gifts,Corporate & Promotional Merchandise,Commercial,"Not present in top 1,000 export",https://printkee.com/,Existing page,Tier 4,Validate demand in GSC; build depth on the existing canonical page,High,No position inferred; absence from this export is not proof of no impressions
corporate gifting,Corporate & Promotional Merchandise,Commercial,"Not present in top 1,000 export",https://printkee.com/,Existing page,Tier 4,Validate demand in GSC; build depth on the existing canonical page,High,No position inferred; absence from this export is not proof of no impressions
corporate gifts India,Corporate & Promotional Merchandise,Commercial,"Not present in top 1,000 export",https://printkee.com/,Existing page,Tier 4,Validate demand in GSC; build depth on the existing canonical page,High,No position inferred; absence from this export is not proof of no impressions
corporate gifting India,Corporate & Promotional Merchandise,Commercial,"Not present in top 1,000 export",https://printkee.com/,Existing page,Tier 4,Validate demand in GSC; build depth on the existing canonical page,High,No position inferred; absence from this export is not proof of no impressions
corporate gifts Delhi,Corporate & Promotional Merchandise,Commercial,63.9,https://printkee.com/,Existing page,Monitor,Align existing page with observed query intent,High,10 impressions; 0 clicks; 0% CTR
corporate gifting Delhi,Corporate & Promotional Merchandise,Commercial,"Not present in top 1,000 export",https://printkee.com/,Existing page,Tier 4,Validate demand in GSC; build depth on the existing canonical page,High,No position inferred; absence from this export is not proof of no impressions
corporate gifts Delhi NCR,Corporate & Promotional Merchandise,Commercial,58.4,https://printkee.com/,Existing page,Monitor,Align existing page with observed query intent,High,5 impressions; 0 clicks; 0% CTR
corporate gifting company,Corporate & Promotional Merchandise,Commercial,"Not present in top 1,000 export",https://printkee.com/,Existing page,Tier 4,Validate demand in GSC; build depth on the existing canonical page,High,No position inferred; absence from this export is not proof of no impressions
corporate gifting company India,Corporate & Promotional Merchandise,Commercial,"Not present in top 1,000 export",https://printkee.com/,Existing page,Tier 4,Validate demand in GSC; build depth on the existing canonical page,High,No position inferred; absence from this export is not proof of no impressions
corporate gifting company Delhi,Corporate & Promotional Merchandise,Commercial,"Not present in top 1,000 export",https://printkee.com/,Existing page,Tier 4,Validate demand in GSC; build depth on the existing canonical page,High,No position inferred; absence from this export is not proof of no impressions
corporate gift supplier,Corporate & Promotional Merchandise,Commercial,"Not present in top 1,000 export",https://printkee.com/,Existing page,Tier 4,Validate demand in GSC; build depth on the existing canonical page,High,No position inferred; absence from this export is not proof of no impressions
corporate gifts supplier India,Corporate & Promotional Merchandise,Commercial,"Not present in top 1,000 export",https://printkee.com/,Existing page,Tier 4,Validate demand in GSC; build depth on the existing canonical page,High,No position inferred; absence from this export is not proof of no impressions
corporate gifting supplier Delhi,Corporate & Promotional Merchandise,Commercial,"Not present in top 1,000 export",https://printkee.com/,Existing page,Tier 4,Validate demand in GSC; build depth on the existing canonical page,High,No position inferred; absence from this export is not proof of no impressions
customized corporate gifts,Corporate & Promotional Merchandise,Commercial,"Not present in top 1,000 export",https://printkee.com/,Existing page,Tier 4,Validate demand in GSC; build depth on the existing canonical page,High,No position inferred; absence from this export is not proof of no impressions
custom corporate gifts,Corporate & Promotional Merchandise,Commercial,"Not present in top 1,000 export",https://printkee.com/,Existing page,Tier 4,Validate demand in GSC; build depth on the existing canonical page,High,No position inferred; absence from this export is not proof of no impressions
branded corporate gifts,Corporate & Promotional Merchandise,Commercial,"Not present in top 1,000 export",https://printkee.com/,Existing page,Tier 4,Validate demand in GSC; build depth on the existing canonical page,High,No position inferred; absence from this export is not proof of no impressions
premium corporate gifts,Corporate & Promotional Merchandise,Commercial,"Not present in top 1,000 export",https://printkee.com/,Existing page,Tier 4,Validate demand in GSC; build depth on the existing canonical page,High,No position inferred; absence from this export is not proof of no impressions
bulk corporate gifts,Corporate & Promotional Merchandise,Commercial,"Not present in top 1,000 export",https://printkee.com/,Existing page,Tier 4,Validate demand in GSC; build depth on the existing canonical page,High,No position inferred; absence from this export is not proof of no impressions
corporate gifts for employees,Corporate & Promotional Merchandise,Commercial,"Not present in top 1,000 export",https://printkee.com/,Existing page,Tier 4,Validate demand in GSC; build depth on the existing canonical page,High,No position inferred; absence from this export is not proof of no impressions
corporate gifts for clients,Corporate & Promotional Merchandise,Commercial,"Not present in top 1,000 export",https://printkee.com/,Existing page,Tier 4,Validate demand in GSC; build depth on the existing canonical page,High,No position inferred; absence from this export is not proof of no impressions
employee gifting,Corporate & Promotional Merchandise,Commercial,"Not present in top 1,000 export",https://printkee.com/,Existing page,Tier 4,Validate demand in GSC; build depth on the existing canonical page,High,No position inferred; absence from this export is not proof of no impressions
client gifting,Corporate & Promotional Merchandise,Commercial,"Not present in top 1,000 export",https://printkee.com/,Existing page,Tier 4,Validate demand in GSC; build depth on the existing canonical page,High,No position inferred; absence from this export is not proof of no impressions
business gifts,Corporate & Promotional Merchandise,Commercial,"Not present in top 1,000 export",https://printkee.com/,Existing page,Tier 4,Validate demand in GSC; build depth on the existing canonical page,High,No position inferred; absence from this export is not proof of no impressions
business gifting solutions,Corporate & Promotional Merchandise,Commercial,"Not present in top 1,000 export",https://printkee.com/,Existing page,Tier 4,Validate demand in GSC; build depth on the existing canonical page,High,No position inferred; absence from this export is not proof of no impressions
promotional products,Corporate & Promotional Merchandise,Commercial,"Not present in top 1,000 export",https://printkee.com/,Existing page,Tier 4,Validate demand in GSC; build depth on the existing canonical page,High,No position inferred; absence from this export is not proof of no impressions
promotional products India,Corporate & Promotional Merchandise,Commercial,51,https://printkee.com/,Existing page,Monitor,Align existing page with observed query intent,High,2 impressions; 0 clicks; 0% CTR
promotional products Delhi,Corporate & Promotional Merchandise,Commercial,"Not present in top 1,000 export",https://printkee.com/,Existing page,Tier 4,Validate demand in GSC; build depth on the existing canonical page,High,No position inferred; absence from this export is not proof of no impressions
promotional products supplier,Corporate & Promotional Merchandise,Commercial,51.21,https://printkee.com/,Existing page,Monitor,Align existing page with observed query intent,High,24 impressions; 0 clicks; 0% CTR
promotional products manufacturer,Corporate & Promotional Merchandise,Commercial,"Not present in top 1,000 export",https://printkee.com/,Existing page,Tier 4,Validate demand in GSC; build depth on the existing canonical page,High,No position inferred; absence from this export is not proof of no impressions
custom promotional products,Corporate & Promotional Merchandise,Commercial,53.68,https://printkee.com/,Existing page,Monitor,Align existing page with observed query intent,High,25 impressions; 0 clicks; 0% CTR
customized promotional products,Corporate & Promotional Merchandise,Commercial,"Not present in top 1,000 export",https://printkee.com/,Existing page,Tier 4,Validate demand in GSC; build depth on the existing canonical page,High,No position inferred; absence from this export is not proof of no impressions
branded promotional products,Corporate & Promotional Merchandise,Commercial,"Not present in top 1,000 export",https://printkee.com/,Existing page,Tier 4,Validate demand in GSC; build depth on the existing canonical page,High,No position inferred; absence from this export is not proof of no impressions
corporate promotional products,Corporate & Promotional Merchandise,Commercial,47.5,https://printkee.com/,Existing page,Monitor,Align existing page with observed query intent,High,2 impressions; 0 clicks; 0% CTR
promotional merchandise,Corporate & Promotional Merchandise,Commercial,"Not present in top 1,000 export",https://printkee.com/,Existing page,Tier 4,Validate demand in GSC; build depth on the existing canonical page,High,No position inferred; absence from this export is not proof of no impressions
promotional merchandise India,Corporate & Promotional Merchandise,Commercial,"Not present in top 1,000 export",https://printkee.com/,Existing page,Tier 4,Validate demand in GSC; build depth on the existing canonical page,High,No position inferred; absence from this export is not proof of no impressions
promotional merchandise supplier,Corporate & Promotional Merchandise,Commercial,"Not present in top 1,000 export",https://printkee.com/,Existing page,Tier 4,Validate demand in GSC; build depth on the existing canonical page,High,No position inferred; absence from this export is not proof of no impressions
branded merchandise,Corporate & Promotional Merchandise,Commercial,48.62,https://printkee.com/,Existing page,Monitor,Align existing page with observed query intent,High,8 impressions; 0 clicks; 0% CTR
branded merchandise India,Corporate & Promotional Merchandise,Commercial,18.2,https://printkee.com/,Existing page,Tier 1,Align existing page with observed query intent,High,56 impressions; 0 clicks; 0% CTR
custom merchandise,Corporate & Promotional Merchandise,Commercial,"Not present in top 1,000 export",https://printkee.com/,Existing page,Tier 4,Validate demand in GSC; build depth on the existing canonical page,High,No position inferred; absence from this export is not proof of no impressions
custom merchandise India,Corporate & Promotional Merchandise,Commercial,"Not present in top 1,000 export",https://printkee.com/,Existing page,Tier 4,Validate demand in GSC; build depth on the existing canonical page,High,No position inferred; absence from this export is not proof of no impressions
corporate merchandise,Corporate & Promotional Merchandise,Commercial,30.41,https://printkee.com/,Existing page,Tier 2,Align existing page with observed query intent,High,200 impressions; 0 clicks; 0% CTR
corporate merchandise India,Corporate & Promotional Merchandise,Commercial,41.07,https://printkee.com/,Existing page,Monitor,Align existing page with observed query intent,High,30 impressions; 0 clicks; 0% CTR
bulk merchandise supplier,Corporate & Promotional Merchandise,Commercial,"Not present in top 1,000 export",https://printkee.com/,Existing page,Tier 4,Validate demand in GSC; build depth on the existing canonical page,High,No position inferred; absence from this export is not proof of no impressions
employee welcome kit,Employee Welcome Kits,Commercial,"Not present in top 1,000 export",https://printkee.com/collection/welcome-kits,Existing page,Monitor,Validate demand in GSC; build depth on the existing canonical page,High,No position inferred; absence from this export is not proof of no impressions
employee welcome kits,Employee Welcome Kits,Commercial,"Not present in top 1,000 export",https://printkee.com/collection/welcome-kits,Existing page,Monitor,Validate demand in GSC; build depth on the existing canonical page,High,No position inferred; absence from this export is not proof of no impressions
employee onboarding kit,Employee Welcome Kits,Commercial,"Not present in top 1,000 export",https://printkee.com/collection/welcome-kits,Existing page,Monitor,Validate demand in GSC; build depth on the existing canonical page,High,No position inferred; absence from this export is not proof of no impressions
employee onboarding kits,Employee Welcome Kits,Commercial,"Not present in top 1,000 export",https://printkee.com/collection/welcome-kits,Existing page,Monitor,Validate demand in GSC; build depth on the existing canonical page,High,No position inferred; absence from this export is not proof of no impressions
new employee welcome kit,Employee Welcome Kits,Commercial,"Not present in top 1,000 export",https://printkee.com/collection/welcome-kits,Existing page,Monitor,Validate demand in GSC; build depth on the existing canonical page,High,No position inferred; absence from this export is not proof of no impressions
employee joining kit,Employee Welcome Kits,Commercial,"Not present in top 1,000 export",https://printkee.com/collection/welcome-kits,Existing page,Monitor,Validate demand in GSC; build depth on the existing canonical page,High,No position inferred; absence from this export is not proof of no impressions
corporate joining kit,Employee Welcome Kits,Commercial,"Not present in top 1,000 export",https://printkee.com/collection/welcome-kits,Existing page,Monitor,Validate demand in GSC; build depth on the existing canonical page,High,No position inferred; absence from this export is not proof of no impressions
welcome kit for employees,Employee Welcome Kits,Commercial,"Not present in top 1,000 export",https://printkee.com/collection/welcome-kits,Existing page,Monitor,Validate demand in GSC; build depth on the existing canonical page,High,No position inferred; absence from this export is not proof of no impressions
custom employee welcome kits,Employee Welcome Kits,Commercial,"Not present in top 1,000 export",https://printkee.com/collection/welcome-kits,Existing page,Monitor,Validate demand in GSC; build depth on the existing canonical page,High,No position inferred; absence from this export is not proof of no impressions
branded employee kits,Employee Welcome Kits,Commercial,"Not present in top 1,000 export",https://printkee.com/collection/welcome-kits,Existing page,Monitor,Validate demand in GSC; build depth on the existing canonical page,High,No position inferred; absence from this export is not proof of no impressions
new joinee kit,Employee Welcome Kits,Commercial,"Not present in top 1,000 export",https://printkee.com/collection/welcome-kits,Existing page,Monitor,Validate demand in GSC; build depth on the existing canonical page,High,No position inferred; absence from this export is not proof of no impressions
employee joining gifts,Employee Welcome Kits,Commercial,"Not present in top 1,000 export",https://printkee.com/collection/welcome-kits,Existing page,Monitor,Validate demand in GSC; build depth on the existing canonical page,High,No position inferred; absence from this export is not proof of no impressions
custom t shirts,Custom Apparel,Commercial,"Not present in top 1,000 export",https://printkee.com/apparel-and-accessories,Existing page,Monitor,Validate demand in GSC; build depth on the existing canonical page,High,No position inferred; absence from this export is not proof of no impressions
corporate t shirts,Custom Apparel,Commercial,"Not present in top 1,000 export",https://printkee.com/apparel-and-accessories,Existing page,Monitor,Validate demand in GSC; build depth on the existing canonical page,High,No position inferred; absence from this export is not proof of no impressions
custom polo t shirts,Custom Apparel,Commercial,"Not present in top 1,000 export",https://printkee.com/apparel-and-accessories,Existing page,Monitor,Validate demand in GSC; build depth on the existing canonical page,High,No position inferred; absence from this export is not proof of no impressions
bulk t shirt printing,Custom Apparel,Commercial,"Not present in top 1,000 export",https://printkee.com/apparel-and-accessories,Existing page,Monitor,Validate demand in GSC; build depth on the existing canonical page,High,No position inferred; absence from this export is not proof of no impressions
custom t shirts with logo,Custom Apparel,Commercial,"Not present in top 1,000 export",https://printkee.com/apparel-and-accessories,Existing page,Monitor,Validate demand in GSC; build depth on the existing canonical page,High,No position inferred; absence from this export is not proof of no impressions
branded apparel,Custom Apparel,Commercial,"Not present in top 1,000 export",https://printkee.com/apparel-and-accessories,Existing page,Monitor,Validate demand in GSC; build depth on the existing canonical page,High,No position inferred; absence from this export is not proof of no impressions
corporate uniforms,Custom Apparel,Commercial,"Not present in top 1,000 export",https://printkee.com/apparel-and-accessories,Existing page,Monitor,Validate demand in GSC; build depth on the existing canonical page,High,No position inferred; absence from this export is not proof of no impressions
custom uniforms,Custom Apparel,Commercial,"Not present in top 1,000 export",https://printkee.com/apparel-and-accessories,Existing page,Monitor,Validate demand in GSC; build depth on the existing canonical page,High,No position inferred; absence from this export is not proof of no impressions
custom jackets,Winter Wear,Commercial,"Not present in top 1,000 export",https://printkee.com/apparel-and-accessories/winter-wear,Existing page,Monitor,Validate demand in GSC; build depth on the existing canonical page,High,No position inferred; absence from this export is not proof of no impressions
branded jackets,Winter Wear,Commercial,"Not present in top 1,000 export",https://printkee.com/apparel-and-accessories/winter-wear,Existing page,Monitor,Validate demand in GSC; build depth on the existing canonical page,High,No position inferred; absence from this export is not proof of no impressions
custom hoodies,Winter Wear,Commercial,"Not present in top 1,000 export",https://printkee.com/apparel-and-accessories/winter-wear,Existing page,Monitor,Validate demand in GSC; build depth on the existing canonical page,High,No position inferred; absence from this export is not proof of no impressions
corporate hoodies,Winter Wear,Commercial,"Not present in top 1,000 export",https://printkee.com/apparel-and-accessories/winter-wear,Existing page,Monitor,Validate demand in GSC; build depth on the existing canonical page,High,No position inferred; absence from this export is not proof of no impressions
employee apparel,Custom Apparel,Commercial,"Not present in top 1,000 export",https://printkee.com/apparel-and-accessories,Existing page,Monitor,Validate demand in GSC; build depth on the existing canonical page,High,No position inferred; absence from this export is not proof of no impressions
staff uniforms,Custom Apparel,Commercial,"Not present in top 1,000 export",https://printkee.com/apparel-and-accessories,Existing page,Monitor,Validate demand in GSC; build depth on the existing canonical page,High,No position inferred; absence from this export is not proof of no impressions
custom aprons,Aprons,Commercial,23.33,https://printkee.com/apparel-and-accessories/aprons,Existing page,Tier 2,Align existing page with observed query intent,Medium,92 impressions; 0 clicks; 0% CTR
apron printing,Aprons,Commercial,10.79,https://printkee.com/apparel-and-accessories/aprons,Existing page,Tier 1,Align existing page with observed query intent,Medium,42 impressions; 2 clicks; 4.76% CTR
customized aprons,Aprons,Commercial,26,https://printkee.com/apparel-and-accessories/aprons,Existing page,Monitor,Align existing page with observed query intent,Medium,1 impressions; 0 clicks; 0% CTR
customised aprons,Aprons,Commercial,11.41,https://printkee.com/apparel-and-accessories/aprons,Existing page,Tier 1,Align existing page with observed query intent,Medium,37 impressions; 0 clicks; 0% CTR
printed aprons,Aprons,Commercial,30.33,https://printkee.com/apparel-and-accessories/aprons,Existing page,Tier 2,Align existing page with observed query intent,Medium,171 impressions; 0 clicks; 0% CTR
aprons with logo,Aprons,Commercial,12.69,https://printkee.com/apparel-and-accessories/aprons,Existing page,Tier 1,Align existing page with observed query intent,Medium,13 impressions; 0 clicks; 0% CTR
branded aprons,Aprons,Commercial,20.38,https://printkee.com/apparel-and-accessories/aprons,Existing page,Tier 2,Align existing page with observed query intent,Medium,92 impressions; 0 clicks; 0% CTR
bulk apron printing,Aprons,Commercial,"Not present in top 1,000 export",https://printkee.com/apparel-and-accessories/aprons,Existing page,Monitor,Validate demand in GSC; build depth on the existing canonical page,High,No position inferred; absence from this export is not proof of no impressions
custom aprons India,Aprons,Commercial,"Not present in top 1,000 export",https://printkee.com/apparel-and-accessories/aprons,Existing page,Monitor,Validate demand in GSC; build depth on the existing canonical page,High,No position inferred; absence from this export is not proof of no impressions
apron printing Delhi,Aprons,Commercial,"Not present in top 1,000 export",https://printkee.com/apparel-and-accessories/aprons,Existing page,Monitor,Validate demand in GSC; build depth on the existing canonical page,High,No position inferred; absence from this export is not proof of no impressions
apron with logo,Aprons,Commercial,10.34,https://printkee.com/apparel-and-accessories/aprons,Existing page,Tier 1,Align existing page with observed query intent,Medium,62 impressions; 0 clicks; 0% CTR
apron with logo printed,Aprons,Commercial,10.33,https://printkee.com/apparel-and-accessories/aprons,Existing page,Tier 1,Align existing page with observed query intent,Medium,27 impressions; 0 clicks; 0% CTR
custom files,Files & Folders,Commercial,6.79,https://printkee.com/office-and-writing/file-and-folder,Existing page,Tier 3,Align existing page with observed query intent,Protect existing authority,47 impressions; 1 clicks; 2.13% CTR
customized files,Files & Folders,Commercial,6.61,https://printkee.com/office-and-writing/file-and-folder,Existing page,Monitor,Align existing page with observed query intent,Protect existing authority,51 impressions; 4 clicks; 7.84% CTR
customized files for office,Files & Folders,Commercial,6.78,https://printkee.com/office-and-writing/file-and-folder,Existing page,Monitor,Align existing page with observed query intent,Protect existing authority,72 impressions; 4 clicks; 5.56% CTR
custom file folders,Files & Folders,Commercial,10.39,https://printkee.com/office-and-writing/file-and-folder,Existing page,Tier 1,Align existing page with observed query intent,Medium,57 impressions; 1 clicks; 1.75% CTR
custom printed folders,Files & Folders,Commercial,40,https://printkee.com/office-and-writing/file-and-folder,Existing page,Monitor,Align existing page with observed query intent,Medium,2 impressions; 0 clicks; 0% CTR
custom printed file folders India,Files & Folders,Commercial,13.44,https://printkee.com/office-and-writing/file-and-folder,Existing page,Tier 1,Align existing page with observed query intent,Medium,16 impressions; 0 clicks; 0% CTR
corporate folders,Files & Folders,Commercial,44,https://printkee.com/office-and-writing/file-and-folder,Existing page,Monitor,Align existing page with observed query intent,Medium,1 impressions; 0 clicks; 0% CTR
conference folders,Files & Folders,Commercial,"Not present in top 1,000 export",https://printkee.com/office-and-writing/file-and-folder,Existing page,Monitor,Validate demand in GSC; build depth on the existing canonical page,High,No position inferred; absence from this export is not proof of no impressions
certificate folders,Files & Folders,Commercial,"Not present in top 1,000 export",https://printkee.com/office-and-writing/file-and-folder,Existing page,Monitor,Validate demand in GSC; build depth on the existing canonical page,High,No position inferred; absence from this export is not proof of no impressions
presentation folders,Files & Folders,Commercial,"Not present in top 1,000 export",https://printkee.com/office-and-writing/file-and-folder,Existing page,Monitor,Validate demand in GSC; build depth on the existing canonical page,High,No position inferred; absence from this export is not proof of no impressions
document folders with logo,Files & Folders,Commercial,"Not present in top 1,000 export",https://printkee.com/office-and-writing/file-and-folder,Existing page,Monitor,Validate demand in GSC; build depth on the existing canonical page,High,No position inferred; absence from this export is not proof of no impressions
office file printing,Files & Folders,Commercial,"Not present in top 1,000 export",https://printkee.com/office-and-writing/file-and-folder,Existing page,Monitor,Validate demand in GSC; build depth on the existing canonical page,High,No position inferred; absence from this export is not proof of no impressions
file folder printing,Files & Folders,Commercial,"Not present in top 1,000 export",https://printkee.com/office-and-writing/file-and-folder,Existing page,Monitor,Validate demand in GSC; build depth on the existing canonical page,High,No position inferred; absence from this export is not proof of no impressions
branded office files,Files & Folders,Commercial,"Not present in top 1,000 export",https://printkee.com/office-and-writing/file-and-folder,Existing page,Monitor,Validate demand in GSC; build depth on the existing canonical page,High,No position inferred; absence from this export is not proof of no impressions
custom lanyards,Lanyards & ID Cards,Commercial,47,https://printkee.com/office-and-writing/lanyard-and-id-card,Existing page,Monitor,Align existing page with observed query intent,Medium,7 impressions; 0 clicks; 0% CTR
lanyard printing,Lanyards & ID Cards,Commercial,38,https://printkee.com/office-and-writing/lanyard-and-id-card,Existing page,Tier 2,Align existing page with observed query intent,Medium,47 impressions; 0 clicks; 0% CTR
bulk lanyard printing,Lanyards & ID Cards,Commercial,14.42,https://printkee.com/office-and-writing/lanyard-and-id-card,Existing page,Tier 1,Align existing page with observed query intent,Medium,36 impressions; 0 clicks; 0% CTR
ID card lanyard printing,Lanyards & ID Cards,Commercial,19.12,https://printkee.com/office-and-writing/lanyard-and-id-card,Existing page,Tier 1,Align existing page with observed query intent,Medium,17 impressions; 0 clicks; 0% CTR
custom ID card lanyards,Lanyards & ID Cards,Commercial,"Not present in top 1,000 export",https://printkee.com/office-and-writing/lanyard-and-id-card,Existing page,Monitor,Validate demand in GSC; build depth on the existing canonical page,High,No position inferred; absence from this export is not proof of no impressions
lanyards with logo,Lanyards & ID Cards,Commercial,"Not present in top 1,000 export",https://printkee.com/office-and-writing/lanyard-and-id-card,Existing page,Monitor,Validate demand in GSC; build depth on the existing canonical page,High,No position inferred; absence from this export is not proof of no impressions
corporate lanyards,Lanyards & ID Cards,Commercial,44,https://printkee.com/office-and-writing/lanyard-and-id-card,Existing page,Monitor,Align existing page with observed query intent,Medium,1 impressions; 0 clicks; 0% CTR
event lanyards,Lanyards & ID Cards,Commercial,"Not present in top 1,000 export",https://printkee.com/office-and-writing/lanyard-and-id-card,Existing page,Monitor,Validate demand in GSC; build depth on the existing canonical page,High,No position inferred; absence from this export is not proof of no impressions
office lanyards,Lanyards & ID Cards,Commercial,"Not present in top 1,000 export",https://printkee.com/office-and-writing/lanyard-and-id-card,Existing page,Monitor,Validate demand in GSC; build depth on the existing canonical page,High,No position inferred; absence from this export is not proof of no impressions
custom duffle bags,Duffle Bags,Commercial,15.9,https://printkee.com/bags-and-travel/duffle-bags,Existing page,Tier 1,Align existing page with observed query intent,Medium,21 impressions; 0 clicks; 0% CTR
customized duffle bag,Duffle Bags,Commercial,9.71,https://printkee.com/bags-and-travel/duffle-bags,Existing page,Tier 1,Align existing page with observed query intent,Protect existing authority,55 impressions; 0 clicks; 0% CTR
customised duffle bag,Duffle Bags,Commercial,8.5,https://printkee.com/bags-and-travel/duffle-bags,Existing page,Tier 1,Align existing page with observed query intent,Protect existing authority,40 impressions; 0 clicks; 0% CTR
duffle bag customized,Duffle Bags,Commercial,9.46,https://printkee.com/bags-and-travel/duffle-bags,Existing page,Tier 1,Align existing page with observed query intent,Protect existing authority,26 impressions; 2 clicks; 7.69% CTR
branded duffle bags,Duffle Bags,Commercial,"Not present in top 1,000 export",https://printkee.com/bags-and-travel/duffle-bags,Existing page,Monitor,Validate demand in GSC; build depth on the existing canonical page,High,No position inferred; absence from this export is not proof of no impressions
duffle bag with logo,Duffle Bags,Commercial,8.6,https://printkee.com/bags-and-travel/duffle-bags,Existing page,Tier 1,Align existing page with observed query intent,Protect existing authority,5 impressions; 0 clicks; 0% CTR
corporate duffle bags,Duffle Bags,Commercial,"Not present in top 1,000 export",https://printkee.com/bags-and-travel/duffle-bags,Existing page,Monitor,Validate demand in GSC; build depth on the existing canonical page,High,No position inferred; absence from this export is not proof of no impressions
duffle bag manufacturers Delhi,Duffle Bags,Commercial,"Not present in top 1,000 export",https://printkee.com/bags-and-travel/duffle-bags,Existing page,Monitor,Validate demand in GSC; build depth on the existing canonical page,High,No position inferred; absence from this export is not proof of no impressions
bulk duffle bags,Duffle Bags,Commercial,"Not present in top 1,000 export",https://printkee.com/bags-and-travel/duffle-bags,Existing page,Monitor,Validate demand in GSC; build depth on the existing canonical page,High,No position inferred; absence from this export is not proof of no impressions
custom backpacks,Backpacks & Bags,Commercial,26.57,https://printkee.com/bags-and-travel/backpacks,Existing page,Tier 2,Align existing page with observed query intent,Medium,35 impressions; 0 clicks; 0% CTR
custom backpack India,Backpacks & Bags,Commercial,16.43,https://printkee.com/bags-and-travel/backpacks,Existing page,Tier 1,Align existing page with observed query intent,Medium,14 impressions; 0 clicks; 0% CTR
custom backpacks with logo,Backpacks & Bags,Commercial,12.94,https://printkee.com/bags-and-travel/backpacks,Existing page,Tier 1,Align existing page with observed query intent,Medium,36 impressions; 0 clicks; 0% CTR
branded backpacks,Backpacks & Bags,Commercial,"Not present in top 1,000 export",https://printkee.com/bags-and-travel/backpacks,Existing page,Monitor,Validate demand in GSC; build depth on the existing canonical page,High,No position inferred; absence from this export is not proof of no impressions
corporate backpacks,Backpacks & Bags,Commercial,"Not present in top 1,000 export",https://printkee.com/bags-and-travel/backpacks,Existing page,Monitor,Validate demand in GSC; build depth on the existing canonical page,High,No position inferred; absence from this export is not proof of no impressions
custom laptop bags,Backpacks & Bags,Commercial,"Not present in top 1,000 export",https://printkee.com/bags-and-travel/backpacks,Existing page,Monitor,Validate demand in GSC; build depth on the existing canonical page,High,No position inferred; absence from this export is not proof of no impressions
corporate laptop bags,Backpacks & Bags,Commercial,"Not present in top 1,000 export",https://printkee.com/bags-and-travel/backpacks,Existing page,Monitor,Validate demand in GSC; build depth on the existing canonical page,High,No position inferred; absence from this export is not proof of no impressions
custom tote bags,Tote Bags,Commercial,44.2,https://printkee.com/bags-and-travel/tote-bags,Existing page,Monitor,Align existing page with observed query intent,Medium,5 impressions; 0 clicks; 0% CTR
branded tote bags,Tote Bags,Commercial,"Not present in top 1,000 export",https://printkee.com/bags-and-travel/tote-bags,Existing page,Monitor,Validate demand in GSC; build depth on the existing canonical page,High,No position inferred; absence from this export is not proof of no impressions
promotional bags,Backpacks & Bags,Commercial,"Not present in top 1,000 export",https://printkee.com/bags-and-travel/backpacks,Existing page,Monitor,Validate demand in GSC; build depth on the existing canonical page,High,No position inferred; absence from this export is not proof of no impressions
custom travel bags,Backpacks & Bags,Commercial,"Not present in top 1,000 export",https://printkee.com/bags-and-travel/backpacks,Existing page,Monitor,Validate demand in GSC; build depth on the existing canonical page,High,No position inferred; absence from this export is not proof of no impressions
custom wireless charger,Wireless Charging,Commercial,8.95,https://printkee.com/technology-accessories/wireless-charging,Existing page,Tier 1,Align existing page with observed query intent,Protect existing authority,22 impressions; 0 clicks; 0% CTR
customized wireless charger,Wireless Charging,Commercial,8.41,https://printkee.com/technology-accessories/wireless-charging,Existing page,Tier 1,Align existing page with observed query intent,Protect existing authority,17 impressions; 0 clicks; 0% CTR
personalised wireless charger,Wireless Charging,Commercial,9.47,https://printkee.com/technology-accessories/wireless-charging,Existing page,Tier 1,Align existing page with observed query intent,Protect existing authority,17 impressions; 0 clicks; 0% CTR
branded wireless charger,Wireless Charging,Commercial,"Not present in top 1,000 export",https://printkee.com/technology-accessories/wireless-charging,Existing page,Monitor,Validate demand in GSC; build depth on the existing canonical page,High,No position inferred; absence from this export is not proof of no impressions
wireless charger with logo,Wireless Charging,Commercial,22.5,https://printkee.com/technology-accessories/wireless-charging,Existing page,Monitor,Align existing page with observed query intent,Medium,2 impressions; 0 clicks; 0% CTR
printed power bank,Power Banks,Commercial,10.42,https://printkee.com/technology-accessories/power-banks,Existing page,Tier 1,Align existing page with observed query intent,Medium,12 impressions; 0 clicks; 0% CTR
custom power bank,Power Banks,Commercial,"Not present in top 1,000 export",https://printkee.com/technology-accessories/power-banks,Existing page,Monitor,Validate demand in GSC; build depth on the existing canonical page,High,No position inferred; absence from this export is not proof of no impressions
branded power bank,Power Banks,Commercial,"Not present in top 1,000 export",https://printkee.com/technology-accessories/power-banks,Existing page,Monitor,Validate demand in GSC; build depth on the existing canonical page,High,No position inferred; absence from this export is not proof of no impressions
corporate tech gifts,Wireless Charging,Commercial,"Not present in top 1,000 export",https://printkee.com/technology-accessories/wireless-charging,Existing page,Monitor,Validate demand in GSC; build depth on the existing canonical page,High,No position inferred; absence from this export is not proof of no impressions
technology corporate gifts,Wireless Charging,Commercial,"Not present in top 1,000 export",https://printkee.com/technology-accessories/wireless-charging,Existing page,Monitor,Validate demand in GSC; build depth on the existing canonical page,High,No position inferred; absence from this export is not proof of no impressions
custom tech gifts,Wireless Charging,Commercial,"Not present in top 1,000 export",https://printkee.com/technology-accessories/wireless-charging,Existing page,Monitor,Validate demand in GSC; build depth on the existing canonical page,High,No position inferred; absence from this export is not proof of no impressions
branded electronics,Wireless Charging,Commercial,"Not present in top 1,000 export",https://printkee.com/technology-accessories/wireless-charging,Existing page,Monitor,Validate demand in GSC; build depth on the existing canonical page,High,No position inferred; absence from this export is not proof of no impressions
corporate electronics gifts,Wireless Charging,Commercial,"Not present in top 1,000 export",https://printkee.com/technology-accessories/wireless-charging,Existing page,Monitor,Validate demand in GSC; build depth on the existing canonical page,High,No position inferred; absence from this export is not proof of no impressions
custom winter jackets,Winter Wear,Commercial,13.36,https://printkee.com/apparel-and-accessories/winter-wear,Existing page,Tier 1,Align existing page with observed query intent,Medium,53 impressions; 1 clicks; 1.89% CTR
corporate jackets,Winter Wear,Commercial,75.5,https://printkee.com/apparel-and-accessories/winter-wear,Existing page,Monitor,Align existing page with observed query intent,Medium,2 impressions; 0 clicks; 0% CTR
staff jackets,Winter Wear,Commercial,"Not present in top 1,000 export",https://printkee.com/apparel-and-accessories/winter-wear,Existing page,Monitor,Validate demand in GSC; build depth on the existing canonical page,High,No position inferred; absence from this export is not proof of no impressions
employee jackets,Winter Wear,Commercial,"Not present in top 1,000 export",https://printkee.com/apparel-and-accessories/winter-wear,Existing page,Monitor,Validate demand in GSC; build depth on the existing canonical page,High,No position inferred; absence from this export is not proof of no impressions
logo printed jackets,Winter Wear,Commercial,"Not present in top 1,000 export",https://printkee.com/apparel-and-accessories/winter-wear,Existing page,Monitor,Validate demand in GSC; build depth on the existing canonical page,High,No position inferred; absence from this export is not proof of no impressions
corporate winter wear,Winter Wear,Commercial,"Not present in top 1,000 export",https://printkee.com/apparel-and-accessories/winter-wear,Existing page,Monitor,Validate demand in GSC; build depth on the existing canonical page,High,No position inferred; absence from this export is not proof of no impressions
company winter uniforms,Winter Wear,Commercial,"Not present in top 1,000 export",https://printkee.com/apparel-and-accessories/winter-wear,Existing page,Monitor,Validate demand in GSC; build depth on the existing canonical page,High,No position inferred; absence from this export is not proof of no impressions
customised winter wear,Winter Wear,Commercial,5.86,https://printkee.com/apparel-and-accessories/winter-wear,Existing page,Tier 3,Align existing page with observed query intent,Protect existing authority,64 impressions; 0 clicks; 0% CTR
custom ties,Ties,Commercial,14.37,https://printkee.com/apparel-and-accessories/ties,Existing page,Tier 1,Align existing page with observed query intent,Medium,19 impressions; 0 clicks; 0% CTR
custom printed ties,Ties,Commercial,12,https://printkee.com/apparel-and-accessories/ties,Existing page,Monitor,Align existing page with observed query intent,Medium,1 impressions; 1 clicks; 100% CTR
custom printed ties India,Ties,Commercial,7.8,https://printkee.com/apparel-and-accessories/ties,Existing page,Tier 3,Align existing page with observed query intent,Protect existing authority,25 impressions; 0 clicks; 0% CTR
corporate ties,Ties,Commercial,30.19,https://printkee.com/apparel-and-accessories/ties,Existing page,Tier 2,Align existing page with observed query intent,Medium,16 impressions; 0 clicks; 0% CTR
ties with company logo,Ties,Commercial,"Not present in top 1,000 export",https://printkee.com/apparel-and-accessories/ties,Existing page,Monitor,Validate demand in GSC; build depth on the existing canonical page,High,No position inferred; absence from this export is not proof of no impressions
custom neckties,Ties,Commercial,"Not present in top 1,000 export",https://printkee.com/apparel-and-accessories/ties,Existing page,Monitor,Validate demand in GSC; build depth on the existing canonical page,High,No position inferred; absence from this export is not proof of no impressions
branded ties,Ties,Commercial,"Not present in top 1,000 export",https://printkee.com/apparel-and-accessories/ties,Existing page,Monitor,Validate demand in GSC; build depth on the existing canonical page,High,No position inferred; absence from this export is not proof of no impressions
eco friendly corporate gifts,Sustainable Gifts,Commercial,"Not present in top 1,000 export",https://printkee.com/eco-products,Existing page,Monitor,Validate demand in GSC; build depth on the existing canonical page,High,No position inferred; absence from this export is not proof of no impressions
sustainable corporate gifts,Sustainable Gifts,Commercial,"Not present in top 1,000 export",https://printkee.com/eco-products,Existing page,Monitor,Validate demand in GSC; build depth on the existing canonical page,High,No position inferred; absence from this export is not proof of no impressions
eco friendly promotional products,Sustainable Gifts,Commercial,"Not present in top 1,000 export",https://printkee.com/eco-products,Existing page,Monitor,Validate demand in GSC; build depth on the existing canonical page,High,No position inferred; absence from this export is not proof of no impressions
cork corporate gifts,Sustainable Gifts,Commercial,"Not present in top 1,000 export",https://printkee.com/eco-products,Existing page,Monitor,Validate demand in GSC; build depth on the existing canonical page,High,No position inferred; absence from this export is not proof of no impressions
custom cork coasters,Sustainable Gifts,Commercial,12.29,https://printkee.com/eco-products,Existing page,Tier 1,Align existing page with observed query intent,Medium,17 impressions; 0 clicks; 0% CTR
printed cork coasters,Sustainable Gifts,Commercial,10.18,https://printkee.com/eco-products,Existing page,Tier 1,Align existing page with observed query intent,Medium,11 impressions; 0 clicks; 0% CTR
eco friendly merchandise,Sustainable Gifts,Commercial,"Not present in top 1,000 export",https://printkee.com/eco-products,Existing page,Monitor,Validate demand in GSC; build depth on the existing canonical page,High,No position inferred; absence from this export is not proof of no impressions
sustainable promotional products,Sustainable Gifts,Commercial,"Not present in top 1,000 export",https://printkee.com/eco-products,Existing page,Monitor,Validate demand in GSC; build depth on the existing canonical page,High,No position inferred; absence from this export is not proof of no impressions
event merchandise,Event Merchandise,Commercial,"Not present in top 1,000 export",https://printkee.com/collection,Existing page,Monitor,Validate demand in GSC; build depth on the existing canonical page,High,No position inferred; absence from this export is not proof of no impressions
event merchandise India,Event Merchandise,Commercial,8.41,https://printkee.com/collection,Existing page,Tier 1,Align existing page with observed query intent,Protect existing authority,17 impressions; 0 clicks; 0% CTR
conference merchandise,Event Merchandise,Commercial,"Not present in top 1,000 export",https://printkee.com/collection,Existing page,Monitor,Validate demand in GSC; build depth on the existing canonical page,High,No position inferred; absence from this export is not proof of no impressions
conference giveaways,Event Merchandise,Commercial,"Not present in top 1,000 export",https://printkee.com/collection,Existing page,Monitor,Validate demand in GSC; build depth on the existing canonical page,High,No position inferred; absence from this export is not proof of no impressions
event giveaways,Event Merchandise,Commercial,"Not present in top 1,000 export",https://printkee.com/collection,Existing page,Monitor,Validate demand in GSC; build depth on the existing canonical page,High,No position inferred; absence from this export is not proof of no impressions
custom event merchandise,Event Merchandise,Commercial,"Not present in top 1,000 export",https://printkee.com/collection,Existing page,Monitor,Validate demand in GSC; build depth on the existing canonical page,High,No position inferred; absence from this export is not proof of no impressions
expo merchandise,Event Merchandise,Commercial,"Not present in top 1,000 export",https://printkee.com/collection,Existing page,Monitor,Validate demand in GSC; build depth on the existing canonical page,High,No position inferred; absence from this export is not proof of no impressions
conference gifts,Event Merchandise,Commercial,"Not present in top 1,000 export",https://printkee.com/collection,Existing page,Monitor,Validate demand in GSC; build depth on the existing canonical page,High,No position inferred; absence from this export is not proof of no impressions
event promotional products,Event Merchandise,Commercial,"Not present in top 1,000 export",https://printkee.com/collection,Existing page,Monitor,Validate demand in GSC; build depth on the existing canonical page,High,No position inferred; absence from this export is not proof of no impressions
corporate Diwali gifts,Diwali Gifting,Commercial,"Not present in top 1,000 export",https://printkee.com/diwali-special,Existing page,Monitor,Validate demand in GSC; build depth on the existing canonical page,High,No position inferred; absence from this export is not proof of no impressions
corporate Diwali gifts India,Diwali Gifting,Commercial,"Not present in top 1,000 export",https://printkee.com/diwali-special,Existing page,Monitor,Validate demand in GSC; build depth on the existing canonical page,High,No position inferred; absence from this export is not proof of no impressions
corporate Diwali gifts Delhi,Diwali Gifting,Commercial,"Not present in top 1,000 export",https://printkee.com/diwali-special,Existing page,Monitor,Validate demand in GSC; build depth on the existing canonical page,High,No position inferred; absence from this export is not proof of no impressions
corporate Diwali gifts Delhi NCR,Diwali Gifting,Commercial,"Not present in top 1,000 export",https://printkee.com/diwali-special,Existing page,Monitor,Validate demand in GSC; build depth on the existing canonical page,High,No position inferred; absence from this export is not proof of no impressions
Diwali gifts for employees,Diwali Gifting,Commercial,"Not present in top 1,000 export",https://printkee.com/diwali-special,Existing page,Monitor,Validate demand in GSC; build depth on the existing canonical page,High,No position inferred; absence from this export is not proof of no impressions
Diwali gifts for clients,Diwali Gifting,Commercial,"Not present in top 1,000 export",https://printkee.com/diwali-special,Existing page,Monitor,Validate demand in GSC; build depth on the existing canonical page,High,No position inferred; absence from this export is not proof of no impressions
bulk Diwali gifts,Diwali Gifting,Commercial,"Not present in top 1,000 export",https://printkee.com/diwali-special,Existing page,Monitor,Validate demand in GSC; build depth on the existing canonical page,High,No position inferred; absence from this export is not proof of no impressions
customized Diwali gifts,Diwali Gifting,Commercial,"Not present in top 1,000 export",https://printkee.com/diwali-special,Existing page,Monitor,Validate demand in GSC; build depth on the existing canonical page,High,No position inferred; absence from this export is not proof of no impressions
corporate Diwali hampers,Diwali Gifting,Commercial,"Not present in top 1,000 export",https://printkee.com/diwali-special,Existing page,Monitor,Validate demand in GSC; build depth on the existing canonical page,High,No position inferred; absence from this export is not proof of no impressions
employee Diwali hampers,Diwali Gifting,Commercial,"Not present in top 1,000 export",https://printkee.com/diwali-special,Existing page,Monitor,Validate demand in GSC; build depth on the existing canonical page,High,No position inferred; absence from this export is not proof of no impressions
